name,region,delegation,commune,category_code,category_name,facility_type,departments
Imzouren,Tanger-Tetouan-Al Hoceima,Al Hoceima,Imzouren,HPr,Hôpital de Proximité,Hôpital,"Médecine générale,Soins d'urgence,Laboratoire,Pédiatrie"
C. d'oncologie d'Al Hoceima,Tanger-Tetouan-Al Hoceima,Al Hoceima,Al Hoceima,CRO,Centre Régional d'Oncologie,Hôpital,"Oncologie,Chimiothérapie,Radiothérapie,Hématologie oncologie"
Mohamed V,Tanger-Tetouan-Al Hoceima,Al Hoceima,Al Hoceima,HP,Hôpital Préfectoral,Hôpital,"Médecine générale,Chirurgie,Pédiatrie,Gynécologie,Urgences,Laboratoire,Radiologie"
Targuist,Tanger-Tetouan-Al Hoceima,Al Hoceima,Targuist,HPr,Hôpital de Proximité,Hôpital,"Médecine générale,Soins d'urgence,Laboratoire,Pédiatrie"
Mohammed VI,Tanger-Tetouan-Al Hoceima,Al Hoceima,Ait Youssef Ou Ali,HP,Hôpital Préfectoral,Hôpital,"Médecine générale,Chirurgie,Pédiatrie,Gynécologie,Urgences,Laboratoire,Radiologie"
Mohamed V,Tanger-Tetouan-Al Hoceima,Chefchaouen,Chefchaouen,HP,Hôpital Préfectoral,Hôpital,"Médecine générale,Chirurgie,Pédiatrie,Gynécologie,Urgences,Laboratoire,Radiologie"
Ksar El Kebir,Tanger-Tetouan-Al Hoceima,Larache,Ksar El Kebir,HPr,Hôpital de Proximité,Hôpital,"Médecine générale,Soins d'urgence,Laboratoire,Pédiatrie"
Lalla Meriem,Tanger-Tetouan-Al Hoceima,Larache,Larache,HP,Hôpital Préfectoral,Hôpital,"Médecine générale,Chirurgie,Pédiatrie,Gynécologie,Urgences,Laboratoire,Radiologie"
Abou Kacem Zahraoui,Tanger-Tetouan-Al Hoceima,Ouezzane,Ouezzane,HP,Hôpital Préfectoral,Hôpital,"Médecine générale,Chirurgie,Pédiatrie,Gynécologie,Urgences,Laboratoire,Radiologie"
Duc De Tovar,Tanger-Tetouan-Al Hoceima,Tanger Assilah,Al Madina,HR,Hôpital Régional,Hôpital,"Médecine générale,Chirurgie,Pédiatrie,Gynécologie,Cardiologie,Neurologie,Urgences,Radiologie,Laboratoire,Maternité"
Al Kortobi,Tanger-Tetouan-Al Hoceima,Tanger Assilah,Al Madina,HR,Hôpital Régional,Hôpital,"Médecine générale,Chirurgie,Pédiatrie,Gynécologie,Cardiologie,Neurologie,Urgences,Radiologie,Laboratoire,Maternité"
Mohamed V,Tanger-Tetouan-Al Hoceima,Tanger Assilah,Al Madina,HR,Hôpital Régional,Hôpital,"Médecine générale,Chirurgie,Pédiatrie,Gynécologie,Cardiologie,Neurologie,Urgences,Radiologie,Laboratoire,Maternité"
Mohammed Vi,Tanger-Tetouan-Al Hoceima,Tanger Assilah,Bni Makada,HPr,Hôpital de Proximité,Hôpital,"Médecine générale,Soins d'urgence,Laboratoire,Pédiatrie"
Centre d'oncologie,Tanger-Tetouan-Al Hoceima,Tanger Assilah,Al Madina,HIR,Hôpital Intégré de Référence,Hôpital,"Médecine générale,Chirurgie,Pédiatrie,Gynécologie,Cardiologie,Neurologie,Urgences,Radiologie,Laboratoire,Réanimation,Maternité"
Arrazi,Tanger-Tetouan-Al Hoceima,Tanger Assilah,Mghogha,HPsyR,Hôpital Psychiatrique Régional,Hôpital,"Psychiatrie,Santé mentale,Addictologie"
Assilah,Tanger-Tetouan-Al Hoceima,Tanger Assilah,Assilah,HPr,Hôpital de Proximité,Hôpital,"Médecine générale,Soins d'urgence,Laboratoire,Pédiatrie"
Hôpital des spécialité Mohamed VI,Tanger-Tetouan-Al Hoceima,Tanger Assilah,Gueznaia,HIR,Hôpital Intégré de Référence,Hôpital,"Médecine générale,Chirurgie,Pédiatrie,Gynécologie,Cardiologie,Neurologie,Urgences,Radiologie,Laboratoire,Réanimation,Maternité"
Hôpital psychiatrique Mohamed VI,Tanger-Tetouan-Al Hoceima,Tanger Assilah,Gueznaia,CPU,Centre Psychiatrique Universitaire,Hôpital,"Psychiatrie,Santé mentale,Addictologie"
Hôpital mère enfant Mohamed VI,Tanger-Tetouan-Al Hoceima,Tanger Assilah,Gueznaia,HIR,Hôpital Intégré de Référence,Hôpital,"Médecine générale,Chirurgie,Pédiatrie,Gynécologie,Cardiologie,Neurologie,Urgences,Radiologie,Laboratoire,Réanimation,Maternité"
Hôpital.Civil,Tanger-Tetouan-Al Hoceima,Tetouan,Tétouan,HP,Hôpital Préfectoral,Hôpital,"Médecine générale,Chirurgie,Pédiatrie,Gynécologie,Urgences,Laboratoire,Radiologie"
Errazi,Tanger-Tetouan-Al Hoceima,Tetouan,Tétouan,HPsyP,Hôpital Psychiatrique Préfectoral,Hôpital,"Psychiatrie,Santé mentale"
Ben Karrich,Tanger-Tetouan-Al Hoceima,Tetouan,Dar Bni Karrich,HP,Hôpital Préfectoral,Hôpital,"Médecine générale,Chirurgie,Pédiatrie,Gynécologie,Urgences,Laboratoire,Radiologie"
Mohammed VI,Tanger-Tetouan-Al Hoceima,Mdiq-Fnideq,M'Diq,HP,Hôpital Préfectoral,Hôpital,"Médecine générale,Chirurgie,Pédiatrie,Gynécologie,Urgences,Laboratoire,Radiologie"
Hassan II,Tanger-Tetouan-Al Hoceima,Mdiq-Fnideq,Fnideq,HPr,Hôpital de Proximité,Hôpital,"Médecine générale,Soins d'urgence,Laboratoire,Pédiatrie"
Edderak,Oriental,Berkane,Berkane,HP,Hôpital Préfectoral,Hôpital,"Médecine générale,Chirurgie,Pédiatrie,Gynécologie,Urgences,Laboratoire,Radiologie"
Ahfir,Oriental,Berkane,Ahfir,HPr,Hôpital de Proximité,Hôpital,"Médecine générale,Soins d'urgence,Laboratoire,Pédiatrie"
Saidia,Oriental,Berkane,Saidia,HPr,Hôpital de Proximité,Hôpital,"Médecine générale,Soins d'urgence,Laboratoire,Pédiatrie"
Midar,Oriental,Driouch,Midar,HPr,Hôpital de Proximité,Hôpital,"Médecine générale,Soins d'urgence,Laboratoire,Pédiatrie"
Driouch,Oriental,Driouch,Driouch,HP,Hôpital Préfectoral,Hôpital,"Médecine générale,Chirurgie,Pédiatrie,Gynécologie,Urgences,Laboratoire,Radiologie"
Figuig,Oriental,Figuig,Figuig,HPr,Hôpital de Proximité,Hôpital,"Médecine générale,Soins d'urgence,Laboratoire,Pédiatrie"
Hassan II,Oriental,Figuig,Bouarfa,HP,Hôpital Préfectoral,Hôpital,"Médecine générale,Chirurgie,Pédiatrie,Gynécologie,Urgences,Laboratoire,Radiologie"
Talsint,Oriental,Figuig,Talsint,HPr,Hôpital de Proximité,Hôpital,"Médecine générale,Soins d'urgence,Laboratoire,Pédiatrie"
Guercif,Oriental,Guercif,Guercif,HP,Hôpital Préfectoral,Hôpital,"Médecine générale,Chirurgie,Pédiatrie,Gynécologie,Urgences,Laboratoire,Radiologie"
Jrada,Oriental,Jerada,Laaouinate,HP,Hôpital Préfectoral,Hôpital,"Médecine générale,Chirurgie,Pédiatrie,Gynécologie,Urgences,Laboratoire,Radiologie"
Mohammed Vi,Oriental,Nador,Al Aaroui,HPr,Hôpital de Proximité,Hôpital,"Médecine générale,Soins d'urgence,Laboratoire,Pédiatrie"
Zaio,Oriental,Nador,Zaio,HPr,Hôpital de Proximité,Hôpital,"Médecine générale,Soins d'urgence,Laboratoire,Pédiatrie"
Hassani,Oriental,Nador,Nador,HP,Hôpital Préfectoral,Hôpital,"Médecine générale,Chirurgie,Pédiatrie,Gynécologie,Urgences,Laboratoire,Radiologie"
Al Farabi,Oriental,Oujda Angad,Oujda,HR,Hôpital Régional,Hôpital,"Médecine générale,Chirurgie,Pédiatrie,Gynécologie,Cardiologie,Neurologie,Urgences,Radiologie,Laboratoire,Maternité"
Hôpital Psychiatrique,Oriental,Oujda Angad,Oujda,CPU,Centre Psychiatrique Universitaire,Hôpital,"Psychiatrie,Santé mentale,Addictologie"
Hôpital des Spécialitéss,Oriental,Oujda Angad,Oujda,HIR,Hôpital Intégré de Référence,Hôpital,"Médecine générale,Chirurgie,Pédiatrie,Gynécologie,Cardiologie,Neurologie,Urgences,Radiologie,Laboratoire,Réanimation,Maternité"
Hôpital Mère-Enfant,Oriental,Oujda Angad,Oujda,HIR,Hôpital Intégré de Référence,Hôpital,"Médecine générale,Chirurgie,Pédiatrie,Gynécologie,Cardiologie,Neurologie,Urgences,Radiologie,Laboratoire,Réanimation,Maternité"
Centre d'oncoligie Hassan II,Oriental,Oujda Angad,Sidi Moussa Lemhaya,HIR,Hôpital Intégré de Référence,Hôpital,"Médecine générale,Chirurgie,Pédiatrie,Gynécologie,Cardiologie,Neurologie,Urgences,Radiologie,Laboratoire,Réanimation,Maternité"
Taourirt,Oriental,Taourirt,Taourirt,HP,Hôpital Préfectoral,Hôpital,"Médecine générale,Chirurgie,Pédiatrie,Gynécologie,Urgences,Laboratoire,Radiologie"
HPr Laayoune Sidi Mellouk,Oriental,Taourirt,El Aioun Sidi Mellouk,HPr,Hôpital de Proximité,Hôpital,"Médecine générale,Soins d'urgence,Laboratoire,Pédiatrie"
Centre d'oncologie,Fès-Meknès,Meknes,Meknès,CRO,Centre Régional d'Oncologie,Hôpital,"Oncologie,Chimiothérapie,Radiothérapie,Hématologie oncologie"
Moulay Ismail,Fès-Meknès,Meknes,Meknès,HP,Hôpital Préfectoral,Hôpital,"Médecine générale,Chirurgie,Pédiatrie,Gynécologie,Urgences,Laboratoire,Radiologie"
Pagnon,Fès-Meknès,Meknes,Meknès,HP,Hôpital Préfectoral,Hôpital,"Médecine générale,Chirurgie,Pédiatrie,Gynécologie,Urgences,Laboratoire,Radiologie"
Mohamed V,Fès-Meknès,Meknes,Meknès,HP,Hôpital Préfectoral,Hôpital,"Médecine générale,Chirurgie,Pédiatrie,Gynécologie,Urgences,Laboratoire,Radiologie"
Sidi Said,Fès-Meknès,Meknes,Meknès,HP,Hôpital Préfectoral,Hôpital,"Médecine générale,Chirurgie,Pédiatrie,Gynécologie,Urgences,Laboratoire,Radiologie"
Marche Verte,Fès-Meknès,Boulemane,Missour,HP,Hôpital Préfectoral,Hôpital,"Médecine générale,Chirurgie,Pédiatrie,Gynécologie,Urgences,Laboratoire,Radiologie"
S. Ahmed B. Driss Missouri,Fès-Meknès,Boulemane,Outat El Haj,HPr,Hôpital de Proximité,Hôpital,"Médecine générale,Soins d'urgence,Laboratoire,Pédiatrie"
Prince My Hassan,Fès-Meknès,El Hajeb,El Hajeb,HP,Hôpital Préfectoral,Hôpital,"Médecine générale,Chirurgie,Pédiatrie,Gynécologie,Urgences,Laboratoire,Radiologie"
Omar Drissi,Fès-Meknès,Fes,Fès-Médina,HIR,Hôpital Intégré de Référence,Hôpital,"Médecine générale,Chirurgie,Pédiatrie,Gynécologie,Cardiologie,Neurologie,Urgences,Radiologie,Laboratoire,Réanimation,Maternité"
Ibn Al Baitar,Fès-Meknès,Fes,Agdal,HR,Hôpital Régional,Hôpital,"Médecine générale,Chirurgie,Pédiatrie,Gynécologie,Cardiologie,Neurologie,Urgences,Radiologie,Laboratoire,Maternité"
Ibn Al Hassan,Fès-Meknès,Fes,El Mariniyine,CPU,Centre Psychiatrique Universitaire,Hôpital,"Psychiatrie,Santé mentale,Addictologie"
Ibn Al Khatib,Fès-Meknès,Fes,El Mariniyine,HR,Hôpital Régional,Hôpital,"Médecine générale,Chirurgie,Pédiatrie,Gynécologie,Cardiologie,Neurologie,Urgences,Radiologie,Laboratoire,Maternité"
Al Ghassani,Fès-Meknès,Fes,Agdal,HR,Hôpital Régional,Hôpital,"Médecine générale,Chirurgie,Pédiatrie,Gynécologie,Cardiologie,Neurologie,Urgences,Radiologie,Laboratoire,Maternité"
Hôpital d'Oncologie,Fès-Meknès,Fes,Saiss,HIR,Hôpital Intégré de Référence,Hôpital,"Médecine générale,Chirurgie,Pédiatrie,Gynécologie,Cardiologie,Neurologie,Urgences,Radiologie,Laboratoire,Réanimation,Maternité"
Hôpital des spécialités,Fès-Meknès,Fes,Saiss,HIR,Hôpital Intégré de Référence,Hôpital,"Médecine générale,Chirurgie,Pédiatrie,Gynécologie,Cardiologie,Neurologie,Urgences,Radiologie,Laboratoire,Réanimation,Maternité"
Hôpital Mère-Enfant,Fès-Meknès,Fes,Saiss,HIR,Hôpital Intégré de Référence,Hôpital,"Médecine générale,Chirurgie,Pédiatrie,Gynécologie,Cardiologie,Neurologie,Urgences,Radiologie,Laboratoire,Réanimation,Maternité"
20 Aout (Azrou),Fès-Meknès,Ifrane,Azrou,HP,Hôpital Préfectoral,Hôpital,"Médecine générale,Chirurgie,Pédiatrie,Gynécologie,Urgences,Laboratoire,Radiologie"
Mohamed V,Fès-Meknès,Sefrou,Sefrou,HP,Hôpital Préfectoral,Hôpital,"Médecine générale,Chirurgie,Pédiatrie,Gynécologie,Urgences,Laboratoire,Radiologie"
Hassan II,Fès-Meknès,Taounate,Ghafsai,HPr,Hôpital de Proximité,Hôpital,"Médecine générale,Soins d'urgence,Laboratoire,Pédiatrie"
Taounate,Fès-Meknès,Taounate,Taounate,HP,Hôpital Préfectoral,Hôpital,"Médecine générale,Chirurgie,Pédiatrie,Gynécologie,Urgences,Laboratoire,Radiologie"
Ibn Baja,Fès-Meknès,Taza,Taza,HP,Hôpital Préfectoral,Hôpital,"Médecine générale,Chirurgie,Pédiatrie,Gynécologie,Urgences,Laboratoire,Radiologie"
Al Idrissi,Rabat-Salé-Kénitra,Kenitra,Kénitra,HP,Hôpital Préfectoral,Hôpital,"Médecine générale,Chirurgie,Pédiatrie,Gynécologie,Urgences,Laboratoire,Radiologie"
Azzamouri,Rabat-Salé-Kénitra,Kenitra,Kénitra,HP,Hôpital Préfectoral,Hôpital,"Médecine générale,Chirurgie,Pédiatrie,Gynécologie,Urgences,Laboratoire,Radiologie"
Zoubir Skirej,Rabat-Salé-Kénitra,Kenitra,Souk El Arbaa,HPr,Hôpital de Proximité,Hôpital,"Médecine générale,Soins d'urgence,Laboratoire,Pédiatrie"
Tiflet,Rabat-Salé-Kénitra,Khémisset,Tiflet,HPr,Hôpital de Proximité,Hôpital,"Médecine générale,Soins d'urgence,Laboratoire,Pédiatrie"
Khémisset,Rabat-Salé-Kénitra,Khémisset,Khémisset,HP,Hôpital Préfectoral,Hôpital,"Médecine générale,Chirurgie,Pédiatrie,Gynécologie,Urgences,Laboratoire,Radiologie"
Roummani,Rabat-Salé-Kénitra,Khémisset,Rommani,HPr,Hôpital de Proximité,Hôpital,"Médecine générale,Soins d'urgence,Laboratoire,Pédiatrie"
Moulay Youssef (Ancien hôpital de Rabat),Rabat-Salé-Kénitra,Rabat,Hassan,HR,Hôpital Régional,Hôpital,"Médecine générale,Chirurgie,Pédiatrie,Gynécologie,Cardiologie,Neurologie,Urgences,Radiologie,Laboratoire,Maternité"
Med Ben Abdellah,Rabat-Salé-Kénitra,Rabat,Agdal Riyad,HIR,Hôpital Intégré de Référence,Hôpital,"Médecine générale,Chirurgie,Pédiatrie,Gynécologie,Cardiologie,Neurologie,Urgences,Radiologie,Laboratoire,Réanimation,Maternité"
Maternité Orangers,Rabat-Salé-Kénitra,Rabat,Agdal Riyad,HIR,Hôpital Intégré de Référence,Hôpital,"Médecine générale,Chirurgie,Pédiatrie,Gynécologie,Cardiologie,Neurologie,Urgences,Radiologie,Laboratoire,Réanimation,Maternité"
Hôpital D'enfants,Rabat-Salé-Kénitra,Rabat,Agdal Riyad,HIR,Hôpital Intégré de Référence,Hôpital,"Médecine générale,Chirurgie,Pédiatrie,Gynécologie,Cardiologie,Neurologie,Urgences,Radiologie,Laboratoire,Réanimation,Maternité"
Hôpital Des Spécialités,Rabat-Salé-Kénitra,Rabat,Agdal Riyad,HIR,Hôpital Intégré de Référence,Hôpital,"Médecine générale,Chirurgie,Pédiatrie,Gynécologie,Cardiologie,Neurologie,Urgences,Radiologie,Laboratoire,Réanimation,Maternité"
Ibn Sina,Rabat-Salé-Kénitra,Rabat,Agdal Riyad,HIR,Hôpital Intégré de Référence,Hôpital,"Médecine générale,Chirurgie,Pédiatrie,Gynécologie,Cardiologie,Neurologie,Urgences,Radiologie,Laboratoire,Réanimation,Maternité"
Maternité Souissi,Rabat-Salé-Kénitra,Rabat,Agdal Riyad,HIR,Hôpital Intégré de Référence,Hôpital,"Médecine générale,Chirurgie,Pédiatrie,Gynécologie,Cardiologie,Neurologie,Urgences,Radiologie,Laboratoire,Réanimation,Maternité"
Moulay Abdellah (Hôp.préféctoral),Rabat-Salé-Kénitra,Salé,Hssaine,HP,Hôpital Préfectoral,Hôpital,"Médecine générale,Chirurgie,Pédiatrie,Gynécologie,Urgences,Laboratoire,Radiologie"
El Ayachi,Rabat-Salé-Kénitra,Salé,Bab Lamrissa,HIR,Hôpital Intégré de Référence,Hôpital,"Médecine générale,Chirurgie,Pédiatrie,Gynécologie,Cardiologie,Neurologie,Urgences,Radiologie,Laboratoire,Réanimation,Maternité"
My Youssef,Rabat-Salé-Kénitra,Salé,Tabriquet,HIR,Hôpital Intégré de Référence,Hôpital,"Médecine générale,Chirurgie,Pédiatrie,Gynécologie,Cardiologie,Neurologie,Urgences,Radiologie,Laboratoire,Réanimation,Maternité"
Arrazi,Rabat-Salé-Kénitra,Salé,Tabriquet,CPU,Centre Psychiatrique Universitaire,Hôpital,"Psychiatrie,Santé mentale,Addictologie"
Sidi Kacem,Rabat-Salé-Kénitra,Sidi Kacem,Sidi Kacem,HP,Hôpital Préfectoral,Hôpital,"Médecine générale,Chirurgie,Pédiatrie,Gynécologie,Urgences,Laboratoire,Radiologie"
Jorf Elmelha,Rabat-Salé-Kénitra,Sidi Kacem,Jorf El Melha,HPr,Hôpital de Proximité,Hôpital,"Médecine générale,Soins d'urgence,Laboratoire,Pédiatrie"
Sidi Slimane,Rabat-Salé-Kénitra,Sidi Slimane,Sidi Slimane,HP,Hôpital Préfectoral,Hôpital,"Médecine générale,Chirurgie,Pédiatrie,Gynécologie,Urgences,Laboratoire,Radiologie"
Princesse Lalla Aicha (Ancien Sidi Lahcen),Rabat-Salé-Kénitra,Skhirate-Temara,Témara,HP,Hôpital Préfectoral,Hôpital,"Médecine générale,Chirurgie,Pédiatrie,Gynécologie,Urgences,Laboratoire,Radiologie"
Demnate,Béni Mellal-Khénifra,Azilal,Demnate,HPr,Hôpital de Proximité,Hôpital,"Médecine générale,Soins d'urgence,Laboratoire,Pédiatrie"
Haut Atlas Central,Béni Mellal-Khénifra,Azilal,Azilal,HP,Hôpital Préfectoral,Hôpital,"Médecine générale,Chirurgie,Pédiatrie,Gynécologie,Urgences,Laboratoire,Radiologie"
Moulay Ismail,Béni Mellal-Khénifra,Beni Mellal,Kasba Tadla,HPr,Hôpital de Proximité,Hôpital,"Médecine générale,Soins d'urgence,Laboratoire,Pédiatrie"
Beni Mellal,Béni Mellal-Khénifra,Beni Mellal,Béni Mellal,HR,Hôpital Régional,Hôpital,"Médecine générale,Chirurgie,Pédiatrie,Gynécologie,Cardiologie,Neurologie,Urgences,Radiologie,Laboratoire,Maternité"
Beni Mellal,Béni Mellal-Khénifra,Beni Mellal,Ouled M'Barek,CRO,Centre Régional d'Oncologie,Hôpital,"Oncologie,Chimiothérapie,Radiothérapie,Hématologie oncologie"
Souk Sebt,Béni Mellal-Khénifra,Fkih Ben Saleh,Fquih Ben Salah,HPr,Hôpital de Proximité,Hôpital,"Médecine générale,Soins d'urgence,Laboratoire,Pédiatrie"
Fquih Ben Salah,Béni Mellal-Khénifra,Fkih Ben Saleh,Fquih Ben Salah,HP,Hôpital Préfectoral,Hôpital,"Médecine générale,Chirurgie,Pédiatrie,Gynécologie,Urgences,Laboratoire,Radiologie"
M'Rirt,Béni Mellal-Khénifra,Khenifra,M'Rirt,HPr,Hôpital de Proximité,Hôpital,"Médecine générale,Soins d'urgence,Laboratoire,Pédiatrie"
Khenifra,Béni Mellal-Khénifra,Khenifra,Khenifra,HP,Hôpital Préfectoral,Hôpital,"Médecine générale,Chirurgie,Pédiatrie,Gynécologie,Urgences,Laboratoire,Radiologie"
Hassan II,Béni Mellal-Khénifra,Khouribga,Khouribga,HP,Hôpital Préfectoral,Hôpital,"Médecine générale,Chirurgie,Pédiatrie,Gynécologie,Urgences,Laboratoire,Radiologie"
Mohamed VI,Béni Mellal-Khénifra,Khouribga,Bejaad,HPr,Hôpital de Proximité,Hôpital,"Médecine générale,Soins d'urgence,Laboratoire,Pédiatrie"
Oued.Zem,Béni Mellal-Khénifra,Khouribga,Oued Zem,HPr,Hôpital de Proximité,Hôpital,"Médecine générale,Soins d'urgence,Laboratoire,Pédiatrie"
Benslimane (Hassan II),Casablanca-Settat,Benslimane,Benslimane,HP,Hôpital Préfectoral,Hôpital,"Médecine générale,Chirurgie,Pédiatrie,Gynécologie,Urgences,Laboratoire,Radiologie"
Berrchid,Casablanca-Settat,Berrechid,Berrechid,HP,Hôpital Préfectoral,Hôpital,"Médecine générale,Chirurgie,Pédiatrie,Gynécologie,Urgences,Laboratoire,Radiologie"
Errazi,Casablanca-Settat,Berrechid,Berrechid,HPsyP,Hôpital Psychiatrique Préfectoral,Hôpital,"Psychiatrie,Santé mentale"
Azemmour,Casablanca-Settat,El Jadida,Azemmour,HPr,Hôpital de Proximité,Hôpital,"Médecine générale,Soins d'urgence,Laboratoire,Pédiatrie"
Mohamed V,Casablanca-Settat,El Jadida,El Jadida,HP,Hôpital Préfectoral,Hôpital,"Médecine générale,Chirurgie,Pédiatrie,Gynécologie,Urgences,Laboratoire,Radiologie"
Mediouna,Casablanca-Settat,Mediouna,Mediouna,HP,Hôpital Préfectoral,Hôpital,"Médecine générale,Chirurgie,Pédiatrie,Gynécologie,Urgences,Laboratoire,Radiologie"
Tit Mellil,Casablanca-Settat,Mediouna,Sidi Hajjaj Oued Hassar,HPsyP,Hôpital Psychiatrique Préfectoral,Hôpital,"Psychiatrie,Santé mentale"
My Abdellah,Casablanca-Settat,Mohammedia,Mohammadia,HP,Hôpital Préfectoral,Hôpital,"Médecine générale,Chirurgie,Pédiatrie,Gynécologie,Urgences,Laboratoire,Radiologie"
Bouskoura,Casablanca-Settat,Nouaceur,Bouskoura,HPr,Hôpital de Proximité,Hôpital,"Médecine générale,Soins d'urgence,Laboratoire,Pédiatrie"
Prince My Hassan,Casablanca-Settat,Nouaceur,Dar Bouazza,HP,Hôpital Préfectoral,Hôpital,"Médecine générale,Chirurgie,Pédiatrie,Gynécologie,Urgences,Laboratoire,Radiologie"
Hassan II,Casablanca-Settat,Settat,Settat,HP,Hôpital Préfectoral,Hôpital,"Médecine générale,Chirurgie,Pédiatrie,Gynécologie,Urgences,Laboratoire,Radiologie"
Ben Ahmed,Casablanca-Settat,Settat,Ben Ahmed,HPr,Hôpital de Proximité,Hôpital,"Médecine générale,Soins d'urgence,Laboratoire,Pédiatrie"
Sidi Bennour,Casablanca-Settat,Sidi Bennour,Sidi Bennour,HP,Hôpital Préfectoral,Hôpital,"Médecine générale,Chirurgie,Pédiatrie,Gynécologie,Urgences,Laboratoire,Radiologie"
Zmamra,Casablanca-Settat,Sidi Bennour,Zemamra,HPr,Hôpital de Proximité,Hôpital,"Médecine générale,Soins d'urgence,Laboratoire,Pédiatrie"
20 Aout 1953,Casablanca-Settat,Casablanca Anfa,El Maarif,HIR,Hôpital Intégré de Référence,Hôpital,"Médecine générale,Chirurgie,Pédiatrie,Gynécologie,Cardiologie,Neurologie,Urgences,Radiologie,Laboratoire,Réanimation,Maternité"
Ibn Rochd,Casablanca-Settat,Casablanca Anfa,El Maarif,HIR,Hôpital Intégré de Référence,Hôpital,"Médecine générale,Chirurgie,Pédiatrie,Gynécologie,Cardiologie,Neurologie,Urgences,Radiologie,Laboratoire,Réanimation,Maternité"
Hôpital D'enfants,Casablanca-Settat,Casablanca Anfa,El Maarif,HIR,Hôpital Intégré de Référence,Hôpital,"Médecine générale,Chirurgie,Pédiatrie,Gynécologie,Cardiologie,Neurologie,Urgences,Radiologie,Laboratoire,Réanimation,Maternité"
My Youssef,Casablanca-Settat,Casablanca Anfa,Sidi Belyout,HR,Hôpital Régional,Hôpital,"Médecine générale,Chirurgie,Pédiatrie,Gynécologie,Cardiologie,Neurologie,Urgences,Radiologie,Laboratoire,Maternité"
Mohamed Baouafi,Casablanca-Settat,Al Fida-Mers Sultan,Al-Fida,HP,Hôpital Préfectoral,Hôpital,"Médecine générale,Chirurgie,Pédiatrie,Gynécologie,Urgences,Laboratoire,Radiologie"
Mohamed V,Casablanca-Settat,Aïn Sebaâ-Hay Mohammadi,Hay Mohammadi,HP,Hôpital Préfectoral,Hôpital,"Médecine générale,Chirurgie,Pédiatrie,Gynécologie,Urgences,Laboratoire,Radiologie"
El Hassani,Casablanca-Settat,Hay Hassani,Hay-Hassani,HP,Hôpital Préfectoral,Hôpital,"Médecine générale,Chirurgie,Pédiatrie,Gynécologie,Urgences,Laboratoire,Radiologie"
Centre de Léprologie,Casablanca-Settat,Aïn Chok,Aîn-Chock,HP,Hôpital Préfectoral,Hôpital,"Médecine générale,Chirurgie,Pédiatrie,Gynécologie,Urgences,Laboratoire,Radiologie"
Mohamed Sekkat,Casablanca-Settat,Aïn Chok,Aîn-Chock,HP,Hôpital Préfectoral,Hôpital,"Médecine générale,Chirurgie,Pédiatrie,Gynécologie,Urgences,Laboratoire,Radiologie"
HPr Sidi Moumen,Casablanca-Settat,Sidi Bernoussi,Sidi Moumen,HPr,Hôpital de Proximité,Hôpital,"Médecine générale,Soins d'urgence,Laboratoire,Pédiatrie"
Al Mansour,Casablanca-Settat,Sidi Bernoussi,Sidi Bernoussi,HP,Hôpital Préfectoral,Hôpital,"Médecine générale,Chirurgie,Pédiatrie,Gynécologie,Urgences,Laboratoire,Radiologie"
Ben Msick,Casablanca-Settat,Ben Msick,Ben M'Sick,HP,Hôpital Préfectoral,Hôpital,"Médecine générale,Chirurgie,Pédiatrie,Gynécologie,Urgences,Laboratoire,Radiologie"
Sidi Othmane,Casablanca-Settat,Moulay Rachid,Sidi Othmane,HP,Hôpital Préfectoral,Hôpital,"Médecine générale,Chirurgie,Pédiatrie,Gynécologie,Urgences,Laboratoire,Radiologie"
Mohammed VI,Marrakech-Safi,Al Haouz,Tahannaout,HP,Hôpital Préfectoral,Hôpital,"Médecine générale,Chirurgie,Pédiatrie,Gynécologie,Urgences,Laboratoire,Radiologie"
Mohamed Vi,Marrakech-Safi,Chichaoua,Chichaoua,HP,Hôpital Préfectoral,Hôpital,"Médecine générale,Chirurgie,Pédiatrie,Gynécologie,Urgences,Laboratoire,Radiologie"
Princesse Lalla Khadija,Marrakech-Safi,El Kelaa Des Sraghna,Tamallalt,HPr,Hôpital de Proximité,Hôpital,"Médecine générale,Soins d'urgence,Laboratoire,Pédiatrie"
Assalama,Marrakech-Safi,El Kelaa Des Sraghna,El Kelaâ des Sraghna,HP,Hôpital Préfectoral,Hôpital,"Médecine générale,Chirurgie,Pédiatrie,Gynécologie,Urgences,Laboratoire,Radiologie"
Hôpital psychiatrique,Marrakech-Safi,El Kelaa Des Sraghna,El Kelaâ des Sraghna,HPsyP,Hôpital Psychiatrique Préfectoral,Hôpital,"Psychiatrie,Santé mentale"
Sidi Med Ben Abdellah,Marrakech-Safi,Essaouira,Essaouira,HP,Hôpital Préfectoral,Hôpital,"Médecine générale,Chirurgie,Pédiatrie,Gynécologie,Urgences,Laboratoire,Radiologie"
Ibn Tofeil,Marrakech-Safi,Marrakech,Gueliz,HIR,Hôpital Intégré de Référence,Hôpital,"Médecine générale,Chirurgie,Pédiatrie,Gynécologie,Cardiologie,Neurologie,Urgences,Radiologie,Laboratoire,Réanimation,Maternité"
Ibn Nafis,Marrakech-Safi,Marrakech,Gueliz,CPU,Centre Psychiatrique Universitaire,Hôpital,"Psychiatrie,Santé mentale,Addictologie"
Hopital Mère-Enfant,Marrakech-Safi,Marrakech,Gueliz,HIR,Hôpital Intégré de Référence,Hôpital,"Médecine générale,Chirurgie,Pédiatrie,Gynécologie,Cardiologie,Neurologie,Urgences,Radiologie,Laboratoire,Réanimation,Maternité"
Centre d'Hématologie Oncologie,Marrakech-Safi,Marrakech,Gueliz,HIR,Hôpital Intégré de Référence,Hôpital,"Médecine générale,Chirurgie,Pédiatrie,Gynécologie,Cardiologie,Neurologie,Urgences,Radiologie,Laboratoire,Réanimation,Maternité"
Arrazi,Marrakech-Safi,Marrakech,Gueliz,HIR,Hôpital Intégré de Référence,Hôpital,"Médecine générale,Chirurgie,Pédiatrie,Gynécologie,Cardiologie,Neurologie,Urgences,Radiologie,Laboratoire,Réanimation,Maternité"
El Antaki,Marrakech-Safi,Marrakech,Marrakech-Médina,HR,Hôpital Régional,Hôpital,"Médecine générale,Chirurgie,Pédiatrie,Gynécologie,Cardiologie,Neurologie,Urgences,Radiologie,Laboratoire,Maternité"
Ibn Zohr,Marrakech-Safi,Marrakech,Marrakech-Médina,HR,Hôpital Régional,Hôpital,"Médecine générale,Chirurgie,Pédiatrie,Gynécologie,Cardiologie,Neurologie,Urgences,Radiologie,Laboratoire,Maternité"
Mhamid,Marrakech-Safi,Marrakech,Ménara,HPr,Hôpital de Proximité,Hôpital,"Médecine générale,Soins d'urgence,Laboratoire,Pédiatrie"
Charifa,Marrakech-Safi,Marrakech,Sidi Youssef Ben Ali,HPr,Hôpital de Proximité,Hôpital,"Médecine générale,Soins d'urgence,Laboratoire,Pédiatrie"
Saada,Marrakech-Safi,Marrakech,Saada,HPsyR,Hôpital Psychiatrique Régional,Hôpital,"Psychiatrie,Santé mentale,Addictologie"
Benguerir,Marrakech-Safi,Rehamena,Ben Guerir,HP,Hôpital Préfectoral,Hôpital,"Médecine générale,Chirurgie,Pédiatrie,Gynécologie,Urgences,Laboratoire,Radiologie"
Mohamed V,Marrakech-Safi,Safi,Safi,HP,Hôpital Préfectoral,Hôpital,"Médecine générale,Chirurgie,Pédiatrie,Gynécologie,Urgences,Laboratoire,Radiologie"
Aisha,Marrakech-Safi,Safi,Safi,HPr,Hôpital de Proximité,Hôpital,"Médecine générale,Soins d'urgence,Laboratoire,Pédiatrie"
Lalla Hasna,Marrakech-Safi,Youssoufia,Youssoufia,HP,Hôpital Préfectoral,Hôpital,"Médecine générale,Chirurgie,Pédiatrie,Gynécologie,Urgences,Laboratoire,Radiologie"
My Ali Cherif,Drâa-Tafilalet,Errachidia,Errachidia,HR,Hôpital Régional,Hôpital,"Médecine générale,Chirurgie,Pédiatrie,Gynécologie,Cardiologie,Neurologie,Urgences,Radiologie,Laboratoire,Maternité"
Erfoud,Drâa-Tafilalet,Errachidia,Arfoud,HPr,Hôpital de Proximité,Hôpital,"Médecine générale,Soins d'urgence,Laboratoire,Pédiatrie"
Hôpital Amir Soultan Ibn Abdelaziz,Drâa-Tafilalet,Errachidia,Errachidia,HPr,Hôpital de Proximité,Hôpital,"Médecine générale,Soins d'urgence,Laboratoire,Pédiatrie"
20 Aout (Goulmima),Drâa-Tafilalet,Errachidia,Goulmima,HPr,Hôpital de Proximité,Hôpital,"Médecine générale,Soins d'urgence,Laboratoire,Pédiatrie"
Midelt,Drâa-Tafilalet,Midelt,Midelt,HP,Hôpital Préfectoral,Hôpital,"Médecine générale,Chirurgie,Pédiatrie,Gynécologie,Urgences,Laboratoire,Radiologie"
HPr Rich,Drâa-Tafilalet,Midelt,Er-rich,HPr,Hôpital de Proximité,Hôpital,"Médecine générale,Soins d'urgence,Laboratoire,Pédiatrie"
Sidi Hssain Bencer,Drâa-Tafilalet,Ouarzazate,Ouarzazate,HP,Hôpital Préfectoral,Hôpital,"Médecine générale,Chirurgie,Pédiatrie,Gynécologie,Urgences,Laboratoire,Radiologie"
Bougafer,Drâa-Tafilalet,Ouarzazate,Ouarzazate,HP,Hôpital Préfectoral,Hôpital,"Médecine générale,Chirurgie,Pédiatrie,Gynécologie,Urgences,Laboratoire,Radiologie"
Tinghir,Drâa-Tafilalet,Tinghir,Tinghir,HP,Hôpital Préfectoral,Hôpital,"Médecine générale,Chirurgie,Pédiatrie,Gynécologie,Urgences,Laboratoire,Radiologie"
HPr Kalaat M'gouna,Drâa-Tafilalet,Tinghir,Kalaat M'Gouna,HPr,Hôpital de Proximité,Hôpital,"Médecine générale,Soins d'urgence,Laboratoire,Pédiatrie"
Boumalène Dades,Drâa-Tafilalet,Tinghir,Boumalne Dades,HPr,Hôpital de Proximité,Hôpital,"Médecine générale,Soins d'urgence,Laboratoire,Pédiatrie"
Ed-Derrak,Drâa-Tafilalet,Zagora,Zagora,HP,Hôpital Préfectoral,Hôpital,"Médecine générale,Chirurgie,Pédiatrie,Gynécologie,Urgences,Laboratoire,Radiologie"
C. d'Oncologie d'Agadir,Souss-Massa,Agadir Ida Ou Tanane,Agadir,CRO,Centre Régional d'Oncologie,Hôpital,"Oncologie,Chimiothérapie,Radiothérapie,Hématologie oncologie"
Hassan II,Souss-Massa,Agadir Ida Ou Tanane,Agadir,HR,Hôpital Régional,Hôpital,"Médecine générale,Chirurgie,Pédiatrie,Gynécologie,Cardiologie,Neurologie,Urgences,Radiologie,Laboratoire,Maternité"
Mokhtar Soussi,Souss-Massa,Chtouka Ait Baha,Biougra,HP,Hôpital Préfectoral,Hôpital,"Médecine générale,Chirurgie,Pédiatrie,Gynécologie,Urgences,Laboratoire,Radiologie"
Inezgane,Souss-Massa,Inezgane Ait Melloul,Inezgane,HP,Hôpital Préfectoral,Hôpital,"Médecine générale,Chirurgie,Pédiatrie,Gynécologie,Urgences,Laboratoire,Radiologie"
Mokhtar Es-Soussi,Souss-Massa,Taroudant,Taroudannt,HP,Hôpital Préfectoral,Hôpital,"Médecine générale,Chirurgie,Pédiatrie,Gynécologie,Urgences,Laboratoire,Radiologie"
Oulad Teima,Souss-Massa,Taroudant,Oulad Teima,HPr,Hôpital de Proximité,Hôpital,"Médecine générale,Soins d'urgence,Laboratoire,Pédiatrie"
Tata,Souss-Massa,Tata,Tata,HP,Hôpital Préfectoral,Hôpital,"Médecine générale,Chirurgie,Pédiatrie,Gynécologie,Urgences,Laboratoire,Radiologie"
Houmman El Fatouaki,Souss-Massa,Tiznit,Tiznit,HP,Hôpital Préfectoral,Hôpital,"Médecine générale,Chirurgie,Pédiatrie,Gynécologie,Urgences,Laboratoire,Radiologie"
Hassan 1er,Souss-Massa,Tiznit,Tiznit,HP,Hôpital Préfectoral,Hôpital,"Médecine générale,Chirurgie,Pédiatrie,Gynécologie,Urgences,Laboratoire,Radiologie"
Assa,Guelmim-Oued Noun,Assa-zag,Assa,HP,Hôpital Préfectoral,Hôpital,"Médecine générale,Chirurgie,Pédiatrie,Gynécologie,Urgences,Laboratoire,Radiologie"
Bouizakaren,Guelmim-Oued Noun,Guelmim,Bouizakarne,HPr,Hôpital de Proximité,Hôpital,"Médecine générale,Soins d'urgence,Laboratoire,Pédiatrie"
Guelmim,Guelmim-Oued Noun,Guelmim,Guelmim,HR,Hôpital Régional,Hôpital,"Médecine générale,Chirurgie,Pédiatrie,Gynécologie,Cardiologie,Neurologie,Urgences,Radiologie,Laboratoire,Maternité"
Sidi Ifni,Guelmim-Oued Noun,Sidi Ifni,Sidi Ifni,HP,Hôpital Préfectoral,Hôpital,"Médecine générale,Chirurgie,Pédiatrie,Gynécologie,Urgences,Laboratoire,Radiologie"
Hassan II,Guelmim-Oued Noun,Tan Tan,Tan Tan,HP,Hôpital Préfectoral,Hôpital,"Médecine générale,Chirurgie,Pédiatrie,Gynécologie,Urgences,Laboratoire,Radiologie"
Boujdour,Laayoune-Sakia El Hamra,Boujdour,Boujdour,HP,Hôpital Préfectoral,Hôpital,"Médecine générale,Chirurgie,Pédiatrie,Gynécologie,Urgences,Laboratoire,Radiologie"
Es-Smara,Laayoune-Sakia El Hamra,Es Semara,Es-semara,HP,Hôpital Préfectoral,Hôpital,"Médecine générale,Chirurgie,Pédiatrie,Gynécologie,Urgences,Laboratoire,Radiologie"
Laayoune,Laayoune-Sakia El Hamra,Laayoune,Laayoune,CRO,Centre Régional d'Oncologie,Hôpital,"Oncologie,Chimiothérapie,Radiothérapie,Hématologie oncologie"
Hassan II,Laayoune-Sakia El Hamra,Laayoune,Laayoune,HR,Hôpital Régional,Hôpital,"Médecine générale,Chirurgie,Pédiatrie,Gynécologie,Cardiologie,Neurologie,Urgences,Radiologie,Laboratoire,Maternité"
My Hassan Ben El Mehdi,Laayoune-Sakia El Hamra,Laayoune,Laayoune,HR,Hôpital Régional,Hôpital,"Médecine générale,Chirurgie,Pédiatrie,Gynécologie,Cardiologie,Neurologie,Urgences,Radiologie,Laboratoire,Maternité"
Hassan II,Eddakhla-Oued Eddahab,Oued Ed-Dahab,Dakhla,HR,Hôpital Régional,Hôpital,"Médecine générale,Chirurgie,Pédiatrie,Gynécologie,Cardiologie,Neurologie,Urgences,Radiologie,Laboratoire,Maternité"
Ajdir (Azghar),Tanger-Tetouan-Al Hoceima,Al Hoceima,Ajdir,CSU-2,Centre de Santé Urbain niveau 2,Soins primaires,"Médecine générale,Soins de base,Vaccination,Planning familial,Consultation infirmière"
Bir Anzarane,Tanger-Tetouan-Al Hoceima,Al Hoceima,Al Hoceima,CRSR,Centre de Référence en Santé de Reproduction,Soins primaires,"Gynécologie,Santé de la reproduction,Planification familiale,Maternité"
Bades,Tanger-Tetouan-Al Hoceima,Al Hoceima,Al Hoceima,CSU-1,Centre de Santé Urbain niveau 1,Soins primaires,"Médecine générale,Soins de base,Vaccination,Planning familial,Consultation infirmière"
Sidi Abid,Tanger-Tetouan-Al Hoceima,Al Hoceima,Al Hoceima,CSU-1,Centre de Santé Urbain niveau 1,Soins primaires,"Médecine générale,Soins de base,Vaccination,Planning familial,Consultation infirmière"
Thanaoui,Tanger-Tetouan-Al Hoceima,Al Hoceima,Al Hoceima,CSU-1,Centre de Santé Urbain niveau 1,Soins primaires,"Médecine générale,Soins de base,Vaccination,Planning familial,Consultation infirmière"
Bir Anzarane,Tanger-Tetouan-Al Hoceima,Al Hoceima,Al Hoceima,CSU-1,Centre de Santé Urbain niveau 1,Soins primaires,"Médecine générale,Soins de base,Vaccination,Planning familial,Consultation infirmière"
Hommane El Fatouaki,Tanger-Tetouan-Al Hoceima,Al Hoceima,Targuist,CSU-1,Centre de Santé Urbain niveau 1,Soins primaires,"Médecine générale,Soins de base,Vaccination,Planning familial,Consultation infirmière"
Targuist,Tanger-Tetouan-Al Hoceima,Al Hoceima,Targuist,CSU-1,Centre de Santé Urbain niveau 1,Soins primaires,"Médecine générale,Soins de base,Vaccination,Planning familial,Consultation infirmière"
Imzouren,Tanger-Tetouan-Al Hoceima,Al Hoceima,Imzouren,CSU-2,Centre de Santé Urbain niveau 2,Soins primaires,"Médecine générale,Soins de base,Vaccination,Planning familial,Consultation infirmière"
Bni Bouayach-II,Tanger-Tetouan-Al Hoceima,Al Hoceima,Bni Bouayach,CSU-1,Centre de Santé Urbain niveau 1,Soins primaires,"Médecine générale,Soins de base,Vaccination,Planning familial,Consultation infirmière"
Bni Bouayach,Tanger-Tetouan-Al Hoceima,Al Hoceima,Bni Bouayach,CSU-2,Centre de Santé Urbain niveau 2,Soins primaires,"Médecine générale,Soins de base,Vaccination,Planning familial,Consultation infirmière"
Abdellah Hamou,Tanger-Tetouan-Al Hoceima,Al Hoceima,Al Hoceima,CSU-1,Centre de Santé Urbain niveau 1,Soins primaires,"Médecine générale,Soins de base,Vaccination,Planning familial,Consultation infirmière"
Al Harchi,Tanger-Tetouan-Al Hoceima,Al Hoceima,Al Hoceima,CSU-1,Centre de Santé Urbain niveau 1,Soins primaires,"Médecine générale,Soins de base,Vaccination,Planning familial,Consultation infirmière"
Laboratoire (Siaap),Tanger-Tetouan-Al Hoceima,Al Hoceima,Al Hoceima,LSP,Laboratoire de Santé Publique,Soins primaires,Laboratoire d'analyses médicales
Bir Anzarane,Tanger-Tetouan-Al Hoceima,Al Hoceima,Al Hoceima,CDTMR,Centre de Diagnostic et de Traitement des Maladies Respiratoires,Soins primaires,"Pneumologie,Maladies respiratoires,Tuberculose,CDTMR"
CALABONITA,Tanger-Tetouan-Al Hoceima,Al Hoceima,Al Hoceima,CSU-1,Centre de Santé Urbain niveau 1,Soins primaires,"Médecine générale,Soins de base,Vaccination,Planning familial,Consultation infirmière"
Toufist,Tanger-Tetouan-Al Hoceima,Al Hoceima,Senada,DR,Dispensaire Rural,Soins primaires,"Soins de base,Soins d'urgence élémentaires"
Senada,Tanger-Tetouan-Al Hoceima,Al Hoceima,Senada,CSR-1,Centre de Santé Rural niveau 1,Soins primaires,"Médecine générale,Soins de base,Vaccination,Soins infirmiers"
Agni,Tanger-Tetouan-Al Hoceima,Al Hoceima,Bni Boufrah,DR,Dispensaire Rural,Soins primaires,"Soins de base,Soins d'urgence élémentaires"
Bni Boufrah,Tanger-Tetouan-Al Hoceima,Al Hoceima,Bni Boufrah,CSR-2,Centre de Santé Rural niveau 2,Soins primaires,"Médecine générale,Soins de base,Vaccination,Soins infirmiers"
El  Hamri Omar,Tanger-Tetouan-Al Hoceima,Al Hoceima,Bni Gmil Maksouline,DR,Dispensaire Rural,Soins primaires,"Soins de base,Soins d'urgence élémentaires"
Bni Gmil Maksouline,Tanger-Tetouan-Al Hoceima,Al Hoceima,Bni Gmil Maksouline,CSR-2,Centre de Santé Rural niveau 2,Soins primaires,"Médecine générale,Soins de base,Vaccination,Soins infirmiers"
Ibarranen,Tanger-Tetouan-Al Hoceima,Al Hoceima,Bni Gmil,DR,Dispensaire Rural,Soins primaires,"Soins de base,Soins d'urgence élémentaires"
B. Gmil Mestassa,Tanger-Tetouan-Al Hoceima,Al Hoceima,Bni Gmil,CSR-2,Centre de Santé Rural niveau 2,Soins primaires,"Médecine générale,Soins de base,Vaccination,Soins infirmiers"
Ouaadia,Tanger-Tetouan-Al Hoceima,Al Hoceima,Arbaa Taourirt,DR,Dispensaire Rural,Soins primaires,"Soins de base,Soins d'urgence élémentaires"
Tifarouine (Ait Taa),Tanger-Tetouan-Al Hoceima,Al Hoceima,Tifarouine,CSR-2,Centre de Santé Rural niveau 2,Soins primaires,"Médecine générale,Soins de base,Vaccination,Soins infirmiers"
Chakrane,Tanger-Tetouan-Al Hoceima,Al Hoceima,Chakrane,CSR-2,Centre de Santé Rural niveau 2,Soins primaires,"Médecine générale,Soins de base,Vaccination,Soins infirmiers"
Tazourakht,Tanger-Tetouan-Al Hoceima,Al Hoceima,Nekkour,DR,Dispensaire Rural,Soins primaires,"Soins de base,Soins d'urgence élémentaires"
Nekkour,Tanger-Tetouan-Al Hoceima,Al Hoceima,Nekkour,CSR-1,Centre de Santé Rural niveau 1,Soins primaires,"Médecine générale,Soins de base,Vaccination,Soins infirmiers"
Arbaa Taourirt,Tanger-Tetouan-Al Hoceima,Al Hoceima,Arbaa Taourirt,CSR-2,Centre de Santé Rural niveau 2,Soins primaires,"Médecine générale,Soins de base,Vaccination,Soins infirmiers"
Louta,Tanger-Tetouan-Al Hoceima,Al Hoceima,Louta,CSR-1,Centre de Santé Rural niveau 1,Soins primaires,"Médecine générale,Soins de base,Vaccination,Soins infirmiers"
Ait youssef ou Ali(S.Bouafif),Tanger-Tetouan-Al Hoceima,Al Hoceima,Ait Youssef Ou Ali,CSR-1,Centre de Santé Rural niveau 1,Soins primaires,"Médecine générale,Soins de base,Vaccination,Soins infirmiers"
Azaghar (A. Youssef Ouali),Tanger-Tetouan-Al Hoceima,Al Hoceima,Ait Youssef Ou Ali,DR,Dispensaire Rural,Soins primaires,"Soins de base,Soins d'urgence élémentaires"
Tamassint,Tanger-Tetouan-Al Hoceima,Al Hoceima,Imrabten,CSR-2,Centre de Santé Rural niveau 2,Soins primaires,"Médecine générale,Soins de base,Vaccination,Soins infirmiers"
Bab Stot,Tanger-Tetouan-Al Hoceima,Al Hoceima,Bni Bchir,CSR-1,Centre de Santé Rural niveau 1,Soins primaires,"Médecine générale,Soins de base,Vaccination,Soins infirmiers"
Zarkat,Tanger-Tetouan-Al Hoceima,Al Hoceima,Zarkt,CSR-1,Centre de Santé Rural niveau 1,Soins primaires,"Médecine générale,Soins de base,Vaccination,Soins infirmiers"
Sidi Boutmim,Tanger-Tetouan-Al Hoceima,Al Hoceima,Sidi Boutmim,CSR-1,Centre de Santé Rural niveau 1,Soins primaires,"Médecine générale,Soins de base,Vaccination,Soins infirmiers"
Bni Ammart,Tanger-Tetouan-Al Hoceima,Al Hoceima,Bni Ammart,CSR-2,Centre de Santé Rural niveau 2,Soins primaires,"Médecine générale,Soins de base,Vaccination,Soins infirmiers"
Sidi Bouzineb,Tanger-Tetouan-Al Hoceima,Al Hoceima,Sidi Bouzineb,CSR-1,Centre de Santé Rural niveau 1,Soins primaires,"Médecine générale,Soins de base,Vaccination,Soins infirmiers"
Admam,Tanger-Tetouan-Al Hoceima,Al Hoceima,Bni Ahmed Imoukzan,CSR-1,Centre de Santé Rural niveau 1,Soins primaires,"Médecine générale,Soins de base,Vaccination,Soins infirmiers"
Bni Bounsar,Tanger-Tetouan-Al Hoceima,Al Hoceima,Bni Bounsar,CSR-2,Centre de Santé Rural niveau 2,Soins primaires,"Médecine générale,Soins de base,Vaccination,Soins infirmiers"
Taghzout,Tanger-Tetouan-Al Hoceima,Al Hoceima,Taghzout,CSR-2,Centre de Santé Rural niveau 2,Soins primaires,"Médecine générale,Soins de base,Vaccination,Soins infirmiers"
Tabarrant,Tanger-Tetouan-Al Hoceima,Al Hoceima,Bni Bouchibet,CSR-2,Centre de Santé Rural niveau 2,Soins primaires,"Médecine générale,Soins de base,Vaccination,Soins infirmiers"
Tamsaout,Tanger-Tetouan-Al Hoceima,Al Hoceima,Tamsaout,CSR-1,Centre de Santé Rural niveau 1,Soins primaires,"Médecine générale,Soins de base,Vaccination,Soins infirmiers"
Attout,Tanger-Tetouan-Al Hoceima,Al Hoceima,Ketama,DR,Dispensaire Rural,Soins primaires,"Soins de base,Soins d'urgence élémentaires"
Tamlouguit,Tanger-Tetouan-Al Hoceima,Al Hoceima,Ketama,DR,Dispensaire Rural,Soins primaires,"Soins de base,Soins d'urgence élémentaires"
Tlet Ketama,Tanger-Tetouan-Al Hoceima,Al Hoceima,Ketama,CSR-2,Centre de Santé Rural niveau 2,Soins primaires,"Médecine générale,Soins de base,Vaccination,Soins infirmiers"
My Ahmed cherif,Tanger-Tetouan-Al Hoceima,Al Hoceima,Moulay Ahmed Cherif,CSR-1,Centre de Santé Rural niveau 1,Soins primaires,"Médecine générale,Soins de base,Vaccination,Soins infirmiers"
Azila,Tanger-Tetouan-Al Hoceima,Al Hoceima,Issaguen,DR,Dispensaire Rural,Soins primaires,"Soins de base,Soins d'urgence élémentaires"
Issaguen,Tanger-Tetouan-Al Hoceima,Al Hoceima,Issaguen,CSR-2,Centre de Santé Rural niveau 2,Soins primaires,"Médecine générale,Soins de base,Vaccination,Soins infirmiers"
Beni Ahmed,Tanger-Tetouan-Al Hoceima,Al Hoceima,Abdelghaya Souahel,DR,Dispensaire Rural,Soins primaires,"Soins de base,Soins d'urgence élémentaires"
Ikaouen,Tanger-Tetouan-Al Hoceima,Al Hoceima,Abdelghaya Souahel,CSR-2,Centre de Santé Rural niveau 2,Soins primaires,"Médecine générale,Soins de base,Vaccination,Soins infirmiers"
Ait Zekri,Tanger-Tetouan-Al Hoceima,Al Hoceima,Ait Kamra,DR,Dispensaire Rural,Soins primaires,"Soins de base,Soins d'urgence élémentaires"
Tazaghine,Tanger-Tetouan-Al Hoceima,Al Hoceima,Ait Kamra,DR,Dispensaire Rural,Soins primaires,"Soins de base,Soins d'urgence élémentaires"
Izemmouren,Tanger-Tetouan-Al Hoceima,Al Hoceima,Izemmouren,CSR-1,Centre de Santé Rural niveau 1,Soins primaires,"Médecine générale,Soins de base,Vaccination,Soins infirmiers"
Tala Youssef,Tanger-Tetouan-Al Hoceima,Al Hoceima,Izemmouren,DR,Dispensaire Rural,Soins primaires,"Soins de base,Soins d'urgence élémentaires"
Zaouyat Sidi Abdelkader,Tanger-Tetouan-Al Hoceima,Al Hoceima,Zaouiat Sidi Abdelkader,DR,Dispensaire Rural,Soins primaires,"Soins de base,Soins d'urgence élémentaires"
Bni Abdellah,Tanger-Tetouan-Al Hoceima,Al Hoceima,Bni Abdallah,CSR-2,Centre de Santé Rural niveau 2,Soins primaires,"Médecine générale,Soins de base,Vaccination,Soins infirmiers"
Bousalah,Tanger-Tetouan-Al Hoceima,Al Hoceima,Bni Abdallah,DR,Dispensaire Rural,Soins primaires,"Soins de base,Soins d'urgence élémentaires"
Bni Hadifa,Tanger-Tetouan-Al Hoceima,Al Hoceima,Bni Hadifa,CSR-2,Centre de Santé Rural niveau 2,Soins primaires,"Médecine générale,Soins de base,Vaccination,Soins infirmiers"
S.Abdelkader,Tanger-Tetouan-Al Hoceima,Al Hoceima,Zaouiat Sidi Abdelkader,CSR-2,Centre de Santé Rural niveau 2,Soins primaires,"Médecine générale,Soins de base,Vaccination,Soins infirmiers"
Ait Kamra,Tanger-Tetouan-Al Hoceima,Al Hoceima,Ait Kamra,CSR-2,Centre de Santé Rural niveau 2,Soins primaires,"Médecine générale,Soins de base,Vaccination,Soins infirmiers"
Rouadi,Tanger-Tetouan-Al Hoceima,Al Hoceima,Rouadi,CSR-2,Centre de Santé Rural niveau 2,Soins primaires,"Médecine générale,Soins de base,Vaccination,Soins infirmiers"
Tawasarte,Tanger-Tetouan-Al Hoceima,Al Hoceima,Rouadi,DR,Dispensaire Rural,Soins primaires,"Soins de base,Soins d'urgence élémentaires"
Ain el houzi,Tanger-Tetouan-Al Hoceima,Chefchaouen,Chefchaouen,CDTMR,Centre de Diagnostic et de Traitement des Maladies Respiratoires,Soins primaires,"Pneumologie,Maladies respiratoires,Tuberculose,CDTMR"
Chafchaouen,Tanger-Tetouan-Al Hoceima,Chefchaouen,Chefchaouen,CRSR,Centre de Référence en Santé de Reproduction,Soins primaires,"Gynécologie,Santé de la reproduction,Planification familiale,Maternité"
Ain El Houzi,Tanger-Tetouan-Al Hoceima,Chefchaouen,Chefchaouen,CSU-1,Centre de Santé Urbain niveau 1,Soins primaires,"Médecine générale,Soins de base,Vaccination,Planning familial,Consultation infirmière"
El Haouta,Tanger-Tetouan-Al Hoceima,Chefchaouen,Chefchaouen,CSU-1,Centre de Santé Urbain niveau 1,Soins primaires,"Médecine générale,Soins de base,Vaccination,Planning familial,Consultation infirmière"
Bab El Ain,Tanger-Tetouan-Al Hoceima,Chefchaouen,Chefchaouen,CSU-1,Centre de Santé Urbain niveau 1,Soins primaires,"Médecine générale,Soins de base,Vaccination,Planning familial,Consultation infirmière"
Gharouzime,Tanger-Tetouan-Al Hoceima,Chefchaouen,Chefchaouen,CSU-1,Centre de Santé Urbain niveau 1,Soins primaires,"Médecine générale,Soins de base,Vaccination,Planning familial,Consultation infirmière"
Tamorot,Tanger-Tetouan-Al Hoceima,Chefchaouen,Tamorot,CSR-2,Centre de Santé Rural niveau 2,Soins primaires,"Médecine générale,Soins de base,Vaccination,Soins infirmiers"
Maouassif,Tanger-Tetouan-Al Hoceima,Chefchaouen,Tamorot,DR,Dispensaire Rural,Soins primaires,"Soins de base,Soins d'urgence élémentaires"
Hadaka,Tanger-Tetouan-Al Hoceima,Chefchaouen,Tamorot,DR,Dispensaire Rural,Soins primaires,"Soins de base,Soins d'urgence élémentaires"
Bab Berred,Tanger-Tetouan-Al Hoceima,Chefchaouen,Bab Berred,CSR-2,Centre de Santé Rural niveau 2,Soins primaires,"Médecine générale,Soins de base,Vaccination,Soins infirmiers"
Laanacer,Tanger-Tetouan-Al Hoceima,Chefchaouen,Bab Berred,DR,Dispensaire Rural,Soins primaires,"Soins de base,Soins d'urgence élémentaires"
Iounane,Tanger-Tetouan-Al Hoceima,Chefchaouen,Iounane,CSR-1,Centre de Santé Rural niveau 1,Soins primaires,"Médecine générale,Soins de base,Vaccination,Soins infirmiers"
Aaloui,Tanger-Tetouan-Al Hoceima,Chefchaouen,Iounane,DR,Dispensaire Rural,Soins primaires,"Soins de base,Soins d'urgence élémentaires"
Bni Darkoul,Tanger-Tetouan-Al Hoceima,Chefchaouen,Bni Darkoul,CSR-2,Centre de Santé Rural niveau 2,Soins primaires,"Médecine générale,Soins de base,Vaccination,Soins infirmiers"
Souk Lhad,Tanger-Tetouan-Al Hoceima,Chefchaouen,Laghdir,CSR-1,Centre de Santé Rural niveau 1,Soins primaires,"Médecine générale,Soins de base,Vaccination,Soins infirmiers"
Magou,Tanger-Tetouan-Al Hoceima,Chefchaouen,Bab Taza,DR,Dispensaire Rural,Soins primaires,"Soins de base,Soins d'urgence élémentaires"
Chrafat,Tanger-Tetouan-Al Hoceima,Chefchaouen,Bni Darkoul,DR,Dispensaire Rural,Soins primaires,"Soins de base,Soins d'urgence élémentaires"
Barkok,Tanger-Tetouan-Al Hoceima,Chefchaouen,Bni Salah,CSR-1,Centre de Santé Rural niveau 1,Soins primaires,"Médecine générale,Soins de base,Vaccination,Soins infirmiers"
Doukala,Tanger-Tetouan-Al Hoceima,Chefchaouen,Bni Faghloum,CSR-1,Centre de Santé Rural niveau 1,Soins primaires,"Médecine générale,Soins de base,Vaccination,Soins infirmiers"
Fifi,Tanger-Tetouan-Al Hoceima,Chefchaouen,Fifi,CSR-2,Centre de Santé Rural niveau 2,Soins primaires,"Médecine générale,Soins de base,Vaccination,Soins infirmiers"
Bni Yarzine,Tanger-Tetouan-Al Hoceima,Chefchaouen,Fifi,DR,Dispensaire Rural,Soins primaires,"Soins de base,Soins d'urgence élémentaires"
Derdara,Tanger-Tetouan-Al Hoceima,Chefchaouen,Derdara,CSR-1,Centre de Santé Rural niveau 1,Soins primaires,"Médecine générale,Soins de base,Vaccination,Soins infirmiers"
Bab Taza,Tanger-Tetouan-Al Hoceima,Chefchaouen,Bab Taza,CSR-2,Centre de Santé Rural niveau 2,Soins primaires,"Médecine générale,Soins de base,Vaccination,Soins infirmiers"
khezana,Tanger-Tetouan-Al Hoceima,Chefchaouen,Bab Taza,DR,Dispensaire Rural,Soins primaires,"Soins de base,Soins d'urgence élémentaires"
Aghran Kadi,Tanger-Tetouan-Al Hoceima,Chefchaouen,Laghdir,DR,Dispensaire Rural,Soins primaires,"Soins de base,Soins d'urgence élémentaires"
Tanaqoub,Tanger-Tetouan-Al Hoceima,Chefchaouen,Tanaqoub,CSR-2,Centre de Santé Rural niveau 2,Soins primaires,"Médecine générale,Soins de base,Vaccination,Soins infirmiers"
Zaouite  S. Youssef,Tanger-Tetouan-Al Hoceima,Chefchaouen,Tanaqoub,DR,Dispensaire Rural,Soins primaires,"Soins de base,Soins d'urgence élémentaires"
Malha,Tanger-Tetouan-Al Hoceima,Chefchaouen,Oued Malha,CSR-1,Centre de Santé Rural niveau 1,Soins primaires,"Médecine générale,Soins de base,Vaccination,Soins infirmiers"
Aydi,Tanger-Tetouan-Al Hoceima,Chefchaouen,Mansoura,DR,Dispensaire Rural,Soins primaires,"Soins de base,Soins d'urgence élémentaires"
Mansoura,Tanger-Tetouan-Al Hoceima,Chefchaouen,Mansoura,CSR-1,Centre de Santé Rural niveau 1,Soins primaires,"Médecine générale,Soins de base,Vaccination,Soins infirmiers"
Bni Mizar,Tanger-Tetouan-Al Hoceima,Chefchaouen,Bni Ahmed Gharbia,DR,Dispensaire Rural,Soins primaires,"Soins de base,Soins d'urgence élémentaires"
Ksibat,Tanger-Tetouan-Al Hoceima,Chefchaouen,Bni Ahmed Gharbia,CSR-1,Centre de Santé Rural niveau 1,Soins primaires,"Médecine générale,Soins de base,Vaccination,Soins infirmiers"
Bni Ahmed,Tanger-Tetouan-Al Hoceima,Chefchaouen,Bni Ahmed Cherqia,CSR-2,Centre de Santé Rural niveau 2,Soins primaires,"Médecine générale,Soins de base,Vaccination,Soins infirmiers"
Talambot,Tanger-Tetouan-Al Hoceima,Chefchaouen,Talambote,CSR-2,Centre de Santé Rural niveau 2,Soins primaires,"Médecine générale,Soins de base,Vaccination,Soins infirmiers"
Anaray,Tanger-Tetouan-Al Hoceima,Chefchaouen,Bni Bouzra,DR,Dispensaire Rural,Soins primaires,"Soins de base,Soins d'urgence élémentaires"
Bou Ahmed,Tanger-Tetouan-Al Hoceima,Chefchaouen,Bni Bouzra,CSR-1,Centre de Santé Rural niveau 1,Soins primaires,"Médecine générale,Soins de base,Vaccination,Soins infirmiers"
Kalaa,Tanger-Tetouan-Al Hoceima,Chefchaouen,Talambote,DR,Dispensaire Rural,Soins primaires,"Soins de base,Soins d'urgence élémentaires"
Steha,Tanger-Tetouan-Al Hoceima,Chefchaouen,Steha,CSR-2,Centre de Santé Rural niveau 2,Soins primaires,"Médecine générale,Soins de base,Vaccination,Soins infirmiers"
Kaa Assrass,Tanger-Tetouan-Al Hoceima,Chefchaouen,Tizgane,CSR-2,Centre de Santé Rural niveau 2,Soins primaires,"Médecine générale,Soins de base,Vaccination,Soins infirmiers"
Targha,Tanger-Tetouan-Al Hoceima,Chefchaouen,Tizgane,DR,Dispensaire Rural,Soins primaires,"Soins de base,Soins d'urgence élémentaires"
Tasift,Tanger-Tetouan-Al Hoceima,Chefchaouen,Tassift,CSR-1,Centre de Santé Rural niveau 1,Soins primaires,"Médecine générale,Soins de base,Vaccination,Soins infirmiers"
Boumazigh,Tanger-Tetouan-Al Hoceima,Chefchaouen,Bni Smih,DR,Dispensaire Rural,Soins primaires,"Soins de base,Soins d'urgence élémentaires"
Aguersif,Tanger-Tetouan-Al Hoceima,Chefchaouen,Ouaouzgane,DR,Dispensaire Rural,Soins primaires,"Soins de base,Soins d'urgence élémentaires"
Ouaouzgane,Tanger-Tetouan-Al Hoceima,Chefchaouen,Ouaouzgane,CSR-2,Centre de Santé Rural niveau 2,Soins primaires,"Médecine générale,Soins de base,Vaccination,Soins infirmiers"
Taglit,Tanger-Tetouan-Al Hoceima,Chefchaouen,M'tioua,DR,Dispensaire Rural,Soins primaires,"Soins de base,Soins d'urgence élémentaires"
Jabha,Tanger-Tetouan-Al Hoceima,Chefchaouen,M'tioua,CSR-2,Centre de Santé Rural niveau 2,Soins primaires,"Médecine générale,Soins de base,Vaccination,Soins infirmiers"
Amtar,Tanger-Tetouan-Al Hoceima,Chefchaouen,Amtar,CSR-1,Centre de Santé Rural niveau 1,Soins primaires,"Médecine générale,Soins de base,Vaccination,Soins infirmiers"
Bni Smih,Tanger-Tetouan-Al Hoceima,Chefchaouen,Bni Smih,CSR-1,Centre de Santé Rural niveau 1,Soins primaires,"Médecine générale,Soins de base,Vaccination,Soins infirmiers"
Aoufas,Tanger-Tetouan-Al Hoceima,Chefchaouen,Bni Rzine,DR,Dispensaire Rural,Soins primaires,"Soins de base,Soins d'urgence élémentaires"
Bni Rzine,Tanger-Tetouan-Al Hoceima,Chefchaouen,Bni Rzine,CSR-2,Centre de Santé Rural niveau 2,Soins primaires,"Médecine générale,Soins de base,Vaccination,Soins infirmiers"
Azaghar,Tanger-Tetouan-Al Hoceima,Chefchaouen,Bni Rzine,DR,Dispensaire Rural,Soins primaires,"Soins de base,Soins d'urgence élémentaires"
Khmis Louta,Tanger-Tetouan-Al Hoceima,Chefchaouen,Bni Selmane,DR,Dispensaire Rural,Soins primaires,"Soins de base,Soins d'urgence élémentaires"
Assifane,Tanger-Tetouan-Al Hoceima,Chefchaouen,Bni Selmane,CSR-2,Centre de Santé Rural niveau 2,Soins primaires,"Médecine générale,Soins de base,Vaccination,Soins infirmiers"
Medieq,Tanger-Tetouan-Al Hoceima,Chefchaouen,Bni Selmane,DR,Dispensaire Rural,Soins primaires,"Soins de base,Soins d'urgence élémentaires"
Ain Lahjar,Tanger-Tetouan-Al Hoceima,Chefchaouen,Bni Mansour,CSR-2,Centre de Santé Rural niveau 2,Soins primaires,"Médecine générale,Soins de base,Vaccination,Soins infirmiers"
Hakkama,Tanger-Tetouan-Al Hoceima,Fahs-Anjra,Jouamaa,CSR-2,Centre de Santé Rural niveau 2,Soins primaires,"Médecine générale,Soins de base,Vaccination,Soins infirmiers"
Ksar El Majaz,Tanger-Tetouan-Al Hoceima,Fahs-Anjra,Ksar El Majaz,CSR-1,Centre de Santé Rural niveau 1,Soins primaires,"Médecine générale,Soins de base,Vaccination,Soins infirmiers"
Taghramt,Tanger-Tetouan-Al Hoceima,Fahs-Anjra,Taghramt,CSR-2,Centre de Santé Rural niveau 2,Soins primaires,"Médecine générale,Soins de base,Vaccination,Soins infirmiers"
Khmiss Anjra,Tanger-Tetouan-Al Hoceima,Fahs-Anjra,Anjra,CSR-2,Centre de Santé Rural niveau 2,Soins primaires,"Médecine générale,Soins de base,Vaccination,Soins infirmiers"
Nouinouich,Tanger-Tetouan-Al Hoceima,Fahs-Anjra,Al Bahraoyine,CSR-1,Centre de Santé Rural niveau 1,Soins primaires,"Médecine générale,Soins de base,Vaccination,Soins infirmiers"
Malloussa,Tanger-Tetouan-Al Hoceima,Fahs-Anjra,Malloussa,CSR-2,Centre de Santé Rural niveau 2,Soins primaires,"Médecine générale,Soins de base,Vaccination,Soins infirmiers"
Bni Ouassine,Tanger-Tetouan-Al Hoceima,Fahs-Anjra,Al Bahraoyine,DR,Dispensaire Rural,Soins primaires,"Soins de base,Soins d'urgence élémentaires"
Ksar Sghir,Tanger-Tetouan-Al Hoceima,Fahs-Anjra,Ksar Sghir,CSR-2,Centre de Santé Rural niveau 2,Soins primaires,"Médecine générale,Soins de base,Vaccination,Soins infirmiers"
Alwafaa,Tanger-Tetouan-Al Hoceima,Larache,Larache,CDTMR,Centre de Diagnostic et de Traitement des Maladies Respiratoires,Soins primaires,"Pneumologie,Maladies respiratoires,Tuberculose,CDTMR"
Laboratoire (Siaap),Tanger-Tetouan-Al Hoceima,Larache,Larache,LSP,Laboratoire de Santé Publique,Soins primaires,Laboratoire d'analyses médicales
Oulad Hmid,Tanger-Tetouan-Al Hoceima,Larache,Ksar El Kebir,CSU-1,Centre de Santé Urbain niveau 1,Soins primaires,"Médecine générale,Soins de base,Vaccination,Planning familial,Consultation infirmière"
My Ali Boughaleb,Tanger-Tetouan-Al Hoceima,Larache,Ksar El Kebir,CSU-1,Centre de Santé Urbain niveau 1,Soins primaires,"Médecine générale,Soins de base,Vaccination,Planning familial,Consultation infirmière"
Khalkhali,Tanger-Tetouan-Al Hoceima,Larache,Ksar El Kebir,CSU-1,Centre de Santé Urbain niveau 1,Soins primaires,"Médecine générale,Soins de base,Vaccination,Planning familial,Consultation infirmière"
Sidi Kamel,Tanger-Tetouan-Al Hoceima,Larache,Ksar El Kebir,CSU-1,Centre de Santé Urbain niveau 1,Soins primaires,"Médecine générale,Soins de base,Vaccination,Planning familial,Consultation infirmière"
Bouchouika,Tanger-Tetouan-Al Hoceima,Larache,Ksar El Kebir,CSU-1,Centre de Santé Urbain niveau 1,Soins primaires,"Médecine générale,Soins de base,Vaccination,Planning familial,Consultation infirmière"
Moaskar,Tanger-Tetouan-Al Hoceima,Larache,Ksar El Kebir,CSU-1,Centre de Santé Urbain niveau 1,Soins primaires,"Médecine générale,Soins de base,Vaccination,Planning familial,Consultation infirmière"
Hay El Jadid,Tanger-Tetouan-Al Hoceima,Larache,Larache,CSU-1,Centre de Santé Urbain niveau 1,Soins primaires,"Médecine générale,Soins de base,Vaccination,Planning familial,Consultation infirmière"
Kassaba,Tanger-Tetouan-Al Hoceima,Larache,Larache,CSU-1,Centre de Santé Urbain niveau 1,Soins primaires,"Médecine générale,Soins de base,Vaccination,Planning familial,Consultation infirmière"
Hay Nador,Tanger-Tetouan-Al Hoceima,Larache,Larache,CSU-1,Centre de Santé Urbain niveau 1,Soins primaires,"Médecine générale,Soins de base,Vaccination,Planning familial,Consultation infirmière"
Larache,Tanger-Tetouan-Al Hoceima,Larache,Larache,CRSR,Centre de Référence en Santé de Reproduction,Soins primaires,"Gynécologie,Santé de la reproduction,Planification familiale,Maternité"
Ksar El Kbir,Tanger-Tetouan-Al Hoceima,Larache,Ksar El Kebir,CRSR,Centre de Référence en Santé de Reproduction,Soins primaires,"Gynécologie,Santé de la reproduction,Planification familiale,Maternité"
Alwafaa,Tanger-Tetouan-Al Hoceima,Larache,Larache,CSU-1,Centre de Santé Urbain niveau 1,Soins primaires,"Médecine générale,Soins de base,Vaccination,Planning familial,Consultation infirmière"
Zlaoula,Tanger-Tetouan-Al Hoceima,Larache,Laouamra,DR,Dispensaire Rural,Soins primaires,"Soins de base,Soins d'urgence élémentaires"
L'qolla,Tanger-Tetouan-Al Hoceima,Larache,Souk L'Qolla,CSR-2,Centre de Santé Rural niveau 2,Soins primaires,"Médecine générale,Soins de base,Vaccination,Soins infirmiers"
Souk Tlet,Tanger-Tetouan-Al Hoceima,Larache,Souk L'Qolla,DR,Dispensaire Rural,Soins primaires,"Soins de base,Soins d'urgence élémentaires"
Ksar Bjir,Tanger-Tetouan-Al Hoceima,Larache,Ksar Bjir,CSR-1,Centre de Santé Rural niveau 1,Soins primaires,"Médecine générale,Soins de base,Vaccination,Soins infirmiers"
Zouada,Tanger-Tetouan-Al Hoceima,Larache,Zouada,CSR-1,Centre de Santé Rural niveau 1,Soins primaires,"Médecine générale,Soins de base,Vaccination,Soins infirmiers"
Snadla,Tanger-Tetouan-Al Hoceima,Larache,Zouada,DR,Dispensaire Rural,Soins primaires,"Soins de base,Soins d'urgence élémentaires"
Bou-Jedyane,Tanger-Tetouan-Al Hoceima,Larache,Bou Jedyane,CSR-1,Centre de Santé Rural niveau 1,Soins primaires,"Médecine générale,Soins de base,Vaccination,Soins infirmiers"
Tatoft,Tanger-Tetouan-Al Hoceima,Larache,Tatoft,CSR-2,Centre de Santé Rural niveau 2,Soins primaires,"Médecine générale,Soins de base,Vaccination,Soins infirmiers"
Laouamra,Tanger-Tetouan-Al Hoceima,Larache,Laouamra,CSR-2,Centre de Santé Rural niveau 2,Soins primaires,"Médecine générale,Soins de base,Vaccination,Soins infirmiers"
Ayacha,Tanger-Tetouan-Al Hoceima,Larache,Ayacha,CSR-1,Centre de Santé Rural niveau 1,Soins primaires,"Médecine générale,Soins de base,Vaccination,Soins infirmiers"
Ain Kssab,Tanger-Tetouan-Al Hoceima,Larache,Ayacha,DR,Dispensaire Rural,Soins primaires,"Soins de base,Soins d'urgence élémentaires"
Tazroute,Tanger-Tetouan-Al Hoceima,Larache,Tazroute,DR,Dispensaire Rural,Soins primaires,"Soins de base,Soins d'urgence élémentaires"
Aouarmout,Tanger-Tetouan-Al Hoceima,Larache,Zaaroura,DR,Dispensaire Rural,Soins primaires,"Soins de base,Soins d'urgence élémentaires"
Zaaroura,Tanger-Tetouan-Al Hoceima,Larache,Zaaroura,CSR-1,Centre de Santé Rural niveau 1,Soins primaires,"Médecine générale,Soins de base,Vaccination,Soins infirmiers"
Bni Garfett,Tanger-Tetouan-Al Hoceima,Larache,Bni Garfett,CSR-2,Centre de Santé Rural niveau 2,Soins primaires,"Médecine générale,Soins de base,Vaccination,Soins infirmiers"
Tazroute,Tanger-Tetouan-Al Hoceima,Larache,Tazroute,CSR-2,Centre de Santé Rural niveau 2,Soins primaires,"Médecine générale,Soins de base,Vaccination,Soins infirmiers"
Bni Arouss,Tanger-Tetouan-Al Hoceima,Larache,Bni Arouss,CSR-2,Centre de Santé Rural niveau 2,Soins primaires,"Médecine générale,Soins de base,Vaccination,Soins infirmiers"
Sahel,Tanger-Tetouan-Al Hoceima,Larache,Sahel,CSR-2,Centre de Santé Rural niveau 2,Soins primaires,"Médecine générale,Soins de base,Vaccination,Soins infirmiers"
Oulad Lharti,Tanger-Tetouan-Al Hoceima,Larache,Souk Tolba,CSR-2,Centre de Santé Rural niveau 2,Soins primaires,"Médecine générale,Soins de base,Vaccination,Soins infirmiers"
Souaken,Tanger-Tetouan-Al Hoceima,Larache,Souaken,CSR-1,Centre de Santé Rural niveau 1,Soins primaires,"Médecine générale,Soins de base,Vaccination,Soins infirmiers"
Oulad Ouchih,Tanger-Tetouan-Al Hoceima,Larache,Oulad Ouchih,CSR-1,Centre de Santé Rural niveau 1,Soins primaires,"Médecine générale,Soins de base,Vaccination,Soins infirmiers"
Rissana Janoubia,Tanger-Tetouan-Al Hoceima,Larache,Rissana Janoubia,CSR-1,Centre de Santé Rural niveau 1,Soins primaires,"Médecine générale,Soins de base,Vaccination,Soins infirmiers"
Rissana Chamalia,Tanger-Tetouan-Al Hoceima,Larache,Rissana Chamalia,CSR-2,Centre de Santé Rural niveau 2,Soins primaires,"Médecine générale,Soins de base,Vaccination,Soins infirmiers"
Snaija,Tanger-Tetouan-Al Hoceima,Larache,Oulad Ouchih,DR,Dispensaire Rural,Soins primaires,"Soins de base,Soins d'urgence élémentaires"
My Abdelleh Chrif,Tanger-Tetouan-Al Hoceima,Ouezzane,Ouezzane,CSU-1,Centre de Santé Urbain niveau 1,Soins primaires,"Médecine générale,Soins de base,Vaccination,Planning familial,Consultation infirmière"
9-Jul,Tanger-Tetouan-Al Hoceima,Ouezzane,Ouezzane,CSU-1,Centre de Santé Urbain niveau 1,Soins primaires,"Médecine générale,Soins de base,Vaccination,Planning familial,Consultation infirmière"
My Thami,Tanger-Tetouan-Al Hoceima,Ouezzane,Ouezzane,CSU-1,Centre de Santé Urbain niveau 1,Soins primaires,"Médecine générale,Soins de base,Vaccination,Planning familial,Consultation infirmière"
S.Ahmed Bouhediane,Tanger-Tetouan-Al Hoceima,Ouezzane,Ouezzane,CSU-2,Centre de Santé Urbain niveau 2,Soins primaires,"Médecine générale,Soins de base,Vaccination,Planning familial,Consultation infirmière"
Bouhlal,Tanger-Tetouan-Al Hoceima,Ouezzane,Ouezzane,CSU-1,Centre de Santé Urbain niveau 1,Soins primaires,"Médecine générale,Soins de base,Vaccination,Planning familial,Consultation infirmière"
Al Massira,Tanger-Tetouan-Al Hoceima,Ouezzane,Ouezzane,CSU-1,Centre de Santé Urbain niveau 1,Soins primaires,"Médecine générale,Soins de base,Vaccination,Planning familial,Consultation infirmière"
Rmila,Tanger-Tetouan-Al Hoceima,Ouezzane,Bni Quolla,DR,Dispensaire Rural,Soins primaires,"Soins de base,Soins d'urgence élémentaires"
Tmalous,Tanger-Tetouan-Al Hoceima,Ouezzane,Sidi Redouane,DR,Dispensaire Rural,Soins primaires,"Soins de base,Soins d'urgence élémentaires"
Zouakine,Tanger-Tetouan-Al Hoceima,Ouezzane,Sidi Redouane,DR,Dispensaire Rural,Soins primaires,"Soins de base,Soins d'urgence élémentaires"
Sidi Redouane,Tanger-Tetouan-Al Hoceima,Ouezzane,Sidi Redouane,CSR-2,Centre de Santé Rural niveau 2,Soins primaires,"Médecine générale,Soins de base,Vaccination,Soins infirmiers"
Bni Quolla,Tanger-Tetouan-Al Hoceima,Ouezzane,Bni Quolla,CSR-1,Centre de Santé Rural niveau 1,Soins primaires,"Médecine générale,Soins de base,Vaccination,Soins infirmiers"
Fersiou,Tanger-Tetouan-Al Hoceima,Ouezzane,Masmouda,DR,Dispensaire Rural,Soins primaires,"Soins de base,Soins d'urgence élémentaires"
Masmouda,Tanger-Tetouan-Al Hoceima,Ouezzane,Masmouda,CSR-2,Centre de Santé Rural niveau 2,Soins primaires,"Médecine générale,Soins de base,Vaccination,Soins infirmiers"
Mzefroune,Tanger-Tetouan-Al Hoceima,Ouezzane,Mzefroune,CSR-1,Centre de Santé Rural niveau 1,Soins primaires,"Médecine générale,Soins de base,Vaccination,Soins infirmiers"
Ain Beida,Tanger-Tetouan-Al Hoceima,Ouezzane,Ain Beida,CSR-1,Centre de Santé Rural niveau 1,Soins primaires,"Médecine générale,Soins de base,Vaccination,Soins infirmiers"
Zaytouna,Tanger-Tetouan-Al Hoceima,Ouezzane,Asjen,DR,Dispensaire Rural,Soins primaires,"Soins de base,Soins d'urgence élémentaires"
Asserdoune,Tanger-Tetouan-Al Hoceima,Ouezzane,Moqrisset,DR,Dispensaire Rural,Soins primaires,"Soins de base,Soins d'urgence élémentaires"
Moqrissat,Tanger-Tetouan-Al Hoceima,Ouezzane,Moqrisset,CSR-2,Centre de Santé Rural niveau 2,Soins primaires,"Médecine générale,Soins de base,Vaccination,Soins infirmiers"
Bni Routen,Tanger-Tetouan-Al Hoceima,Ouezzane,Ain Beida,DR,Dispensaire Rural,Soins primaires,"Soins de base,Soins d'urgence élémentaires"
Jabriene (Ferha),Tanger-Tetouan-Al Hoceima,Ouezzane,Brikcha,DR,Dispensaire Rural,Soins primaires,"Soins de base,Soins d'urgence élémentaires"
Asjen,Tanger-Tetouan-Al Hoceima,Ouezzane,Asjen,CSR-1,Centre de Santé Rural niveau 1,Soins primaires,"Médecine générale,Soins de base,Vaccination,Soins infirmiers"
Amezou,Tanger-Tetouan-Al Hoceima,Ouezzane,Asjen,DR,Dispensaire Rural,Soins primaires,"Soins de base,Soins d'urgence élémentaires"
Brikcha,Tanger-Tetouan-Al Hoceima,Ouezzane,Brikcha,CSR-2,Centre de Santé Rural niveau 2,Soins primaires,"Médecine générale,Soins de base,Vaccination,Soins infirmiers"
Bouqorra,Tanger-Tetouan-Al Hoceima,Ouezzane,Kalaat Bouqorra,CSR-2,Centre de Santé Rural niveau 2,Soins primaires,"Médecine générale,Soins de base,Vaccination,Soins infirmiers"
Johra,Tanger-Tetouan-Al Hoceima,Ouezzane,Zoumi,DR,Dispensaire Rural,Soins primaires,"Soins de base,Soins d'urgence élémentaires"
Bni Kaoulech,Tanger-Tetouan-Al Hoceima,Ouezzane,Kalaat Bouqorra,DR,Dispensaire Rural,Soins primaires,"Soins de base,Soins d'urgence élémentaires"
Zoumi,Tanger-Tetouan-Al Hoceima,Ouezzane,Zoumi,CSR-2,Centre de Santé Rural niveau 2,Soins primaires,"Médecine générale,Soins de base,Vaccination,Soins infirmiers"
Hamrya,Tanger-Tetouan-Al Hoceima,Ouezzane,Zoumi,DR,Dispensaire Rural,Soins primaires,"Soins de base,Soins d'urgence élémentaires"
Fraoua,Tanger-Tetouan-Al Hoceima,Ouezzane,Ounnana,DR,Dispensaire Rural,Soins primaires,"Soins de base,Soins d'urgence élémentaires"
Ouanana,Tanger-Tetouan-Al Hoceima,Ouezzane,Ounnana,CSR-1,Centre de Santé Rural niveau 1,Soins primaires,"Médecine générale,Soins de base,Vaccination,Soins infirmiers"
Ouled Bder,Tanger-Tetouan-Al Hoceima,Ouezzane,Ounnana,CSR-1,Centre de Santé Rural niveau 1,Soins primaires,"Médecine générale,Soins de base,Vaccination,Soins infirmiers"
Ain Dorrij,Tanger-Tetouan-Al Hoceima,Ouezzane,Lamjaara,CSR-2,Centre de Santé Rural niveau 2,Soins primaires,"Médecine générale,Soins de base,Vaccination,Soins infirmiers"
Mestitef,Tanger-Tetouan-Al Hoceima,Ouezzane,Zghira,DR,Dispensaire Rural,Soins primaires,"Soins de base,Soins d'urgence élémentaires"
Zghira,Tanger-Tetouan-Al Hoceima,Ouezzane,Zghira,CSR-2,Centre de Santé Rural niveau 2,Soins primaires,"Médecine générale,Soins de base,Vaccination,Soins infirmiers"
Lalla Aicha,Tanger-Tetouan-Al Hoceima,Ouezzane,Teroual,DR,Dispensaire Rural,Soins primaires,"Soins de base,Soins d'urgence élémentaires"
Teroual,Tanger-Tetouan-Al Hoceima,Ouezzane,Teroual,CSR-2,Centre de Santé Rural niveau 2,Soins primaires,"Médecine générale,Soins de base,Vaccination,Soins infirmiers"
Mesker,Tanger-Tetouan-Al Hoceima,Ouezzane,Sidi Bousber,DR,Dispensaire Rural,Soins primaires,"Soins de base,Soins d'urgence élémentaires"
Sidi Bousber,Tanger-Tetouan-Al Hoceima,Ouezzane,Sidi Bousber,CSR-2,Centre de Santé Rural niveau 2,Soins primaires,"Médecine générale,Soins de base,Vaccination,Soins infirmiers"
Lmghessel,Tanger-Tetouan-Al Hoceima,Ouezzane,Lamjaara,DR,Dispensaire Rural,Soins primaires,"Soins de base,Soins d'urgence élémentaires"
Sidi Ahmed Cherif,Tanger-Tetouan-Al Hoceima,Ouezzane,Sidi Ahmed Cherif,CSR-1,Centre de Santé Rural niveau 1,Soins primaires,"Médecine générale,Soins de base,Vaccination,Soins infirmiers"
Hay Jadid,Tanger-Tetouan-Al Hoceima,Tanger Assilah,Souani,CSU-1,Centre de Santé Urbain niveau 1,Soins primaires,"Médecine générale,Soins de base,Vaccination,Planning familial,Consultation infirmière"
Ben Dibane,Tanger-Tetouan-Al Hoceima,Tanger Assilah,Souani,CSU-1,Centre de Santé Urbain niveau 1,Soins primaires,"Médecine générale,Soins de base,Vaccination,Planning familial,Consultation infirmière"
Branes,Tanger-Tetouan-Al Hoceima,Tanger Assilah,Souani,CSU-1,Centre de Santé Urbain niveau 1,Soins primaires,"Médecine générale,Soins de base,Vaccination,Planning familial,Consultation infirmière"
Jules Cot,Tanger-Tetouan-Al Hoceima,Tanger Assilah,Al Madina,CSU-2,Centre de Santé Urbain niveau 2,Soins primaires,"Médecine générale,Soins de base,Vaccination,Planning familial,Consultation infirmière"
Dradeb,Tanger-Tetouan-Al Hoceima,Tanger Assilah,Al Madina,CSU-2,Centre de Santé Urbain niveau 2,Soins primaires,"Médecine générale,Soins de base,Vaccination,Planning familial,Consultation infirmière"
Val Fleury,Tanger-Tetouan-Al Hoceima,Tanger Assilah,Al Madina,CSU-1,Centre de Santé Urbain niveau 1,Soins primaires,"Médecine générale,Soins de base,Vaccination,Planning familial,Consultation infirmière"
Mesnana,Tanger-Tetouan-Al Hoceima,Tanger Assilah,Al Madina,CSU-1,Centre de Santé Urbain niveau 1,Soins primaires,"Médecine générale,Soins de base,Vaccination,Planning familial,Consultation infirmière"
Gzenaya,Tanger-Tetouan-Al Hoceima,Tanger Assilah,Gueznaia,CSU-2,Centre de Santé Urbain niveau 2,Soins primaires,"Médecine générale,Soins de base,Vaccination,Planning familial,Consultation infirmière"
El mers Aouma,Tanger-Tetouan-Al Hoceima,Tanger Assilah,Bni Makada,CSU-2,Centre de Santé Urbain niveau 2,Soins primaires,"Médecine générale,Soins de base,Vaccination,Planning familial,Consultation infirmière"
Labo. Epidemiologique,Tanger-Tetouan-Al Hoceima,Tanger Assilah,Mghogha,LSP,Laboratoire de Santé Publique,Soins primaires,Laboratoire d'analyses médicales
Centre De Reference,Tanger-Tetouan-Al Hoceima,Tanger Assilah,Souani,CRSR,Centre de Référence en Santé de Reproduction,Soins primaires,"Gynécologie,Santé de la reproduction,Planification familiale,Maternité"
C. Diagnostic Tuberculose,Tanger-Tetouan-Al Hoceima,Tanger Assilah,Al Madina,CDTMR,Centre de Diagnostic et de Traitement des Maladies Respiratoires,Soins primaires,"Pneumologie,Maladies respiratoires,Tuberculose,CDTMR"
ACHENAD,Tanger-Tetouan-Al Hoceima,Tanger Assilah,Bni Makada,CSU-1,Centre de Santé Urbain niveau 1,Soins primaires,"Médecine générale,Soins de base,Vaccination,Planning familial,Consultation infirmière"
Bni Touzine,Tanger-Tetouan-Al Hoceima,Tanger Assilah,Bni Makada,CSU-1,Centre de Santé Urbain niveau 1,Soins primaires,"Médecine générale,Soins de base,Vaccination,Planning familial,Consultation infirmière"
Tanja Ballia,Tanger-Tetouan-Al Hoceima,Tanger Assilah,Mghogha,CSU-1,Centre de Santé Urbain niveau 1,Soins primaires,"Médecine générale,Soins de base,Vaccination,Planning familial,Consultation infirmière"
Dhar Kanfoud,Tanger-Tetouan-Al Hoceima,Tanger Assilah,Bni Makada,CSU-1,Centre de Santé Urbain niveau 1,Soins primaires,"Médecine générale,Soins de base,Vaccination,Planning familial,Consultation infirmière"
Mghogha,Tanger-Tetouan-Al Hoceima,Tanger Assilah,Mghogha,CSU-1,Centre de Santé Urbain niveau 1,Soins primaires,"Médecine générale,Soins de base,Vaccination,Planning familial,Consultation infirmière"
Aouama Gharbia,Tanger-Tetouan-Al Hoceima,Tanger Assilah,Bni Makada,CSU-1,Centre de Santé Urbain niveau 1,Soins primaires,"Médecine générale,Soins de base,Vaccination,Planning familial,Consultation infirmière"
Merj Boutayeb,Tanger-Tetouan-Al Hoceima,Tanger Assilah,Assilah,CSU-1,Centre de Santé Urbain niveau 1,Soins primaires,"Médecine générale,Soins de base,Vaccination,Planning familial,Consultation infirmière"
El Marsa,Tanger-Tetouan-Al Hoceima,Tanger Assilah,Assilah,CSU-1,Centre de Santé Urbain niveau 1,Soins primaires,"Médecine générale,Soins de base,Vaccination,Planning familial,Consultation infirmière"
Bni Ouriaghel,Tanger-Tetouan-Al Hoceima,Tanger Assilah,Bni Makada,CSU-1,Centre de Santé Urbain niveau 1,Soins primaires,"Médecine générale,Soins de base,Vaccination,Planning familial,Consultation infirmière"
Jirari,Tanger-Tetouan-Al Hoceima,Tanger Assilah,Bni Makada,CSU-2,Centre de Santé Urbain niveau 2,Soins primaires,"Médecine générale,Soins de base,Vaccination,Planning familial,Consultation infirmière"
Bir Chifa,Tanger-Tetouan-Al Hoceima,Tanger Assilah,Bni Makada,CSU-1,Centre de Santé Urbain niveau 1,Soins primaires,"Médecine générale,Soins de base,Vaccination,Planning familial,Consultation infirmière"
Al Amal (2),Tanger-Tetouan-Al Hoceima,Tanger Assilah,Bni Makada,CSU-1,Centre de Santé Urbain niveau 1,Soins primaires,"Médecine générale,Soins de base,Vaccination,Planning familial,Consultation infirmière"
Mozart,Tanger-Tetouan-Al Hoceima,Tanger Assilah,Mghogha,CSU-1,Centre de Santé Urbain niveau 1,Soins primaires,"Médecine générale,Soins de base,Vaccination,Planning familial,Consultation infirmière"
Roi Fahd,Tanger-Tetouan-Al Hoceima,Tanger Assilah,Mghogha,CSU-2,Centre de Santé Urbain niveau 2,Soins primaires,"Médecine générale,Soins de base,Vaccination,Planning familial,Consultation infirmière"
Place Des Arenes,Tanger-Tetouan-Al Hoceima,Tanger Assilah,Mghogha,CSU-1,Centre de Santé Urbain niveau 1,Soins primaires,"Médecine générale,Soins de base,Vaccination,Planning familial,Consultation infirmière"
Bni Makada (Souani),Tanger-Tetouan-Al Hoceima,Tanger Assilah,Mghogha,CSU-1,Centre de Santé Urbain niveau 1,Soins primaires,"Médecine générale,Soins de base,Vaccination,Planning familial,Consultation infirmière"
Lkhreb,Tanger-Tetouan-Al Hoceima,Tanger Assilah,Mghogha,CSU-1,Centre de Santé Urbain niveau 1,Soins primaires,"Médecine générale,Soins de base,Vaccination,Planning familial,Consultation infirmière"
Said Nouceiri (Bni Makada),Tanger-Tetouan-Al Hoceima,Tanger Assilah,Souani,CSU-2,Centre de Santé Urbain niveau 2,Soins primaires,"Médecine générale,Soins de base,Vaccination,Planning familial,Consultation infirmière"
Emsallah,Tanger-Tetouan-Al Hoceima,Tanger Assilah,Souani,CSU-1,Centre de Santé Urbain niveau 1,Soins primaires,"Médecine générale,Soins de base,Vaccination,Planning familial,Consultation infirmière"
Sidi Lyamani,Tanger-Tetouan-Al Hoceima,Tanger Assilah,Sidi Lyamani,CSR-2,Centre de Santé Rural niveau 2,Soins primaires,"Médecine générale,Soins de base,Vaccination,Soins infirmiers"
Mejlaou,Tanger-Tetouan-Al Hoceima,Tanger Assilah,Sahel Chamali,CSR-1,Centre de Santé Rural niveau 1,Soins primaires,"Médecine générale,Soins de base,Vaccination,Soins infirmiers"
Had Gharbia,Tanger-Tetouan-Al Hoceima,Tanger Assilah,Had Al Gharbia,CSR-2,Centre de Santé Rural niveau 2,Soins primaires,"Médecine générale,Soins de base,Vaccination,Soins infirmiers"
Briech,Tanger-Tetouan-Al Hoceima,Tanger Assilah,Aquouass Briech,CSR-1,Centre de Santé Rural niveau 1,Soins primaires,"Médecine générale,Soins de base,Vaccination,Soins infirmiers"
Gouaret,Tanger-Tetouan-Al Hoceima,Tanger Assilah,Laaouama,CSR-1,Centre de Santé Rural niveau 1,Soins primaires,"Médecine générale,Soins de base,Vaccination,Soins infirmiers"
Hjar Nhal,Tanger-Tetouan-Al Hoceima,Tanger Assilah,HJAR ENNHAL,CSR-1,Centre de Santé Rural niveau 1,Soins primaires,"Médecine générale,Soins de base,Vaccination,Soins infirmiers"
Dar Chaoui,Tanger-Tetouan-Al Hoceima,Tanger Assilah,Dar Chaoui,CSR-2,Centre de Santé Rural niveau 2,Soins primaires,"Médecine générale,Soins de base,Vaccination,Soins infirmiers"
El Menzla ( Barr. El Hachef),Tanger-Tetouan-Al Hoceima,Tanger Assilah,Al Manzla,CSR-1,Centre de Santé Rural niveau 1,Soins primaires,"Médecine générale,Soins de base,Vaccination,Soins infirmiers"
Zinate,Tanger-Tetouan-Al Hoceima,Tanger Assilah,Sebt Azzinate,CSR-1,Centre de Santé Rural niveau 1,Soins primaires,"Médecine générale,Soins de base,Vaccination,Soins infirmiers"
Kassabah (Dersa Ii),Tanger-Tetouan-Al Hoceima,Tetouan,Tétouan,CSU-1,Centre de Santé Urbain niveau 1,Soins primaires,"Médecine générale,Soins de base,Vaccination,Planning familial,Consultation infirmière"
Dersa Iii (Balinio),Tanger-Tetouan-Al Hoceima,Tetouan,Tétouan,CSU-1,Centre de Santé Urbain niveau 1,Soins primaires,"Médecine générale,Soins de base,Vaccination,Planning familial,Consultation infirmière"
Sidi Talha,Tanger-Tetouan-Al Hoceima,Tetouan,Tétouan,CSU-1,Centre de Santé Urbain niveau 1,Soins primaires,"Médecine générale,Soins de base,Vaccination,Planning familial,Consultation infirmière"
Nakkata,Tanger-Tetouan-Al Hoceima,Tetouan,Tétouan,CSU-1,Centre de Santé Urbain niveau 1,Soins primaires,"Médecine générale,Soins de base,Vaccination,Planning familial,Consultation infirmière"
Dar Morsya,Tanger-Tetouan-Al Hoceima,Tetouan,Tétouan,CSU-1,Centre de Santé Urbain niveau 1,Soins primaires,"Médecine générale,Soins de base,Vaccination,Planning familial,Consultation infirmière"
Tabola,Tanger-Tetouan-Al Hoceima,Tetouan,Tétouan,CSU-1,Centre de Santé Urbain niveau 1,Soins primaires,"Médecine générale,Soins de base,Vaccination,Planning familial,Consultation infirmière"
Samsa,Tanger-Tetouan-Al Hoceima,Tetouan,Tétouan,CSU-1,Centre de Santé Urbain niveau 1,Soins primaires,"Médecine générale,Soins de base,Vaccination,Planning familial,Consultation infirmière"
Dersa,Tanger-Tetouan-Al Hoceima,Tetouan,Tétouan,CSU-1,Centre de Santé Urbain niveau 1,Soins primaires,"Médecine générale,Soins de base,Vaccination,Planning familial,Consultation infirmière"
Cite Scolaire,Tanger-Tetouan-Al Hoceima,Tetouan,Tétouan,CSU-1,Centre de Santé Urbain niveau 1,Soins primaires,"Médecine générale,Soins de base,Vaccination,Planning familial,Consultation infirmière"
Bab Tout,Tanger-Tetouan-Al Hoceima,Tetouan,Tétouan,CSU-1,Centre de Santé Urbain niveau 1,Soins primaires,"Médecine générale,Soins de base,Vaccination,Planning familial,Consultation infirmière"
Boujara (Aviation),Tanger-Tetouan-Al Hoceima,Tetouan,Tétouan,CSU-1,Centre de Santé Urbain niveau 1,Soins primaires,"Médecine générale,Soins de base,Vaccination,Planning familial,Consultation infirmière"
Coelma,Tanger-Tetouan-Al Hoceima,Tetouan,Tétouan,CSU-1,Centre de Santé Urbain niveau 1,Soins primaires,"Médecine générale,Soins de base,Vaccination,Planning familial,Consultation infirmière"
Touilaa,Tanger-Tetouan-Al Hoceima,Tetouan,Tétouan,CSU-1,Centre de Santé Urbain niveau 1,Soins primaires,"Médecine générale,Soins de base,Vaccination,Planning familial,Consultation infirmière"
Sidi Frij,Tanger-Tetouan-Al Hoceima,Tetouan,Tétouan,CSU-1,Centre de Santé Urbain niveau 1,Soins primaires,"Médecine générale,Soins de base,Vaccination,Planning familial,Consultation infirmière"
My Hassan,Tanger-Tetouan-Al Hoceima,Tetouan,Tétouan,CSU-1,Centre de Santé Urbain niveau 1,Soins primaires,"Médecine générale,Soins de base,Vaccination,Planning familial,Consultation infirmière"
Mhannech,Tanger-Tetouan-Al Hoceima,Tetouan,Tétouan,CSU-1,Centre de Santé Urbain niveau 1,Soins primaires,"Médecine générale,Soins de base,Vaccination,Planning familial,Consultation infirmière"
Mallah,Tanger-Tetouan-Al Hoceima,Tetouan,Tétouan,CSU-1,Centre de Santé Urbain niveau 1,Soins primaires,"Médecine générale,Soins de base,Vaccination,Planning familial,Consultation infirmière"
Oued Laou,Tanger-Tetouan-Al Hoceima,Tetouan,Oued Laou,CSU-2,Centre de Santé Urbain niveau 2,Soins primaires,"Médecine générale,Soins de base,Vaccination,Planning familial,Consultation infirmière"
Koratt Sebat,Tanger-Tetouan-Al Hoceima,Tetouan,Tétouan,CSU-1,Centre de Santé Urbain niveau 1,Soins primaires,"Médecine générale,Soins de base,Vaccination,Planning familial,Consultation infirmière"
Tetouan (Hôpital),Tanger-Tetouan-Al Hoceima,Tetouan,Tétouan,LSP,Laboratoire de Santé Publique,Soins primaires,Laboratoire d'analyses médicales
CDTMR,Tanger-Tetouan-Al Hoceima,Tetouan,Tétouan,CDTMR,Centre de Diagnostic et de Traitement des Maladies Respiratoires,Soins primaires,"Pneumologie,Maladies respiratoires,Tuberculose,CDTMR"
Tetouan,Tanger-Tetouan-Al Hoceima,Tetouan,Tétouan,CRSR,Centre de Référence en Santé de Reproduction,Soins primaires,"Gynécologie,Santé de la reproduction,Planification familiale,Maternité"
Bni Idder,Tanger-Tetouan-Al Hoceima,Tetouan,Bni Idder,CSR-1,Centre de Santé Rural niveau 1,Soins primaires,"Médecine générale,Soins de base,Vaccination,Soins infirmiers"
Amzal,Tanger-Tetouan-Al Hoceima,Tetouan,Sahtryine,CSR-1,Centre de Santé Rural niveau 1,Soins primaires,"Médecine générale,Soins de base,Vaccination,Soins infirmiers"
Saddina,Tanger-Tetouan-Al Hoceima,Tetouan,Saddina,CSR-1,Centre de Santé Rural niveau 1,Soins primaires,"Médecine générale,Soins de base,Vaccination,Soins infirmiers"
Jbel Hbib,Tanger-Tetouan-Al Hoceima,Tetouan,Jbel Lahbib,CSR-2,Centre de Santé Rural niveau 2,Soins primaires,"Médecine générale,Soins de base,Vaccination,Soins infirmiers"
Bni Harchen,Tanger-Tetouan-Al Hoceima,Tetouan,Bni Harchen,CSR-1,Centre de Santé Rural niveau 1,Soins primaires,"Médecine générale,Soins de base,Vaccination,Soins infirmiers"
Dchar Tnine,Tanger-Tetouan-Al Hoceima,Tetouan,AL Kharroub,CSR-1,Centre de Santé Rural niveau 1,Soins primaires,"Médecine générale,Soins de base,Vaccination,Soins infirmiers"
Fondaq,Tanger-Tetouan-Al Hoceima,Tetouan,Ain Lahsan,CSR-1,Centre de Santé Rural niveau 1,Soins primaires,"Médecine générale,Soins de base,Vaccination,Soins infirmiers"
Mallalienne,Tanger-Tetouan-Al Hoceima,Tetouan,Mallalienne,CSR-1,Centre de Santé Rural niveau 1,Soins primaires,"Médecine générale,Soins de base,Vaccination,Soins infirmiers"
Souk Kdim,Tanger-Tetouan-Al Hoceima,Tetouan,Souk Kdim,CSR-1,Centre de Santé Rural niveau 1,Soins primaires,"Médecine générale,Soins de base,Vaccination,Soins infirmiers"
Had Bghaghza,Tanger-Tetouan-Al Hoceima,Tetouan,Bghaghza,CSR-1,Centre de Santé Rural niveau 1,Soins primaires,"Médecine générale,Soins de base,Vaccination,Soins infirmiers"
Ben Karrich,Tanger-Tetouan-Al Hoceima,Tetouan,Dar Bni Karrich,CSR-2,Centre de Santé Rural niveau 2,Soins primaires,"Médecine générale,Soins de base,Vaccination,Soins infirmiers"
Tassift (Amsa),Tanger-Tetouan-Al Hoceima,Tetouan,Zaouiat Sidi Kacem,CSR-1,Centre de Santé Rural niveau 1,Soins primaires,"Médecine générale,Soins de base,Vaccination,Soins infirmiers"
Zinate (Dar En-Nia),Tanger-Tetouan-Al Hoceima,Tetouan,Zinat,CSR-1,Centre de Santé Rural niveau 1,Soins primaires,"Médecine générale,Soins de base,Vaccination,Soins infirmiers"
Bni Said (Chrouda),Tanger-Tetouan-Al Hoceima,Tetouan,Bni Said,CSR-1,Centre de Santé Rural niveau 1,Soins primaires,"Médecine générale,Soins de base,Vaccination,Soins infirmiers"
Dar Allalou,Tanger-Tetouan-Al Hoceima,Tetouan,Azla,DR,Dispensaire Rural,Soins primaires,"Soins de base,Soins d'urgence élémentaires"
Azla,Tanger-Tetouan-Al Hoceima,Tetouan,Azla,CSR-1,Centre de Santé Rural niveau 1,Soins primaires,"Médecine générale,Soins de base,Vaccination,Soins infirmiers"
Zaitoun (Beni Salah),Tanger-Tetouan-Al Hoceima,Tetouan,Zaitoune,CSR-1,Centre de Santé Rural niveau 1,Soins primaires,"Médecine générale,Soins de base,Vaccination,Soins infirmiers"
Beni Hassan,Tanger-Tetouan-Al Hoceima,Tetouan,Al Hamra,CSR-2,Centre de Santé Rural niveau 2,Soins primaires,"Médecine générale,Soins de base,Vaccination,Soins infirmiers"
Khazzan Laou,Tanger-Tetouan-Al Hoceima,Tetouan,Al Oued,CSR-1,Centre de Santé Rural niveau 1,Soins primaires,"Médecine générale,Soins de base,Vaccination,Soins infirmiers"
Timizar,Tanger-Tetouan-Al Hoceima,Tetouan,Bni Leit,CSR-1,Centre de Santé Rural niveau 1,Soins primaires,"Médecine générale,Soins de base,Vaccination,Soins infirmiers"
Ichouchen,Tanger-Tetouan-Al Hoceima,Tetouan,Oulad Ali Mansour,CSR-1,Centre de Santé Rural niveau 1,Soins primaires,"Médecine générale,Soins de base,Vaccination,Soins infirmiers"
Diza,Tanger-Tetouan-Al Hoceima,Mdiq-Fnideq,Martil,CSU-1,Centre de Santé Urbain niveau 1,Soins primaires,"Médecine générale,Soins de base,Vaccination,Planning familial,Consultation infirmière"
El kelaa,Tanger-Tetouan-Al Hoceima,Mdiq-Fnideq,M'Diq,CSU-1,Centre de Santé Urbain niveau 1,Soins primaires,"Médecine générale,Soins de base,Vaccination,Planning familial,Consultation infirmière"
Mdiq Fnideq (My Rachid),Tanger-Tetouan-Al Hoceima,Mdiq-Fnideq,Fnideq,CDTMR,Centre de Diagnostic et de Traitement des Maladies Respiratoires,Soins primaires,"Pneumologie,Maladies respiratoires,Tuberculose,CDTMR"
Fnideq,Tanger-Tetouan-Al Hoceima,Mdiq-Fnideq,Fnideq,CSU-2,Centre de Santé Urbain niveau 2,Soins primaires,"Médecine générale,Soins de base,Vaccination,Planning familial,Consultation infirmière"
Al Massira (Condessa),Tanger-Tetouan-Al Hoceima,Mdiq-Fnideq,Fnideq,CSU-1,Centre de Santé Urbain niveau 1,Soins primaires,"Médecine générale,Soins de base,Vaccination,Planning familial,Consultation infirmière"
Quartier Istiqlal,Tanger-Tetouan-Al Hoceima,Mdiq-Fnideq,M'Diq,CSU-1,Centre de Santé Urbain niveau 1,Soins primaires,"Médecine générale,Soins de base,Vaccination,Planning familial,Consultation infirmière"
Ahrik,Tanger-Tetouan-Al Hoceima,Mdiq-Fnideq,Martil,CSU-1,Centre de Santé Urbain niveau 1,Soins primaires,"Médecine générale,Soins de base,Vaccination,Planning familial,Consultation infirmière"
Miramar,Tanger-Tetouan-Al Hoceima,Mdiq-Fnideq,Martil,CSU-1,Centre de Santé Urbain niveau 1,Soins primaires,"Médecine générale,Soins de base,Vaccination,Planning familial,Consultation infirmière"
Mdiq Fnideq (My Rachid),Tanger-Tetouan-Al Hoceima,Mdiq-Fnideq,Fnideq,CRSR,Centre de Référence en Santé de Reproduction,Soins primaires,"Gynécologie,Santé de la reproduction,Planification familiale,Maternité"
Belyounech,Tanger-Tetouan-Al Hoceima,Mdiq-Fnideq,Belyounech,CSR-1,Centre de Santé Rural niveau 1,Soins primaires,"Médecine générale,Soins de base,Vaccination,Soins infirmiers"
Allyine,Tanger-Tetouan-Al Hoceima,Mdiq-Fnideq,Allyene,CSR-1,Centre de Santé Rural niveau 1,Soins primaires,"Médecine générale,Soins de base,Vaccination,Soins infirmiers"
Berkane,Oriental,Berkane,Berkane,LSP,Laboratoire de Santé Publique,Soins primaires,Laboratoire d'analyses médicales
Ahfir,Oriental,Berkane,Ahfir,CSU-2,Centre de Santé Urbain niveau 2,Soins primaires,"Médecine générale,Soins de base,Vaccination,Planning familial,Consultation infirmière"
CDTMR Berkane,Oriental,Berkane,Berkane,CDTMR,Centre de Diagnostic et de Traitement des Maladies Respiratoires,Soins primaires,"Pneumologie,Maladies respiratoires,Tuberculose,CDTMR"
Zellaka,Oriental,Berkane,Berkane,CSU-1,Centre de Santé Urbain niveau 1,Soins primaires,"Médecine générale,Soins de base,Vaccination,Planning familial,Consultation infirmière"
S.Sl. Echcherraa,Oriental,Berkane,Sidi Slimane Echcharraa,CSU-1,Centre de Santé Urbain niveau 1,Soins primaires,"Médecine générale,Soins de base,Vaccination,Planning familial,Consultation infirmière"
Ain Erreggada,Oriental,Berkane,Ain Erreggada,CSU-1,Centre de Santé Urbain niveau 1,Soins primaires,"Médecine générale,Soins de base,Vaccination,Planning familial,Consultation infirmière"
Bouhdila,Oriental,Berkane,Berkane,CSU-1,Centre de Santé Urbain niveau 1,Soins primaires,"Médecine générale,Soins de base,Vaccination,Planning familial,Consultation infirmière"
Moukaouama (Lemhel),Oriental,Berkane,Berkane,CSU-1,Centre de Santé Urbain niveau 1,Soins primaires,"Médecine générale,Soins de base,Vaccination,Planning familial,Consultation infirmière"
Al Qods,Oriental,Berkane,Berkane,CSU-1,Centre de Santé Urbain niveau 1,Soins primaires,"Médecine générale,Soins de base,Vaccination,Planning familial,Consultation infirmière"
Aklim,Oriental,Berkane,Aklim,CSU-2,Centre de Santé Urbain niveau 2,Soins primaires,"Médecine générale,Soins de base,Vaccination,Planning familial,Consultation infirmière"
Saidia,Oriental,Berkane,Saidia,CSU-1,Centre de Santé Urbain niveau 1,Soins primaires,"Médecine générale,Soins de base,Vaccination,Planning familial,Consultation infirmière"
Lamriss (Od Al Bali),Oriental,Berkane,Aghbal,DR,Dispensaire Rural,Soins primaires,"Soins de base,Soins d'urgence élémentaires"
Ain Zebda,Oriental,Berkane,Madagh,DR,Dispensaire Rural,Soins primaires,"Soins de base,Soins d'urgence élémentaires"
Madagh,Oriental,Berkane,Madagh,CSR-1,Centre de Santé Rural niveau 1,Soins primaires,"Médecine générale,Soins de base,Vaccination,Soins infirmiers"
Laatamna,Oriental,Berkane,Laatamna,CSR-1,Centre de Santé Rural niveau 1,Soins primaires,"Médecine générale,Soins de base,Vaccination,Soins infirmiers"
Fezouane,Oriental,Berkane,Fezouane,CSR-1,Centre de Santé Rural niveau 1,Soins primaires,"Médecine générale,Soins de base,Vaccination,Soins infirmiers"
Aghbal,Oriental,Berkane,Aghbal,CSR-1,Centre de Santé Rural niveau 1,Soins primaires,"Médecine générale,Soins de base,Vaccination,Soins infirmiers"
Boughriba,Oriental,Berkane,Boughriba,CSR-1,Centre de Santé Rural niveau 1,Soins primaires,"Médecine générale,Soins de base,Vaccination,Soins infirmiers"
Argana,Oriental,Berkane,Chouihia,CSR-1,Centre de Santé Rural niveau 1,Soins primaires,"Médecine générale,Soins de base,Vaccination,Soins infirmiers"
Tafoughalt,Oriental,Berkane,Tafoughalt,CSR-2,Centre de Santé Rural niveau 2,Soins primaires,"Médecine générale,Soins de base,Vaccination,Soins infirmiers"
Sidi Bouhria,Oriental,Berkane,Sidi Bouhria,CSR-1,Centre de Santé Rural niveau 1,Soins primaires,"Médecine générale,Soins de base,Vaccination,Soins infirmiers"
Rislane,Oriental,Berkane,Rislane,CSR-1,Centre de Santé Rural niveau 1,Soins primaires,"Médecine générale,Soins de base,Vaccination,Soins infirmiers"
Chouihiya,Oriental,Berkane,Chouihia,CSR-1,Centre de Santé Rural niveau 1,Soins primaires,"Médecine générale,Soins de base,Vaccination,Soins infirmiers"
Dzayest,Oriental,Berkane,Boughriba,CSR-1,Centre de Santé Rural niveau 1,Soins primaires,"Médecine générale,Soins de base,Vaccination,Soins infirmiers"
Aouloute (Zegzel),Oriental,Berkane,Zegzel,CSR-1,Centre de Santé Rural niveau 1,Soins primaires,"Médecine générale,Soins de base,Vaccination,Soins infirmiers"
Ben Taieb,Oriental,Driouch,Ben Taieb,CSU-2,Centre de Santé Urbain niveau 2,Soins primaires,"Médecine générale,Soins de base,Vaccination,Planning familial,Consultation infirmière"
Itahriouen,Oriental,Driouch,Midar,CSU-1,Centre de Santé Urbain niveau 1,Soins primaires,"Médecine générale,Soins de base,Vaccination,Planning familial,Consultation infirmière"
Driouch,Oriental,Driouch,Driouch,CSU-1,Centre de Santé Urbain niveau 1,Soins primaires,"Médecine générale,Soins de base,Vaccination,Planning familial,Consultation infirmière"
Trougout,Oriental,Driouch,Trougout,CSR-2,Centre de Santé Rural niveau 2,Soins primaires,"Médecine générale,Soins de base,Vaccination,Soins infirmiers"
Boudinar,Oriental,Driouch,Boudinar,CSR-2,Centre de Santé Rural niveau 2,Soins primaires,"Médecine générale,Soins de base,Vaccination,Soins infirmiers"
IJJATI (Ait Chokt),Oriental,Driouch,Boudinar,DR,Dispensaire Rural,Soins primaires,"Soins de base,Soins d'urgence élémentaires"
Trifa B.Marghnine,Oriental,Driouch,Bni Marghnine,CSR-1,Centre de Santé Rural niveau 1,Soins primaires,"Médecine générale,Soins de base,Vaccination,Soins infirmiers"
IMASSOUDEN (Ouled Amghar),Oriental,Driouch,Oulad Amghar,CSR-2,Centre de Santé Rural niveau 2,Soins primaires,"Médecine générale,Soins de base,Vaccination,Soins infirmiers"
Salda,Oriental,Driouch,Boudinar,DR,Dispensaire Rural,Soins primaires,"Soins de base,Soins d'urgence élémentaires"
Ijermaouas,Oriental,Driouch,Ijermaouas,CSR-2,Centre de Santé Rural niveau 2,Soins primaires,"Médecine générale,Soins de base,Vaccination,Soins infirmiers"
Izray,Oriental,Driouch,Ijermaouas,DR,Dispensaire Rural,Soins primaires,"Soins de base,Soins d'urgence élémentaires"
Khmiss Temsamane,Oriental,Driouch,Temsamane,CSR-1,Centre de Santé Rural niveau 1,Soins primaires,"Médecine générale,Soins de base,Vaccination,Soins infirmiers"
Azlef,Oriental,Driouch,Azlaf,CSR-1,Centre de Santé Rural niveau 1,Soins primaires,"Médecine générale,Soins de base,Vaccination,Soins infirmiers"
Tafersit,Oriental,Driouch,Tafersit,CSR-2,Centre de Santé Rural niveau 2,Soins primaires,"Médecine générale,Soins de base,Vaccination,Soins infirmiers"
B.BOUYIRI JBEL (Bouyart),Oriental,Driouch,Iferni,DR,Dispensaire Rural,Soins primaires,"Soins de base,Soins d'urgence élémentaires"
Midar Haut,Oriental,Driouch,Iferni,CSR-1,Centre de Santé Rural niveau 1,Soins primaires,"Médecine générale,Soins de base,Vaccination,Soins infirmiers"
M'hajer,Oriental,Driouch,M'Hajer,CSR-1,Centre de Santé Rural niveau 1,Soins primaires,"Médecine générale,Soins de base,Vaccination,Soins infirmiers"
Ouardana,Oriental,Driouch,Ouardana,CSR-1,Centre de Santé Rural niveau 1,Soins primaires,"Médecine générale,Soins de base,Vaccination,Soins infirmiers"
Talilit,Oriental,Driouch,Talilit,CSR-1,Centre de Santé Rural niveau 1,Soins primaires,"Médecine générale,Soins de base,Vaccination,Soins infirmiers"
Kassita,Oriental,Driouch,Tsaft,CSR-2,Centre de Santé Rural niveau 2,Soins primaires,"Médecine générale,Soins de base,Vaccination,Soins infirmiers"
Iouchikhane,Oriental,Driouch,Talilit,DR,Dispensaire Rural,Soins primaires,"Soins de base,Soins d'urgence élémentaires"
AitLahcen Oualla,Oriental,Driouch,Iferni,DR,Dispensaire Rural,Soins primaires,"Soins de base,Soins d'urgence élémentaires"
Bni Ziane,Oriental,Driouch,Tsaft,DR,Dispensaire Rural,Soins primaires,"Soins de base,Soins d'urgence élémentaires"
Bouramana,Oriental,Driouch,Amejjaou,DR,Dispensaire Rural,Soins primaires,"Soins de base,Soins d'urgence élémentaires"
Tkhabacht (Ihmidaten),Oriental,Driouch,Amejjaou,CSR-1,Centre de Santé Rural niveau 1,Soins primaires,"Médecine générale,Soins de base,Vaccination,Soins infirmiers"
Tazaghine,Oriental,Driouch,Tazaghine,CSR-2,Centre de Santé Rural niveau 2,Soins primaires,"Médecine générale,Soins de base,Vaccination,Soins infirmiers"
Dar Elkebdani,Oriental,Driouch,Dar El Kebdani,CSR-2,Centre de Santé Rural niveau 2,Soins primaires,"Médecine générale,Soins de base,Vaccination,Soins infirmiers"
Ait Mait,Oriental,Driouch,Ait Mait,CSR-1,Centre de Santé Rural niveau 1,Soins primaires,"Médecine générale,Soins de base,Vaccination,Soins infirmiers"
MTALSSA,Oriental,Driouch,Mtalssa,CSR-1,Centre de Santé Rural niveau 1,Soins primaires,"Médecine générale,Soins de base,Vaccination,Soins infirmiers"
Ain Zohra,Oriental,Driouch,Ain Zohra,CSR-2,Centre de Santé Rural niveau 2,Soins primaires,"Médecine générale,Soins de base,Vaccination,Soins infirmiers"
Ouled Driss,Oriental,Driouch,Mtalssa,DR,Dispensaire Rural,Soins primaires,"Soins de base,Soins d'urgence élémentaires"
Ihaddachen,Oriental,Driouch,Oulad Boubker,DR,Dispensaire Rural,Soins primaires,"Soins de base,Soins d'urgence élémentaires"
Oulad Boubker,Oriental,Driouch,Oulad Boubker,CSR-1,Centre de Santé Rural niveau 1,Soins primaires,"Médecine générale,Soins de base,Vaccination,Soins infirmiers"
Bouarfa,Oriental,Figuig,Bouarfa,CSU-1,Centre de Santé Urbain niveau 1,Soins primaires,"Médecine générale,Soins de base,Vaccination,Planning familial,Consultation infirmière"
Zenaga,Oriental,Figuig,Figuig,CSU-1,Centre de Santé Urbain niveau 1,Soins primaires,"Médecine générale,Soins de base,Vaccination,Planning familial,Consultation infirmière"
Figuig,Oriental,Figuig,Figuig,CSU-1,Centre de Santé Urbain niveau 1,Soins primaires,"Médecine générale,Soins de base,Vaccination,Planning familial,Consultation infirmière"
Vllage Toba,Oriental,Figuig,Bouarfa,CSU-1,Centre de Santé Urbain niveau 1,Soins primaires,"Médecine générale,Soins de base,Vaccination,Planning familial,Consultation infirmière"
Bouanane,Oriental,Figuig,Bouanane,CSR-2,Centre de Santé Rural niveau 2,Soins primaires,"Médecine générale,Soins de base,Vaccination,Soins infirmiers"
El Hirch,Oriental,Figuig,Bouanane,DR,Dispensaire Rural,Soins primaires,"Soins de base,Soins d'urgence élémentaires"
Ambaj,Oriental,Figuig,Bouanane,DR,Dispensaire Rural,Soins primaires,"Soins de base,Soins d'urgence élémentaires"
Tamlilt,Oriental,Figuig,Bouanane,DR,Dispensaire Rural,Soins primaires,"Soins de base,Soins d'urgence élémentaires"
Ain Chouater,Oriental,Figuig,Ain Chouater,CSR-1,Centre de Santé Rural niveau 1,Soins primaires,"Médecine générale,Soins de base,Vaccination,Soins infirmiers"
Taguitount,Oriental,Figuig,Bni Tadjite,DR,Dispensaire Rural,Soins primaires,"Soins de base,Soins d'urgence élémentaires"
Bassia,Oriental,Figuig,Bni Tadjite,DR,Dispensaire Rural,Soins primaires,"Soins de base,Soins d'urgence élémentaires"
Bni Tadjite,Oriental,Figuig,Bni Tadjite,CSR-2,Centre de Santé Rural niveau 2,Soins primaires,"Médecine générale,Soins de base,Vaccination,Soins infirmiers"
Ain Chair,Oriental,Figuig,Ain Chair,CSR-1,Centre de Santé Rural niveau 1,Soins primaires,"Médecine générale,Soins de base,Vaccination,Soins infirmiers"
Ait Hmad Ou Haddou,Oriental,Figuig,Bni Tadjite,DR,Dispensaire Rural,Soins primaires,"Soins de base,Soins d'urgence élémentaires"
Chafae,Oriental,Figuig,Abbou Lakhal,DR,Dispensaire Rural,Soins primaires,"Soins de base,Soins d'urgence élémentaires"
Traride,Oriental,Figuig,Tendrara,DR,Dispensaire Rural,Soins primaires,"Soins de base,Soins d'urgence élémentaires"
Tendrara,Oriental,Figuig,Tendrara,CSR-2,Centre de Santé Rural niveau 2,Soins primaires,"Médecine générale,Soins de base,Vaccination,Soins infirmiers"
Maatarka,Oriental,Figuig,Maatarka,CSR-1,Centre de Santé Rural niveau 1,Soins primaires,"Médecine générale,Soins de base,Vaccination,Soins infirmiers"
El Mangoub,Oriental,Figuig,Bni Guil,DR,Dispensaire Rural,Soins primaires,"Soins de base,Soins d'urgence élémentaires"
Ich,Oriental,Figuig,Bni Guil,DR,Dispensaire Rural,Soins primaires,"Soins de base,Soins d'urgence élémentaires"
Bni Guil,Oriental,Figuig,Bni Guil,CSR-1,Centre de Santé Rural niveau 1,Soins primaires,"Médecine générale,Soins de base,Vaccination,Soins infirmiers"
Abbou Lakhal,Oriental,Figuig,Abbou Lakhal,CSR-1,Centre de Santé Rural niveau 1,Soins primaires,"Médecine générale,Soins de base,Vaccination,Soins infirmiers"
Rja Fllah,Oriental,Figuig,Tendrara,DR,Dispensaire Rural,Soins primaires,"Soins de base,Soins d'urgence élémentaires"
Ait Idir,Oriental,Figuig,Talsint,DR,Dispensaire Rural,Soins primaires,"Soins de base,Soins d'urgence élémentaires"
Laghssira (Ait Meziane),Oriental,Figuig,Bouchaouene,DR,Dispensaire Rural,Soins primaires,"Soins de base,Soins d'urgence élémentaires"
Chaib,Oriental,Figuig,Talsint,DR,Dispensaire Rural,Soins primaires,"Soins de base,Soins d'urgence élémentaires"
Boumeriem Centre (Taoura),Oriental,Figuig,Boumerieme,CSR-2,Centre de Santé Rural niveau 2,Soins primaires,"Médecine générale,Soins de base,Vaccination,Soins infirmiers"
Aghmat,Oriental,Figuig,Boumerieme,DR,Dispensaire Rural,Soins primaires,"Soins de base,Soins d'urgence élémentaires"
Talsint,Oriental,Figuig,Talsint,CSR-1,Centre de Santé Rural niveau 1,Soins primaires,"Médecine générale,Soins de base,Vaccination,Soins infirmiers"
Takhoualt,Oriental,Figuig,Talsint,DR,Dispensaire Rural,Soins primaires,"Soins de base,Soins d'urgence élémentaires"
Bouchaoun (Anoual),Oriental,Figuig,Bouchaouene,CSR-2,Centre de Santé Rural niveau 2,Soins primaires,"Médecine générale,Soins de base,Vaccination,Soins infirmiers"
Ghiyata,Oriental,Guercif,Guercif,CSU-1,Centre de Santé Urbain niveau 1,Soins primaires,"Médecine générale,Soins de base,Vaccination,Planning familial,Consultation infirmière"
Chuibir,Oriental,Guercif,Guercif,CSU-1,Centre de Santé Urbain niveau 1,Soins primaires,"Médecine générale,Soins de base,Vaccination,Planning familial,Consultation infirmière"
S.Moha B.Ahmed,Oriental,Guercif,Guercif,CSU-1,Centre de Santé Urbain niveau 1,Soins primaires,"Médecine générale,Soins de base,Vaccination,Planning familial,Consultation infirmière"
Centre de référence Guercif,Oriental,Guercif,Guercif,CRSR,Centre de Référence en Santé de Reproduction,Soins primaires,"Gynécologie,Santé de la reproduction,Planification familiale,Maternité"
LABORATOIRE Guercif,Oriental,Guercif,Guercif,LSP,Laboratoire de Santé Publique,Soins primaires,Laboratoire d'analyses médicales
C.DIAGNOSTIC Guercif,Oriental,Guercif,Guercif,CDTMR,Centre de Diagnostic et de Traitement des Maladies Respiratoires,Soins primaires,"Pneumologie,Maladies respiratoires,Tuberculose,CDTMR"
OULED HAMMOUSSA,Oriental,Guercif,Guercif,CSU-2,Centre de Santé Urbain niveau 2,Soins primaires,"Médecine générale,Soins de base,Vaccination,Planning familial,Consultation infirmière"
Nougd,Oriental,Guercif,Guercif,CSU-1,Centre de Santé Urbain niveau 1,Soins primaires,"Médecine générale,Soins de base,Vaccination,Planning familial,Consultation infirmière"
Barkine,Oriental,Guercif,Barkine,CSR-2,Centre de Santé Rural niveau 2,Soins primaires,"Médecine générale,Soins de base,Vaccination,Soins infirmiers"
Tamjilte,Oriental,Guercif,Barkine,DR,Dispensaire Rural,Soins primaires,"Soins de base,Soins d'urgence élémentaires"
Bni Mekbal,Oriental,Guercif,Barkine,DR,Dispensaire Rural,Soins primaires,"Soins de base,Soins d'urgence élémentaires"
Bouhassane,Oriental,Guercif,Barkine,DR,Dispensaire Rural,Soins primaires,"Soins de base,Soins d'urgence élémentaires"
Houara,Oriental,Guercif,Houara Oulad Raho,CSR-1,Centre de Santé Rural niveau 1,Soins primaires,"Médecine générale,Soins de base,Vaccination,Soins infirmiers"
LAMDAFRA,Oriental,Guercif,Houara Oulad Raho,DR,Dispensaire Rural,Soins primaires,"Soins de base,Soins d'urgence élémentaires"
Lamrija,Oriental,Guercif,Lamrija,CSR-2,Centre de Santé Rural niveau 2,Soins primaires,"Médecine générale,Soins de base,Vaccination,Soins infirmiers"
Rchida,Oriental,Guercif,Lamrija,DR,Dispensaire Rural,Soins primaires,"Soins de base,Soins d'urgence élémentaires"
Oulad Hmid,Oriental,Guercif,Lamrija,DR,Dispensaire Rural,Soins primaires,"Soins de base,Soins d'urgence élémentaires"
Saka,Oriental,Guercif,Saka,CSR-2,Centre de Santé Rural niveau 2,Soins primaires,"Médecine générale,Soins de base,Vaccination,Soins infirmiers"
Hassi Ouanazga,Oriental,Guercif,Saka,DR,Dispensaire Rural,Soins primaires,"Soins de base,Soins d'urgence élémentaires"
Sidi BEN Jaafar,Oriental,Guercif,Houara Oulad Raho,DR,Dispensaire Rural,Soins primaires,"Soins de base,Soins d'urgence élémentaires"
Ouled Saleh,Oriental,Guercif,Houara Oulad Raho,CSR-1,Centre de Santé Rural niveau 1,Soins primaires,"Médecine générale,Soins de base,Vaccination,Soins infirmiers"
Ouled Othman,Oriental,Guercif,Saka,DR,Dispensaire Rural,Soins primaires,"Soins de base,Soins d'urgence élémentaires"
El Foukara,Oriental,Guercif,Saka,DR,Dispensaire Rural,Soins primaires,"Soins de base,Soins d'urgence élémentaires"
Sangal,Oriental,Guercif,Saka,DR,Dispensaire Rural,Soins primaires,"Soins de base,Soins d'urgence élémentaires"
Bni Khlaften,Oriental,Guercif,Lamrija,DR,Dispensaire Rural,Soins primaires,"Soins de base,Soins d'urgence élémentaires"
Zaouia,Oriental,Guercif,Barkine,DR,Dispensaire Rural,Soins primaires,"Soins de base,Soins d'urgence élémentaires"
Boumelza,Oriental,Guercif,Assebbab,DR,Dispensaire Rural,Soins primaires,"Soins de base,Soins d'urgence élémentaires"
EL KHATT,Oriental,Guercif,Saka,DR,Dispensaire Rural,Soins primaires,"Soins de base,Soins d'urgence élémentaires"
Sebab,Oriental,Guercif,Assebbab,CSR-1,Centre de Santé Rural niveau 1,Soins primaires,"Médecine générale,Soins de base,Vaccination,Soins infirmiers"
Bourached,Oriental,Guercif,Assebbab,DR,Dispensaire Rural,Soins primaires,"Soins de base,Soins d'urgence élémentaires"
Oulad Bourima,Oriental,Guercif,Oulad Bourima,CSR-1,Centre de Santé Rural niveau 1,Soins primaires,"Médecine générale,Soins de base,Vaccination,Soins infirmiers"
Msoun,Oriental,Guercif,Taddart,DR,Dispensaire Rural,Soins primaires,"Soins de base,Soins d'urgence élémentaires"
SOUIHLA,Oriental,Guercif,Taddart,DR,Dispensaire Rural,Soins primaires,"Soins de base,Soins d'urgence élémentaires"
Ras Laksar (Zebzit),Oriental,Guercif,Ras Laksar,CSR-2,Centre de Santé Rural niveau 2,Soins primaires,"Médecine générale,Soins de base,Vaccination,Soins infirmiers"
Mazguitam,Oriental,Guercif,Mazguitam,CSR-2,Centre de Santé Rural niveau 2,Soins primaires,"Médecine générale,Soins de base,Vaccination,Soins infirmiers"
Sefsafate (Tirhza),Oriental,Guercif,Taddart,DR,Dispensaire Rural,Soins primaires,"Soins de base,Soins d'urgence élémentaires"
Taddart,Oriental,Guercif,Taddart,CSR-2,Centre de Santé Rural niveau 2,Soins primaires,"Médecine générale,Soins de base,Vaccination,Soins infirmiers"
Meskarat,Oriental,Guercif,Ras Laksar,DR,Dispensaire Rural,Soins primaires,"Soins de base,Soins d'urgence élémentaires"
Oulad Mouhand Ouabdellah,Oriental,Guercif,Mazguitam,DR,Dispensaire Rural,Soins primaires,"Soins de base,Soins d'urgence élémentaires"
Zawya Sidi Belkacem,Oriental,Guercif,Oulad Bourima,DR,Dispensaire Rural,Soins primaires,"Soins de base,Soins d'urgence élémentaires"
Tammasst,Oriental,Guercif,Ras Laksar,DR,Dispensaire Rural,Soins primaires,"Soins de base,Soins d'urgence élémentaires"
Jerrada Medina,Oriental,Jerada,Jerada,CSU-2,Centre de Santé Urbain niveau 2,Soins primaires,"Médecine générale,Soins de base,Vaccination,Planning familial,Consultation infirmière"
Al Hay L'jadid (Novo Centre),Oriental,Jerada,Jerada,CSU-1,Centre de Santé Urbain niveau 1,Soins primaires,"Médecine générale,Soins de base,Vaccination,Planning familial,Consultation infirmière"
Hay Ezzayani,Oriental,Jerada,Ain Bni Mathar,CSU-1,Centre de Santé Urbain niveau 1,Soins primaires,"Médecine générale,Soins de base,Vaccination,Planning familial,Consultation infirmière"
C. DE DIAGNOSTIC ET TRAITEMENT MR,Oriental,Jerada,Jerada,CDTMR,Centre de Diagnostic et de Traitement des Maladies Respiratoires,Soins primaires,"Pneumologie,Maladies respiratoires,Tuberculose,CDTMR"
Ain Bni Mathar,Oriental,Jerada,Ain Bni Mathar,CSU-2,Centre de Santé Urbain niveau 2,Soins primaires,"Médecine générale,Soins de base,Vaccination,Planning familial,Consultation infirmière"
Hassi Blal,Oriental,Jerada,Jerada,CSU-1,Centre de Santé Urbain niveau 1,Soins primaires,"Médecine générale,Soins de base,Vaccination,Planning familial,Consultation infirmière"
Touissit,Oriental,Jerada,Touissit,CSU-2,Centre de Santé Urbain niveau 2,Soins primaires,"Médecine générale,Soins de base,Vaccination,Planning familial,Consultation infirmière"
Ibn Rochd,Oriental,Jerada,Jerada,LSP,Laboratoire de Santé Publique,Soins primaires,Laboratoire d'analyses médicales
El Massira,Oriental,Jerada,Jerada,CSU-1,Centre de Santé Urbain niveau 1,Soins primaires,"Médecine générale,Soins de base,Vaccination,Planning familial,Consultation infirmière"
Guenfouda,Oriental,Jerada,Guenfouda,CSR-2,Centre de Santé Rural niveau 2,Soins primaires,"Médecine générale,Soins de base,Vaccination,Soins infirmiers"
Sidi Boubker,Oriental,Jerada,Sidi Boubker,CSR-1,Centre de Santé Rural niveau 1,Soins primaires,"Médecine générale,Soins de base,Vaccination,Soins infirmiers"
Od EL HIMER,Oriental,Jerada,Tiouli,CSR-1,Centre de Santé Rural niveau 1,Soins primaires,"Médecine générale,Soins de base,Vaccination,Soins infirmiers"
Ras Asfour,Oriental,Jerada,Ras Asfour,CSR-1,Centre de Santé Rural niveau 1,Soins primaires,"Médecine générale,Soins de base,Vaccination,Soins infirmiers"
Tiouli,Oriental,Jerada,Tiouli,CSR-1,Centre de Santé Rural niveau 1,Soins primaires,"Médecine générale,Soins de base,Vaccination,Soins infirmiers"
ZAOUIA,Oriental,Jerada,Bni Mathar,DR,Dispensaire Rural,Soins primaires,"Soins de base,Soins d'urgence élémentaires"
Mrija,Oriental,Jerada,Mrija,CSR-2,Centre de Santé Rural niveau 2,Soins primaires,"Médecine générale,Soins de base,Vaccination,Soins infirmiers"
Od Sidi Abdelhakem,Oriental,Jerada,Oulad Sidi Abdelhakem,DR,Dispensaire Rural,Soins primaires,"Soins de base,Soins d'urgence élémentaires"
Oulad Ghziyel,Oriental,Jerada,Oulad Ghziyel,CSR-1,Centre de Santé Rural niveau 1,Soins primaires,"Médecine générale,Soins de base,Vaccination,Soins infirmiers"
Bni Mathar,Oriental,Jerada,Bni Mathar,CSR-1,Centre de Santé Rural niveau 1,Soins primaires,"Médecine générale,Soins de base,Vaccination,Soins infirmiers"
Laaouinate,Oriental,Jerada,Laaouinate,CSR-1,Centre de Santé Rural niveau 1,Soins primaires,"Médecine générale,Soins de base,Vaccination,Soins infirmiers"
Lebkhata,Oriental,Jerada,Lebkhata,CSR-1,Centre de Santé Rural niveau 1,Soins primaires,"Médecine générale,Soins de base,Vaccination,Soins infirmiers"
Gafait,Oriental,Jerada,Gafait,CSR-2,Centre de Santé Rural niveau 2,Soins primaires,"Médecine générale,Soins de base,Vaccination,Soins infirmiers"
Hassani (Hopital),Oriental,Nador,Nador,CRSR,Centre de Référence en Santé de Reproduction,Soins primaires,"Gynécologie,Santé de la reproduction,Planification familiale,Maternité"
Taouima,Oriental,Nador,Nador,CSU-1,Centre de Santé Urbain niveau 1,Soins primaires,"Médecine générale,Soins de base,Vaccination,Planning familial,Consultation infirmière"
Labo. Epidemiologique (Cdp),Oriental,Nador,Nador,LSP,Laboratoire de Santé Publique,Soins primaires,Laboratoire d'analyses médicales
Elargi Beni Ensar,Oriental,Nador,Bni Ansar,CSU-2,Centre de Santé Urbain niveau 2,Soins primaires,"Médecine générale,Soins de base,Vaccination,Planning familial,Consultation infirmière"
La Marche Verte,Oriental,Nador,Nador,CDTMR,Centre de Diagnostic et de Traitement des Maladies Respiratoires,Soins primaires,"Pneumologie,Maladies respiratoires,Tuberculose,CDTMR"
Alomrane,Oriental,Nador,Selouane,CSU-1,Centre de Santé Urbain niveau 1,Soins primaires,"Médecine générale,Soins de base,Vaccination,Planning familial,Consultation infirmière"
Selouane,Oriental,Nador,Selouane,CSU-2,Centre de Santé Urbain niveau 2,Soins primaires,"Médecine générale,Soins de base,Vaccination,Planning familial,Consultation infirmière"
Ras El Ma,Oriental,Nador,Ras El Ma,CSU-2,Centre de Santé Urbain niveau 2,Soins primaires,"Médecine générale,Soins de base,Vaccination,Planning familial,Consultation infirmière"
Zeghanghane,Oriental,Nador,Zeghanghane,CSU-1,Centre de Santé Urbain niveau 1,Soins primaires,"Médecine générale,Soins de base,Vaccination,Planning familial,Consultation infirmière"
Bni Bouyafrour,Oriental,Nador,Zeghanghane,CSU-1,Centre de Santé Urbain niveau 1,Soins primaires,"Médecine générale,Soins de base,Vaccination,Planning familial,Consultation infirmière"
Sebra,Oriental,Nador,Zaio,CSU-1,Centre de Santé Urbain niveau 1,Soins primaires,"Médecine générale,Soins de base,Vaccination,Planning familial,Consultation infirmière"
Zaio,Oriental,Nador,Zaio,CSU-1,Centre de Santé Urbain niveau 1,Soins primaires,"Médecine générale,Soins de base,Vaccination,Planning familial,Consultation infirmière"
Barraca,Oriental,Nador,Nador,CSU-1,Centre de Santé Urbain niveau 1,Soins primaires,"Médecine générale,Soins de base,Vaccination,Planning familial,Consultation infirmière"
Laari Cheikh,Oriental,Nador,Nador,CSU-1,Centre de Santé Urbain niveau 1,Soins primaires,"Médecine générale,Soins de base,Vaccination,Planning familial,Consultation infirmière"
Al Masjid,Oriental,Nador,Nador,CSU-1,Centre de Santé Urbain niveau 1,Soins primaires,"Médecine générale,Soins de base,Vaccination,Planning familial,Consultation infirmière"
El Bahri,Oriental,Nador,Nador,CSU-1,Centre de Santé Urbain niveau 1,Soins primaires,"Médecine générale,Soins de base,Vaccination,Planning familial,Consultation infirmière"
Al Aarouit,Oriental,Nador,Al Aaroui,CSU-1,Centre de Santé Urbain niveau 1,Soins primaires,"Médecine générale,Soins de base,Vaccination,Planning familial,Consultation infirmière"
Bni Ansar,Oriental,Nador,Bni Ansar,CSU-2,Centre de Santé Urbain niveau 2,Soins primaires,"Médecine générale,Soins de base,Vaccination,Planning familial,Consultation infirmière"
Farkhana,Oriental,Nador,Bni Ansar,CSU-2,Centre de Santé Urbain niveau 2,Soins primaires,"Médecine générale,Soins de base,Vaccination,Planning familial,Consultation infirmière"
Bouzarzaren  (Iheddaden),Oriental,Nador,Ihaddadene,CSR-1,Centre de Santé Rural niveau 1,Soins primaires,"Médecine générale,Soins de base,Vaccination,Soins infirmiers"
Iaazzanene,Oriental,Nador,Iaazzanene,CSR-1,Centre de Santé Rural niveau 1,Soins primaires,"Médecine générale,Soins de base,Vaccination,Soins infirmiers"
Idoudouhane,Oriental,Nador,Bni Chiker,DR,Dispensaire Rural,Soins primaires,"Soins de base,Soins d'urgence élémentaires"
Rahouana,Oriental,Nador,Bni Chiker,DR,Dispensaire Rural,Soins primaires,"Soins de base,Soins d'urgence élémentaires"
Taourirt,Oriental,Nador,Bni Chiker,DR,Dispensaire Rural,Soins primaires,"Soins de base,Soins d'urgence élémentaires"
Bouarg,Oriental,Nador,Bouarg,CSR-1,Centre de Santé Rural niveau 1,Soins primaires,"Médecine générale,Soins de base,Vaccination,Soins infirmiers"
Bni Sidel-Louta,Oriental,Nador,Bni Sidel Louta,CSR-1,Centre de Santé Rural niveau 1,Soins primaires,"Médecine générale,Soins de base,Vaccination,Soins infirmiers"
Bni Sidel Jbel,Oriental,Nador,Bni Sidel Jbel,CSR-2,Centre de Santé Rural niveau 2,Soins primaires,"Médecine générale,Soins de base,Vaccination,Soins infirmiers"
Iksane (Ihajjamene),Oriental,Nador,Iksane,CSR-1,Centre de Santé Rural niveau 1,Soins primaires,"Médecine générale,Soins de base,Vaccination,Soins infirmiers"
Ihaddaden1,Oriental,Nador,Ihaddadene,DR,Dispensaire Rural,Soins primaires,"Soins de base,Soins d'urgence élémentaires"
Bni Bouifrour,Oriental,Nador,Bni Bouifrour,CSR-1,Centre de Santé Rural niveau 1,Soins primaires,"Médecine générale,Soins de base,Vaccination,Soins infirmiers"
Bni Chiker,Oriental,Nador,Bni Chiker,CSR-1,Centre de Santé Rural niveau 1,Soins primaires,"Médecine générale,Soins de base,Vaccination,Soins infirmiers"
Arkmane (Kariat),Oriental,Nador,Arekmane,CSR-2,Centre de Santé Rural niveau 2,Soins primaires,"Médecine générale,Soins de base,Vaccination,Soins infirmiers"
Ouled Zaaj,Oriental,Nador,Arekmane,DR,Dispensaire Rural,Soins primaires,"Soins de base,Soins d'urgence élémentaires"
Oulad Settout,Oriental,Nador,Oulad Settout,CSR-1,Centre de Santé Rural niveau 1,Soins primaires,"Médecine générale,Soins de base,Vaccination,Soins infirmiers"
Ouled Daoud,Oriental,Nador,Oulad Daoud Zkhanine,CSR-1,Centre de Santé Rural niveau 1,Soins primaires,"Médecine générale,Soins de base,Vaccination,Soins infirmiers"
Afsou,Oriental,Nador,Afsou,CSR-1,Centre de Santé Rural niveau 1,Soins primaires,"Médecine générale,Soins de base,Vaccination,Soins infirmiers"
Bni Oukil,Oriental,Nador,Bni Oukil Oulad M'Hand,CSR-1,Centre de Santé Rural niveau 1,Soins primaires,"Médecine générale,Soins de base,Vaccination,Soins infirmiers"
Od RAHOU B.AISSA,Oriental,Nador,Bni Oukil Oulad M'Hand,DR,Dispensaire Rural,Soins primaires,"Soins de base,Soins d'urgence élémentaires"
Hassi-Berkane,Oriental,Nador,Hassi Berkane,CSR-2,Centre de Santé Rural niveau 2,Soins primaires,"Médecine générale,Soins de base,Vaccination,Soins infirmiers"
Tistoutine,Oriental,Nador,Tiztoutine,CSR-1,Centre de Santé Rural niveau 1,Soins primaires,"Médecine générale,Soins de base,Vaccination,Soins infirmiers"
Ibakaniyene (Ouled Youssef),Oriental,Nador,Al Barkanyene,CSR-1,Centre de Santé Rural niveau 1,Soins primaires,"Médecine générale,Soins de base,Vaccination,Soins infirmiers"
Koulouche,Oriental,Oujda Angad,Oujda,CSU-1,Centre de Santé Urbain niveau 1,Soins primaires,"Médecine générale,Soins de base,Vaccination,Planning familial,Consultation infirmière"
Al Andalous,Oriental,Oujda Angad,Oujda,CSU-1,Centre de Santé Urbain niveau 1,Soins primaires,"Médecine générale,Soins de base,Vaccination,Planning familial,Consultation infirmière"
Mharchi,Oriental,Oujda Angad,Oujda,CSU-1,Centre de Santé Urbain niveau 1,Soins primaires,"Médecine générale,Soins de base,Vaccination,Planning familial,Consultation infirmière"
Ennasr 2,Oriental,Oujda Angad,Oujda,CSU-1,Centre de Santé Urbain niveau 1,Soins primaires,"Médecine générale,Soins de base,Vaccination,Planning familial,Consultation infirmière"
Ennasr I,Oriental,Oujda Angad,Oujda,CSU-1,Centre de Santé Urbain niveau 1,Soins primaires,"Médecine générale,Soins de base,Vaccination,Planning familial,Consultation infirmière"
Mbasso,Oriental,Oujda Angad,Oujda,CSU-1,Centre de Santé Urbain niveau 1,Soins primaires,"Médecine générale,Soins de base,Vaccination,Planning familial,Consultation infirmière"
S.Smail,Oriental,Oujda Angad,Oujda,CSU-1,Centre de Santé Urbain niveau 1,Soins primaires,"Médecine générale,Soins de base,Vaccination,Planning familial,Consultation infirmière"
Makcem,Oriental,Oujda Angad,Oujda,CSU-1,Centre de Santé Urbain niveau 1,Soins primaires,"Médecine générale,Soins de base,Vaccination,Planning familial,Consultation infirmière"
My Idriss,Oriental,Oujda Angad,Oujda,CSU-1,Centre de Santé Urbain niveau 1,Soins primaires,"Médecine générale,Soins de base,Vaccination,Planning familial,Consultation infirmière"
Ryad,Oriental,Oujda Angad,Oujda,CSU-1,Centre de Santé Urbain niveau 1,Soins primaires,"Médecine générale,Soins de base,Vaccination,Planning familial,Consultation infirmière"
Lazaret (Dhar Lamalla),Oriental,Oujda Angad,Oujda,CSU-1,Centre de Santé Urbain niveau 1,Soins primaires,"Médecine générale,Soins de base,Vaccination,Planning familial,Consultation infirmière"
Najd,Oriental,Oujda Angad,Oujda,CSU-1,Centre de Santé Urbain niveau 1,Soins primaires,"Médecine générale,Soins de base,Vaccination,Planning familial,Consultation infirmière"
El Aounia,Oriental,Oujda Angad,Oujda,CSU-1,Centre de Santé Urbain niveau 1,Soins primaires,"Médecine générale,Soins de base,Vaccination,Planning familial,Consultation infirmière"
Neima,Oriental,Oujda Angad,Naima,CSU-1,Centre de Santé Urbain niveau 1,Soins primaires,"Médecine générale,Soins de base,Vaccination,Planning familial,Consultation infirmière"
Bni Drar,Oriental,Oujda Angad,Bni Drar,CSU-2,Centre de Santé Urbain niveau 2,Soins primaires,"Médecine générale,Soins de base,Vaccination,Planning familial,Consultation infirmière"
C. Diagnostic Tuberculose,Oriental,Oujda Angad,Oujda,CDTMR,Centre de Diagnostic et de Traitement des Maladies Respiratoires,Soins primaires,"Pneumologie,Maladies respiratoires,Tuberculose,CDTMR"
Centre De Reference,Oriental,Oujda Angad,Oujda,CRSR,Centre de Référence en Santé de Reproduction,Soins primaires,"Gynécologie,Santé de la reproduction,Planification familiale,Maternité"
Al Fath,Oriental,Oujda Angad,Oujda,CSU-1,Centre de Santé Urbain niveau 1,Soins primaires,"Médecine générale,Soins de base,Vaccination,Planning familial,Consultation infirmière"
Assalam,Oriental,Oujda Angad,Oujda,CSU-1,Centre de Santé Urbain niveau 1,Soins primaires,"Médecine générale,Soins de base,Vaccination,Planning familial,Consultation infirmière"
JARF LAKHDAR,Oriental,Oujda Angad,Oujda,CSU-1,Centre de Santé Urbain niveau 1,Soins primaires,"Médecine générale,Soins de base,Vaccination,Planning familial,Consultation infirmière"
Guettar,Oriental,Oujda Angad,Oujda,CSU-1,Centre de Santé Urbain niveau 1,Soins primaires,"Médecine générale,Soins de base,Vaccination,Planning familial,Consultation infirmière"
Labo. Epidemiologique,Oriental,Oujda Angad,Oujda,LSP,Laboratoire de Santé Publique,Soins primaires,Laboratoire d'analyses médicales
Ettoba,Oriental,Oujda Angad,Oujda,CSU-1,Centre de Santé Urbain niveau 1,Soins primaires,"Médecine générale,Soins de base,Vaccination,Planning familial,Consultation infirmière"
Zrarka,Oriental,Oujda Angad,Oujda,CSU-1,Centre de Santé Urbain niveau 1,Soins primaires,"Médecine générale,Soins de base,Vaccination,Planning familial,Consultation infirmière"
Essaada,Oriental,Oujda Angad,Oujda,CSU-1,Centre de Santé Urbain niveau 1,Soins primaires,"Médecine générale,Soins de base,Vaccination,Planning familial,Consultation infirmière"
Od NACHEF,Oriental,Oujda Angad,Oujda,CSU-1,Centre de Santé Urbain niveau 1,Soins primaires,"Médecine générale,Soins de base,Vaccination,Planning familial,Consultation infirmière"
Sidi Yahia,Oriental,Oujda Angad,Oujda,CSU-1,Centre de Santé Urbain niveau 1,Soins primaires,"Médecine générale,Soins de base,Vaccination,Planning familial,Consultation infirmière"
Al Amal,Oriental,Oujda Angad,Oujda,CSU-1,Centre de Santé Urbain niveau 1,Soins primaires,"Médecine générale,Soins de base,Vaccination,Planning familial,Consultation infirmière"
Boudir,Oriental,Oujda Angad,Oujda,CSU-1,Centre de Santé Urbain niveau 1,Soins primaires,"Médecine générale,Soins de base,Vaccination,Planning familial,Consultation infirmière"
Ain Sfa,Oriental,Oujda Angad,Ain Sfa,CSR-1,Centre de Santé Rural niveau 1,Soins primaires,"Médecine générale,Soins de base,Vaccination,Soins infirmiers"
Bni Khaled,Oriental,Oujda Angad,Bni Khaled,CSR-1,Centre de Santé Rural niveau 1,Soins primaires,"Médecine générale,Soins de base,Vaccination,Soins infirmiers"
Ouled Abbes,Oriental,Oujda Angad,Ahl Angad,DR,Dispensaire Rural,Soins primaires,"Soins de base,Soins d'urgence élémentaires"
Ahl Angad,Oriental,Oujda Angad,Ahl Angad,CSR-1,Centre de Santé Rural niveau 1,Soins primaires,"Médecine générale,Soins de base,Vaccination,Soins infirmiers"
Bsara,Oriental,Oujda Angad,Bsara,CSR-1,Centre de Santé Rural niveau 1,Soins primaires,"Médecine générale,Soins de base,Vaccination,Soins infirmiers"
Mestferki,Oriental,Oujda Angad,Mestferki,CSR-1,Centre de Santé Rural niveau 1,Soins primaires,"Médecine générale,Soins de base,Vaccination,Soins infirmiers"
S.Moussa Lemhaya,Oriental,Oujda Angad,Sidi Moussa Lemhaya,CSR-1,Centre de Santé Rural niveau 1,Soins primaires,"Médecine générale,Soins de base,Vaccination,Soins infirmiers"
Isly,Oriental,Oujda Angad,Isly,CSR-1,Centre de Santé Rural niveau 1,Soins primaires,"Médecine générale,Soins de base,Vaccination,Soins infirmiers"
S.Boulenouar,Oriental,Oujda Angad,Sidi Boulenouar,CSR-1,Centre de Santé Rural niveau 1,Soins primaires,"Médecine générale,Soins de base,Vaccination,Soins infirmiers"
Takaddoum (Halfa),Oriental,Taourirt,Taourirt,CSU-1,Centre de Santé Urbain niveau 1,Soins primaires,"Médecine générale,Soins de base,Vaccination,Planning familial,Consultation infirmière"
Sidi Mellouk,Oriental,Taourirt,El Aioun Sidi Mellouk,CSU-1,Centre de Santé Urbain niveau 1,Soins primaires,"Médecine générale,Soins de base,Vaccination,Planning familial,Consultation infirmière"
Debdou,Oriental,Taourirt,Debdou,CSU-2,Centre de Santé Urbain niveau 2,Soins primaires,"Médecine générale,Soins de base,Vaccination,Planning familial,Consultation infirmière"
Moulay Ali Cherif,Oriental,Taourirt,Taourirt,CSU-1,Centre de Santé Urbain niveau 1,Soins primaires,"Médecine générale,Soins de base,Vaccination,Planning familial,Consultation infirmière"
20 Aout,Oriental,Taourirt,Taourirt,CSU-1,Centre de Santé Urbain niveau 1,Soins primaires,"Médecine générale,Soins de base,Vaccination,Planning familial,Consultation infirmière"
CDTMR Taourirt,Oriental,Taourirt,Taourirt,CDTMR,Centre de Diagnostic et de Traitement des Maladies Respiratoires,Soins primaires,"Pneumologie,Maladies respiratoires,Tuberculose,CDTMR"
Lemsellah,Oriental,Taourirt,Taourirt,CSU-1,Centre de Santé Urbain niveau 1,Soins primaires,"Médecine générale,Soins de base,Vaccination,Planning familial,Consultation infirmière"
Beni Reiss,Oriental,Taourirt,Sidi Ali Bel Quassem,CSR-1,Centre de Santé Rural niveau 1,Soins primaires,"Médecine générale,Soins de base,Vaccination,Soins infirmiers"
Oulad M'hammed,Oriental,Taourirt,Oulad M'hammed,CSR-1,Centre de Santé Rural niveau 1,Soins primaires,"Médecine générale,Soins de base,Vaccination,Soins infirmiers"
Tanzaret,Oriental,Taourirt,Sidi Ali Bel Quassem,DR,Dispensaire Rural,Soins primaires,"Soins de base,Soins d'urgence élémentaires"
Bni Oujguel,Oriental,Taourirt,Sidi Lahsen,DR,Dispensaire Rural,Soins primaires,"Soins de base,Soins d'urgence élémentaires"
Sidi Lahsen,Oriental,Taourirt,Sidi Lahsen,CSR-2,Centre de Santé Rural niveau 2,Soins primaires,"Médecine générale,Soins de base,Vaccination,Soins infirmiers"
Foum El Oued,Oriental,Taourirt,Sidi Ali Bel Quassem,CSR-1,Centre de Santé Rural niveau 1,Soins primaires,"Médecine générale,Soins de base,Vaccination,Soins infirmiers"
Mestegmer,Oriental,Taourirt,Mestegmer,CSR-1,Centre de Santé Rural niveau 1,Soins primaires,"Médecine générale,Soins de base,Vaccination,Soins infirmiers"
Sidi Moussa,Oriental,Taourirt,Ain Lehjer,CSR-1,Centre de Santé Rural niveau 1,Soins primaires,"Médecine générale,Soins de base,Vaccination,Soins infirmiers"
Tancherfi,Oriental,Taourirt,Tancherfi,CSR-1,Centre de Santé Rural niveau 1,Soins primaires,"Médecine générale,Soins de base,Vaccination,Soins infirmiers"
Machraa  Hammadi,Oriental,Taourirt,Mechraa Hammadi,CSR-1,Centre de Santé Rural niveau 1,Soins primaires,"Médecine générale,Soins de base,Vaccination,Soins infirmiers"
Bni Koulal,Oriental,Taourirt,Ahl Oued Za,DR,Dispensaire Rural,Soins primaires,"Soins de base,Soins d'urgence élémentaires"
Od SLIMANE,Oriental,Taourirt,Gteter,DR,Dispensaire Rural,Soins primaires,"Soins de base,Soins d'urgence élémentaires"
Bni Yachbel (Ahl Oued Za),Oriental,Taourirt,Ahl Oued Za,CSR-1,Centre de Santé Rural niveau 1,Soins primaires,"Médecine générale,Soins de base,Vaccination,Soins infirmiers"
Krarma,Oriental,Taourirt,Ahl Oued Za,DR,Dispensaire Rural,Soins primaires,"Soins de base,Soins d'urgence élémentaires"
Melg El Ouidane,Oriental,Taourirt,Melg El Ouidane,CSR-1,Centre de Santé Rural niveau 1,Soins primaires,"Médecine générale,Soins de base,Vaccination,Soins infirmiers"
Gteter,Oriental,Taourirt,Gteter,CSR-1,Centre de Santé Rural niveau 1,Soins primaires,"Médecine générale,Soins de base,Vaccination,Soins infirmiers"
LEHM-Meknes,Fès-Meknès,Meknes,Meknès,LSP,Laboratoire de Santé Publique,Soins primaires,Laboratoire d'analyses médicales
El Bassatine,Fès-Meknès,Meknes,Meknès,CSU-1,Centre de Santé Urbain niveau 1,Soins primaires,"Médecine générale,Soins de base,Vaccination,Planning familial,Consultation infirmière"
Al Anouar,Fès-Meknès,Meknes,Meknès,CSU-1,Centre de Santé Urbain niveau 1,Soins primaires,"Médecine générale,Soins de base,Vaccination,Planning familial,Consultation infirmière"
Izdihar,Fès-Meknès,Meknes,Meknès,CSU-1,Centre de Santé Urbain niveau 1,Soins primaires,"Médecine générale,Soins de base,Vaccination,Planning familial,Consultation infirmière"
Moulay Youssef (Ville Nouvelle),Fès-Meknès,Meknes,Meknès,CSU-1,Centre de Santé Urbain niveau 1,Soins primaires,"Médecine générale,Soins de base,Vaccination,Planning familial,Consultation infirmière"
Oujeh Arouss,Fès-Meknès,Meknes,Meknès,CSU-1,Centre de Santé Urbain niveau 1,Soins primaires,"Médecine générale,Soins de base,Vaccination,Planning familial,Consultation infirmière"
Sbata,Fès-Meknès,Meknes,Meknès,CSU-1,Centre de Santé Urbain niveau 1,Soins primaires,"Médecine générale,Soins de base,Vaccination,Planning familial,Consultation infirmière"
Sidi Amar,Fès-Meknès,Meknes,Meknès,CSU-1,Centre de Santé Urbain niveau 1,Soins primaires,"Médecine générale,Soins de base,Vaccination,Planning familial,Consultation infirmière"
El Ismailia,Fès-Meknès,Meknes,Meknès,CSU-1,Centre de Santé Urbain niveau 1,Soins primaires,"Médecine générale,Soins de base,Vaccination,Planning familial,Consultation infirmière"
Bni M'hamed,Fès-Meknès,Meknes,Meknès,CSU-1,Centre de Santé Urbain niveau 1,Soins primaires,"Médecine générale,Soins de base,Vaccination,Planning familial,Consultation infirmière"
Jbabra,Fès-Meknès,Meknes,Meknès,CSU-1,Centre de Santé Urbain niveau 1,Soins primaires,"Médecine générale,Soins de base,Vaccination,Planning familial,Consultation infirmière"
Touarga,Fès-Meknès,Meknes,Meknès,CSU-1,Centre de Santé Urbain niveau 1,Soins primaires,"Médecine générale,Soins de base,Vaccination,Planning familial,Consultation infirmière"
Sidi Bouzekri,Fès-Meknès,Meknes,Meknès,CSU-1,Centre de Santé Urbain niveau 1,Soins primaires,"Médecine générale,Soins de base,Vaccination,Planning familial,Consultation infirmière"
Riyad Kostani,Fès-Meknès,Meknes,Meknès,CSU-1,Centre de Santé Urbain niveau 1,Soins primaires,"Médecine générale,Soins de base,Vaccination,Planning familial,Consultation infirmière"
Riad,Fès-Meknès,Meknes,Meknès,CSU-1,Centre de Santé Urbain niveau 1,Soins primaires,"Médecine générale,Soins de base,Vaccination,Planning familial,Consultation infirmière"
Bab Rha,Fès-Meknès,Meknes,Meknès,CSU-1,Centre de Santé Urbain niveau 1,Soins primaires,"Médecine générale,Soins de base,Vaccination,Planning familial,Consultation infirmière"
Bab Siba,Fès-Meknès,Meknes,Meknès,CSU-1,Centre de Santé Urbain niveau 1,Soins primaires,"Médecine générale,Soins de base,Vaccination,Planning familial,Consultation infirmière"
Hay Salam,Fès-Meknès,Meknes,Meknès,CSU-1,Centre de Santé Urbain niveau 1,Soins primaires,"Médecine générale,Soins de base,Vaccination,Planning familial,Consultation infirmière"
Sidi Baba,Fès-Meknès,Meknes,Meknès,CSU-1,Centre de Santé Urbain niveau 1,Soins primaires,"Médecine générale,Soins de base,Vaccination,Planning familial,Consultation infirmière"
Marjane,Fès-Meknès,Meknes,Meknès,CSU-1,Centre de Santé Urbain niveau 1,Soins primaires,"Médecine générale,Soins de base,Vaccination,Planning familial,Consultation infirmière"
Diour Assalam,Fès-Meknès,Meknes,Meknès,CSU-1,Centre de Santé Urbain niveau 1,Soins primaires,"Médecine générale,Soins de base,Vaccination,Planning familial,Consultation infirmière"
Ras Aghile,Fès-Meknès,Meknes,Meknès,CSU-1,Centre de Santé Urbain niveau 1,Soins primaires,"Médecine générale,Soins de base,Vaccination,Planning familial,Consultation infirmière"
Borj My Omar,Fès-Meknès,Meknes,Meknès,CSU-1,Centre de Santé Urbain niveau 1,Soins primaires,"Médecine générale,Soins de base,Vaccination,Planning familial,Consultation infirmière"
Ezzahoua,Fès-Meknès,Meknes,Meknès,CSU-1,Centre de Santé Urbain niveau 1,Soins primaires,"Médecine générale,Soins de base,Vaccination,Planning familial,Consultation infirmière"
Oum Rabiâ,Fès-Meknès,Meknes,Meknès,CSU-1,Centre de Santé Urbain niveau 1,Soins primaires,"Médecine générale,Soins de base,Vaccination,Planning familial,Consultation infirmière"
Al Wahda,Fès-Meknès,Meknes,Meknès,CSU-1,Centre de Santé Urbain niveau 1,Soins primaires,"Médecine générale,Soins de base,Vaccination,Planning familial,Consultation infirmière"
Bab Belkari,Fès-Meknès,Meknes,Al Machouar - Stinia,CSU-1,Centre de Santé Urbain niveau 1,Soins primaires,"Médecine générale,Soins de base,Vaccination,Planning familial,Consultation infirmière"
Boufakrane,Fès-Meknès,Meknes,Boufakrane,CSU-2,Centre de Santé Urbain niveau 2,Soins primaires,"Médecine générale,Soins de base,Vaccination,Planning familial,Consultation infirmière"
Toulal,Fès-Meknès,Meknes,Toulal,CSU-1,Centre de Santé Urbain niveau 1,Soins primaires,"Médecine générale,Soins de base,Vaccination,Planning familial,Consultation infirmière"
Quartier Administratif Toulal,Fès-Meknès,Meknes,Toulal,CSU-1,Centre de Santé Urbain niveau 1,Soins primaires,"Médecine générale,Soins de base,Vaccination,Planning familial,Consultation infirmière"
Moulay Idriss Zerhoun,Fès-Meknès,Meknes,Moulay Driss Zerhoun,CSU-2,Centre de Santé Urbain niveau 2,Soins primaires,"Médecine générale,Soins de base,Vaccination,Planning familial,Consultation infirmière"
Al Boustane,Fès-Meknès,Meknes,Ouislane,CSU-1,Centre de Santé Urbain niveau 1,Soins primaires,"Médecine générale,Soins de base,Vaccination,Planning familial,Consultation infirmière"
Ouislane,Fès-Meknès,Meknes,Ouislane,CSU-1,Centre de Santé Urbain niveau 1,Soins primaires,"Médecine générale,Soins de base,Vaccination,Planning familial,Consultation infirmière"
Saada,Fès-Meknès,Meknes,Ouislane,CSU-1,Centre de Santé Urbain niveau 1,Soins primaires,"Médecine générale,Soins de base,Vaccination,Planning familial,Consultation infirmière"
CRSR-Meknes,Fès-Meknès,Meknes,Meknès,CRSR,Centre de Référence en Santé de Reproduction,Soins primaires,"Gynécologie,Santé de la reproduction,Planification familiale,Maternité"
CDTMR Sidi Said,Fès-Meknès,Meknes,Meknès,CDTMR,Centre de Diagnostic et de Traitement des Maladies Respiratoires,Soins primaires,"Pneumologie,Maladies respiratoires,Tuberculose,CDTMR"
Chaabanate,Fès-Meknès,Meknes,Ain Jemaa,DR,Dispensaire Rural,Soins primaires,"Soins de base,Soins d'urgence élémentaires"
Ain Jemaa,Fès-Meknès,Meknes,Ain Jemaa,CSR-2,Centre de Santé Rural niveau 2,Soins primaires,"Médecine générale,Soins de base,Vaccination,Soins infirmiers"
Ain Karma,Fès-Meknès,Meknes,Ain Karma- Oued Rommane,CSR-1,Centre de Santé Rural niveau 1,Soins primaires,"Médecine générale,Soins de base,Vaccination,Soins infirmiers"
Oued Rommane,Fès-Meknès,Meknes,Ain Karma- Oued Rommane,DR,Dispensaire Rural,Soins primaires,"Soins de base,Soins d'urgence élémentaires"
Ain Orma,Fès-Meknès,Meknes,Ain Orma,CSR-2,Centre de Santé Rural niveau 2,Soins primaires,"Médecine générale,Soins de base,Vaccination,Soins infirmiers"
Ait Aissa Addi,Fès-Meknès,Meknes,Ait Ouallal,CSR-1,Centre de Santé Rural niveau 1,Soins primaires,"Médecine générale,Soins de base,Vaccination,Soins infirmiers"
Dar oum Soltane,Fès-Meknès,Meknes,Dar Oum Soltane,CSR-1,Centre de Santé Rural niveau 1,Soins primaires,"Médecine générale,Soins de base,Vaccination,Soins infirmiers"
Haj Kaddour,Fès-Meknès,Meknes,Sidi Slimane Moul Al Kifane,CSR-1,Centre de Santé Rural niveau 1,Soins primaires,"Médecine générale,Soins de base,Vaccination,Soins infirmiers"
Sidi Slimane,Fès-Meknès,Meknes,Sidi Slimane Moul Al Kifane,CSR-1,Centre de Santé Rural niveau 1,Soins primaires,"Médecine générale,Soins de base,Vaccination,Soins infirmiers"
Mhaya,Fès-Meknès,Meknes,M'haya,CSR-2,Centre de Santé Rural niveau 2,Soins primaires,"Médecine générale,Soins de base,Vaccination,Soins infirmiers"
Ouled Slim,Fès-Meknès,Meknes,M'haya,DR,Dispensaire Rural,Soins primaires,"Soins de base,Soins d'urgence élémentaires"
Ouad Jdida,Fès-Meknès,Meknes,Oued Jdida,CSR-1,Centre de Santé Rural niveau 1,Soins primaires,"Médecine générale,Soins de base,Vaccination,Soins infirmiers"
Ain Agoual,Fès-Meknès,Meknes,Oued Jdida,DR,Dispensaire Rural,Soins primaires,"Soins de base,Soins d'urgence élémentaires"
Tamasna,Fès-Meknès,Meknes,Dkhissa,DR,Dispensaire Rural,Soins primaires,"Soins de base,Soins d'urgence élémentaires"
Bridia,Fès-Meknès,Meknes,Majjate,DR,Dispensaire Rural,Soins primaires,"Soins de base,Soins d'urgence élémentaires"
Majjate,Fès-Meknès,Meknes,Majjate,CSR-1,Centre de Santé Rural niveau 1,Soins primaires,"Médecine générale,Soins de base,Vaccination,Soins infirmiers"
Zoualet,Fès-Meknès,Meknes,Dkhissa,CSR-1,Centre de Santé Rural niveau 1,Soins primaires,"Médecine générale,Soins de base,Vaccination,Soins infirmiers"
Karmet Ben Salem,Fès-Meknès,Meknes,Oualili,DR,Dispensaire Rural,Soins primaires,"Soins de base,Soins d'urgence élémentaires"
Ain Bziz,Fès-Meknès,Meknes,Oualili,DR,Dispensaire Rural,Soins primaires,"Soins de base,Soins d'urgence élémentaires"
Tadla,Fès-Meknès,Meknes,Charqaoua,DR,Dispensaire Rural,Soins primaires,"Soins de base,Soins d'urgence élémentaires"
Charqaoua,Fès-Meknès,Meknes,Charqaoua,CSR-1,Centre de Santé Rural niveau 1,Soins primaires,"Médecine générale,Soins de base,Vaccination,Soins infirmiers"
Sidi Mjahed,Fès-Meknès,Meknes,Sidi Abdallah Al Khayat,DR,Dispensaire Rural,Soins primaires,"Soins de base,Soins d'urgence élémentaires"
Ait Sidi Hsaine,Fès-Meknès,Meknes,Sidi Abdallah Al Khayat,DR,Dispensaire Rural,Soins primaires,"Soins de base,Soins d'urgence élémentaires"
Talaghza,Fès-Meknès,Meknes,Sidi Abdallah Al Khayat,DR,Dispensaire Rural,Soins primaires,"Soins de base,Soins d'urgence élémentaires"
S.Abdellah Khayat,Fès-Meknès,Meknes,Sidi Abdallah Al Khayat,CSR-1,Centre de Santé Rural niveau 1,Soins primaires,"Médecine générale,Soins de base,Vaccination,Soins infirmiers"
Moussaoua,Fès-Meknès,Meknes,MRhassiyine,DR,Dispensaire Rural,Soins primaires,"Soins de base,Soins d'urgence élémentaires"
Mrhassiyine,Fès-Meknès,Meknes,MRhassiyine,CSR-1,Centre de Santé Rural niveau 1,Soins primaires,"Médecine générale,Soins de base,Vaccination,Soins infirmiers"
Sidi Ali,Fès-Meknès,Meknes,MRhassiyine,DR,Dispensaire Rural,Soins primaires,"Soins de base,Soins d'urgence élémentaires"
Beni Maraaz,Fès-Meknès,Meknes,Oualili,CSR-1,Centre de Santé Rural niveau 1,Soins primaires,"Médecine générale,Soins de base,Vaccination,Soins infirmiers"
Skhirat,Fès-Meknès,Meknes,N'zalat Bni Amar,DR,Dispensaire Rural,Soins primaires,"Soins de base,Soins d'urgence élémentaires"
Ouled Youssef,Fès-Meknès,Meknes,N'zalat Bni Amar,DR,Dispensaire Rural,Soins primaires,"Soins de base,Soins d'urgence élémentaires"
Bouassel,Fès-Meknès,Meknes,Oualili,DR,Dispensaire Rural,Soins primaires,"Soins de base,Soins d'urgence élémentaires"
Nzalat Bni Amar,Fès-Meknès,Meknes,N'zalat Bni Amar,CSR-1,Centre de Santé Rural niveau 1,Soins primaires,"Médecine générale,Soins de base,Vaccination,Soins infirmiers"
Bni Amar,Fès-Meknès,Meknes,N'zalat Bni Amar,DR,Dispensaire Rural,Soins primaires,"Soins de base,Soins d'urgence élémentaires"
Missour,Fès-Meknès,Boulemane,Missour,CSU-1,Centre de Santé Urbain niveau 1,Soins primaires,"Médecine générale,Soins de base,Vaccination,Planning familial,Consultation infirmière"
Boulemane,Fès-Meknès,Boulemane,Boulemane,CRSR,Centre de Référence en Santé de Reproduction,Soins primaires,"Gynécologie,Santé de la reproduction,Planification familiale,Maternité"
Imouzer Mermoucha,Fès-Meknès,Boulemane,Imouzzer Marmoucha,CSU-2,Centre de Santé Urbain niveau 2,Soins primaires,"Médecine générale,Soins de base,Vaccination,Planning familial,Consultation infirmière"
Boulmane,Fès-Meknès,Boulemane,Boulemane,CSU-2,Centre de Santé Urbain niveau 2,Soins primaires,"Médecine générale,Soins de base,Vaccination,Planning familial,Consultation infirmière"
Lab. Epidemiologique,Fès-Meknès,Boulemane,Missour,LSP,Laboratoire de Santé Publique,Soins primaires,Laboratoire d'analyses médicales
Outat  El Haj,Fès-Meknès,Boulemane,Outat El Haj,CSU-1,Centre de Santé Urbain niveau 1,Soins primaires,"Médecine générale,Soins de base,Vaccination,Planning familial,Consultation infirmière"
Missour,Fès-Meknès,Boulemane,Missour,CDTMR,Centre de Diagnostic et de Traitement des Maladies Respiratoires,Soins primaires,"Pneumologie,Maladies respiratoires,Tuberculose,CDTMR"
Ait Hamza,Fès-Meknès,Boulemane,Guigou,DR,Dispensaire Rural,Soins primaires,"Soins de base,Soins d'urgence élémentaires"
Guigou,Fès-Meknès,Boulemane,Guigou,CSR-2,Centre de Santé Rural niveau 2,Soins primaires,"Médecine générale,Soins de base,Vaccination,Soins infirmiers"
Enjil Ait Lahcen,Fès-Meknès,Boulemane,Enjil,DR,Dispensaire Rural,Soins primaires,"Soins de base,Soins d'urgence élémentaires"
Achlouj,Fès-Meknès,Boulemane,Enjil,DR,Dispensaire Rural,Soins primaires,"Soins de base,Soins d'urgence élémentaires"
Enjil Akhatar,Fès-Meknès,Boulemane,Enjil,CSR-2,Centre de Santé Rural niveau 2,Soins primaires,"Médecine générale,Soins de base,Vaccination,Soins infirmiers"
Taghzout,Fès-Meknès,Boulemane,Guigou,DR,Dispensaire Rural,Soins primaires,"Soins de base,Soins d'urgence élémentaires"
Taferdouste,Fès-Meknès,Boulemane,Skoura M'Daz,DR,Dispensaire Rural,Soins primaires,"Soins de base,Soins d'urgence élémentaires"
Taghroute,Fès-Meknès,Boulemane,Skoura M'Daz,DR,Dispensaire Rural,Soins primaires,"Soins de base,Soins d'urgence élémentaires"
Skoura,Fès-Meknès,Boulemane,Skoura M'Daz,CSR-2,Centre de Santé Rural niveau 2,Soins primaires,"Médecine générale,Soins de base,Vaccination,Soins infirmiers"
Ksabi,Fès-Meknès,Boulemane,Ksabi Moulouya,CSR-2,Centre de Santé Rural niveau 2,Soins primaires,"Médecine générale,Soins de base,Vaccination,Soins infirmiers"
Boussalam,Fès-Meknès,Boulemane,Ksabi Moulouya,DR,Dispensaire Rural,Soins primaires,"Soins de base,Soins d'urgence élémentaires"
Ait Blal,Fès-Meknès,Boulemane,Ksabi Moulouya,DR,Dispensaire Rural,Soins primaires,"Soins de base,Soins d'urgence élémentaires"
Tourirat,Fès-Meknès,Boulemane,Ksabi Moulouya,DR,Dispensaire Rural,Soins primaires,"Soins de base,Soins d'urgence élémentaires"
Gaa Jaber,Fès-Meknès,Boulemane,Sidi Boutayeb,DR,Dispensaire Rural,Soins primaires,"Soins de base,Soins d'urgence élémentaires"
Magdoul,Fès-Meknès,Boulemane,Ouizeght,DR,Dispensaire Rural,Soins primaires,"Soins de base,Soins d'urgence élémentaires"
Ouled Sguir,Fès-Meknès,Boulemane,Sidi Boutayeb,DR,Dispensaire Rural,Soins primaires,"Soins de base,Soins d'urgence élémentaires"
Ouled Bouzazia,Fès-Meknès,Boulemane,Sidi Boutayeb,CSR-1,Centre de Santé Rural niveau 1,Soins primaires,"Médecine générale,Soins de base,Vaccination,Soins infirmiers"
Tagourast,Fès-Meknès,Boulemane,Ouizeght,DR,Dispensaire Rural,Soins primaires,"Soins de base,Soins d'urgence élémentaires"
Ouizeght,Fès-Meknès,Boulemane,Ouizeght,CSR-1,Centre de Santé Rural niveau 1,Soins primaires,"Médecine générale,Soins de base,Vaccination,Soins infirmiers"
Ouled Jerrar,Fès-Meknès,Boulemane,Fritissa,DR,Dispensaire Rural,Soins primaires,"Soins de base,Soins d'urgence élémentaires"
Bni Hassan,Fès-Meknès,Boulemane,Oulad Ali Youssef,DR,Dispensaire Rural,Soins primaires,"Soins de base,Soins d'urgence élémentaires"
Ouled Ali,Fès-Meknès,Boulemane,Oulad Ali Youssef,CSR-2,Centre de Santé Rural niveau 2,Soins primaires,"Médecine générale,Soins de base,Vaccination,Soins infirmiers"
Tsiwant,Fès-Meknès,Boulemane,Oulad Ali Youssef,DR,Dispensaire Rural,Soins primaires,"Soins de base,Soins d'urgence élémentaires"
El Orjane,Fès-Meknès,Boulemane,El Orjane,CSR-1,Centre de Santé Rural niveau 1,Soins primaires,"Médecine générale,Soins de base,Vaccination,Soins infirmiers"
Tirnest,Fès-Meknès,Boulemane,El Orjane,DR,Dispensaire Rural,Soins primaires,"Soins de base,Soins d'urgence élémentaires"
Ouled Mellouk,Fès-Meknès,Boulemane,Ermila,CSR-1,Centre de Santé Rural niveau 1,Soins primaires,"Médecine générale,Soins de base,Vaccination,Soins infirmiers"
Tegour,Fès-Meknès,Boulemane,Ermila,DR,Dispensaire Rural,Soins primaires,"Soins de base,Soins d'urgence élémentaires"
Tissaf,Fès-Meknès,Boulemane,Tissaf,CSR-1,Centre de Santé Rural niveau 1,Soins primaires,"Médecine générale,Soins de base,Vaccination,Soins infirmiers"
Tendite,Fès-Meknès,Boulemane,Fritissa,CSR-2,Centre de Santé Rural niveau 2,Soins primaires,"Médecine générale,Soins de base,Vaccination,Soins infirmiers"
Sarghina (Ifkiren),Fès-Meknès,Boulemane,Serghina,CSR-1,Centre de Santé Rural niveau 1,Soins primaires,"Médecine générale,Soins de base,Vaccination,Soins infirmiers"
Ait ben moussa,Fès-Meknès,Boulemane,Serghina,DR,Dispensaire Rural,Soins primaires,"Soins de base,Soins d'urgence élémentaires"
Ait Bazza,Fès-Meknès,Boulemane,Ait Bazza,CSR-1,Centre de Santé Rural niveau 1,Soins primaires,"Médecine générale,Soins de base,Vaccination,Soins infirmiers"
Ait El Mane,Fès-Meknès,Boulemane,Ait El Mane,CSR-1,Centre de Santé Rural niveau 1,Soins primaires,"Médecine générale,Soins de base,Vaccination,Soins infirmiers"
El Mers,Fès-Meknès,Boulemane,El Mers,CSR-1,Centre de Santé Rural niveau 1,Soins primaires,"Médecine générale,Soins de base,Vaccination,Soins infirmiers"
Talzemt,Fès-Meknès,Boulemane,Talzemt,DR,Dispensaire Rural,Soins primaires,"Soins de base,Soins d'urgence élémentaires"
Ahachad,Fès-Meknès,Boulemane,Talzemt,CSR-1,Centre de Santé Rural niveau 1,Soins primaires,"Médecine générale,Soins de base,Vaccination,Soins infirmiers"
Almis Marmoucha,Fès-Meknès,Boulemane,Almis Marmoucha,CSR-1,Centre de Santé Rural niveau 1,Soins primaires,"Médecine générale,Soins de base,Vaccination,Soins infirmiers"
Sbaa Ayoun,Fès-Meknès,El Hajeb,Sabaa Aiyoun,CSU-2,Centre de Santé Urbain niveau 2,Soins primaires,"Médecine générale,Soins de base,Vaccination,Planning familial,Consultation infirmière"
El Hajeb II,Fès-Meknès,El Hajeb,El Hajeb,CSU-1,Centre de Santé Urbain niveau 1,Soins primaires,"Médecine générale,Soins de base,Vaccination,Planning familial,Consultation infirmière"
El Hajeb I,Fès-Meknès,El Hajeb,El Hajeb,CSU-1,Centre de Santé Urbain niveau 1,Soins primaires,"Médecine générale,Soins de base,Vaccination,Planning familial,Consultation infirmière"
Agourai,Fès-Meknès,El Hajeb,Agourai,CSU-2,Centre de Santé Urbain niveau 2,Soins primaires,"Médecine générale,Soins de base,Vaccination,Planning familial,Consultation infirmière"
A.Taoujdate,Fès-Meknès,El Hajeb,Ain Taoujdate,CSU-2,Centre de Santé Urbain niveau 2,Soins primaires,"Médecine générale,Soins de base,Vaccination,Planning familial,Consultation infirmière"
El Hajeb-CDTMR,Fès-Meknès,El Hajeb,El Hajeb,CDTMR,Centre de Diagnostic et de Traitement des Maladies Respiratoires,Soins primaires,"Pneumologie,Maladies respiratoires,Tuberculose,CDTMR"
Jradi,Fès-Meknès,El Hajeb,Ain Taoujdate,CSU-1,Centre de Santé Urbain niveau 1,Soins primaires,"Médecine générale,Soins de base,Vaccination,Planning familial,Consultation infirmière"
Ait Marghad,Fès-Meknès,El Hajeb,Ait Yaazem,DR,Dispensaire Rural,Soins primaires,"Soins de base,Soins d'urgence élémentaires"
Ras Ijerri,Fès-Meknès,El Hajeb,Ras Ijerri,CSR-1,Centre de Santé Rural niveau 1,Soins primaires,"Médecine générale,Soins de base,Vaccination,Soins infirmiers"
Sebt Jahjouh,Fès-Meknès,El Hajeb,Jahjouh,CSR-2,Centre de Santé Rural niveau 2,Soins primaires,"Médecine générale,Soins de base,Vaccination,Soins infirmiers"
Ait Ouikhalef (Youssoufia),Fès-Meknès,El Hajeb,Ait Ouikhalfen,CSR-1,Centre de Santé Rural niveau 1,Soins primaires,"Médecine générale,Soins de base,Vaccination,Soins infirmiers"
Ait Yaazem,Fès-Meknès,El Hajeb,Ait Yaazem,CSR-1,Centre de Santé Rural niveau 1,Soins primaires,"Médecine générale,Soins de base,Vaccination,Soins infirmiers"
Med ZERKTOUNI (SAADA),Fès-Meknès,El Hajeb,Tamchachate,CSR-1,Centre de Santé Rural niveau 1,Soins primaires,"Médecine générale,Soins de base,Vaccination,Soins infirmiers"
Tifrit,Fès-Meknès,El Hajeb,Laqsir,CSR-1,Centre de Santé Rural niveau 1,Soins primaires,"Médecine générale,Soins de base,Vaccination,Soins infirmiers"
Bouderbala,Fès-Meknès,El Hajeb,Ait Boubidmane,CSR-1,Centre de Santé Rural niveau 1,Soins primaires,"Médecine générale,Soins de base,Vaccination,Soins infirmiers"
Souk El Gour,Fès-Meknès,El Hajeb,Ait Boubidmane,DR,Dispensaire Rural,Soins primaires,"Soins de base,Soins d'urgence élémentaires"
Ait Brahim,Fès-Meknès,El Hajeb,Bitit,DR,Dispensaire Rural,Soins primaires,"Soins de base,Soins d'urgence élémentaires"
Ait Harz Allah,Fès-Meknès,El Hajeb,Ait Harz Allah,CSR-1,Centre de Santé Rural niveau 1,Soins primaires,"Médecine générale,Soins de base,Vaccination,Soins infirmiers"
Ait Ouallal,Fès-Meknès,El Hajeb,Bitit,CSR-1,Centre de Santé Rural niveau 1,Soins primaires,"Médecine générale,Soins de base,Vaccination,Soins infirmiers"
Laqsir,Fès-Meknès,El Hajeb,Laqsir,CSR-1,Centre de Santé Rural niveau 1,Soins primaires,"Médecine générale,Soins de base,Vaccination,Soins infirmiers"
Ben Kaddouch,Fès-Meknès,El Hajeb,Ait Harz Allah,DR,Dispensaire Rural,Soins primaires,"Soins de base,Soins d'urgence élémentaires"
Aghbalou Oumlil,Fès-Meknès,El Hajeb,Ait Harz Allah,DR,Dispensaire Rural,Soins primaires,"Soins de base,Soins d'urgence élémentaires"
Boualouzen,Fès-Meknès,El Hajeb,Ait Bourzouine,DR,Dispensaire Rural,Soins primaires,"Soins de base,Soins d'urgence élémentaires"
Ait Bourzouine (Rabil),Fès-Meknès,El Hajeb,Ait Bourzouine,CSR-1,Centre de Santé Rural niveau 1,Soins primaires,"Médecine générale,Soins de base,Vaccination,Soins infirmiers"
Abdelkrim El Khattabi (Ait Naamane),Fès-Meknès,El Hajeb,Ait Naamane,CSR-1,Centre de Santé Rural niveau 1,Soins primaires,"Médecine générale,Soins de base,Vaccination,Soins infirmiers"
Lassadam,Fès-Meknès,El Hajeb,Iqaddar,DR,Dispensaire Rural,Soins primaires,"Soins de base,Soins d'urgence élémentaires"
Amane Sayarnine (Iqaddar),Fès-Meknès,El Hajeb,Iqaddar,CSR-1,Centre de Santé Rural niveau 1,Soins primaires,"Médecine générale,Soins de base,Vaccination,Soins infirmiers"
Ville Nouvelle,Fès-Meknès,Fes,Agdal,CSU-1,Centre de Santé Urbain niveau 1,Soins primaires,"Médecine générale,Soins de base,Vaccination,Planning familial,Consultation infirmière"
Ben Slimane,Fès-Meknès,Fes,El Mariniyine,CSU-1,Centre de Santé Urbain niveau 1,Soins primaires,"Médecine générale,Soins de base,Vaccination,Planning familial,Consultation infirmière"
Adarissa,Fès-Meknès,Fes,Agdal,CSU-1,Centre de Santé Urbain niveau 1,Soins primaires,"Médecine générale,Soins de base,Vaccination,Planning familial,Consultation infirmière"
Dar Dbibagh,Fès-Meknès,Fes,Agdal,CSU-1,Centre de Santé Urbain niveau 1,Soins primaires,"Médecine générale,Soins de base,Vaccination,Planning familial,Consultation infirmière"
Sidi Brahim,Fès-Meknès,Fes,Agdal,CSU-1,Centre de Santé Urbain niveau 1,Soins primaires,"Médecine générale,Soins de base,Vaccination,Planning familial,Consultation infirmière"
Hay Tarik,Fès-Meknès,Fes,Agdal,CSU-1,Centre de Santé Urbain niveau 1,Soins primaires,"Médecine générale,Soins de base,Vaccination,Planning familial,Consultation infirmière"
Bab Boujat,Fès-Meknès,Fes,Méchouar Fès Jdid,CSU-1,Centre de Santé Urbain niveau 1,Soins primaires,"Médecine générale,Soins de base,Vaccination,Planning familial,Consultation infirmière"
Boutouil,Fès-Meknès,Fes,Méchouar Fès Jdid,CSU-1,Centre de Santé Urbain niveau 1,Soins primaires,"Médecine générale,Soins de base,Vaccination,Planning familial,Consultation infirmière"
Bab Jiaf,Fès-Meknès,Fes,Méchouar Fès Jdid,CSU-1,Centre de Santé Urbain niveau 1,Soins primaires,"Médecine générale,Soins de base,Vaccination,Planning familial,Consultation infirmière"
Ryad Saiss,Fès-Meknès,Fes,Saiss,CSU-1,Centre de Santé Urbain niveau 1,Soins primaires,"Médecine générale,Soins de base,Vaccination,Planning familial,Consultation infirmière"
Nargiss,Fès-Meknès,Fes,Saiss,CSU-1,Centre de Santé Urbain niveau 1,Soins primaires,"Médecine générale,Soins de base,Vaccination,Planning familial,Consultation infirmière"
Centre De Reference,Fès-Meknès,Fes,Agdal,CRSR,Centre de Référence en Santé de Reproduction,Soins primaires,"Gynécologie,Santé de la reproduction,Planification familiale,Maternité"
Labo. Epidemiologique,Fès-Meknès,Fes,Agdal,LSP,Laboratoire de Santé Publique,Soins primaires,Laboratoire d'analyses médicales
Narjiss-CDTMR,Fès-Meknès,Fes,Saiss,CDTMR,Centre de Diagnostic et de Traitement des Maladies Respiratoires,Soins primaires,"Pneumologie,Maladies respiratoires,Tuberculose,CDTMR"
Tajamouati,Fès-Meknès,Fes,El Mariniyine,CSU-2,Centre de Santé Urbain niveau 2,Soins primaires,"Médecine générale,Soins de base,Vaccination,Planning familial,Consultation infirmière"
Ben Debbab,Fès-Meknès,Fes,Zouagha,CDTMR,Centre de Diagnostic et de Traitement des Maladies Respiratoires,Soins primaires,"Pneumologie,Maladies respiratoires,Tuberculose,CDTMR"
Ain Haroun,Fès-Meknès,Fes,El Mariniyine,CSU-1,Centre de Santé Urbain niveau 1,Soins primaires,"Médecine générale,Soins de base,Vaccination,Planning familial,Consultation infirmière"
Ain Kadous,Fès-Meknès,Fes,El Mariniyine,CSU-1,Centre de Santé Urbain niveau 1,Soins primaires,"Médecine générale,Soins de base,Vaccination,Planning familial,Consultation infirmière"
Bab Sifer,Fès-Meknès,Fes,El Mariniyine,CSU-1,Centre de Santé Urbain niveau 1,Soins primaires,"Médecine générale,Soins de base,Vaccination,Planning familial,Consultation infirmière"
Soundouss,Fès-Meknès,Fes,El Mariniyine,CSU-1,Centre de Santé Urbain niveau 1,Soins primaires,"Médecine générale,Soins de base,Vaccination,Planning familial,Consultation infirmière"
Massira,Fès-Meknès,Fes,Zouagha,CSU-2,Centre de Santé Urbain niveau 2,Soins primaires,"Médecine générale,Soins de base,Vaccination,Planning familial,Consultation infirmière"
Ben Souda,Fès-Meknès,Fes,Zouagha,CSU-1,Centre de Santé Urbain niveau 1,Soins primaires,"Médecine générale,Soins de base,Vaccination,Planning familial,Consultation infirmière"
Oued Fes,Fès-Meknès,Fes,Zouagha,CSU-1,Centre de Santé Urbain niveau 1,Soins primaires,"Médecine générale,Soins de base,Vaccination,Planning familial,Consultation infirmière"
Lalla Soukaina,Fès-Meknès,Fes,Zouagha,CSU-1,Centre de Santé Urbain niveau 1,Soins primaires,"Médecine générale,Soins de base,Vaccination,Planning familial,Consultation infirmière"
Zouagha,Fès-Meknès,Fes,Zouagha,CSU-1,Centre de Santé Urbain niveau 1,Soins primaires,"Médecine générale,Soins de base,Vaccination,Planning familial,Consultation infirmière"
Massira II,Fès-Meknès,Fes,Zouagha,CSU-1,Centre de Santé Urbain niveau 1,Soins primaires,"Médecine générale,Soins de base,Vaccination,Planning familial,Consultation infirmière"
Aouinat Hajjaj,Fès-Meknès,Fes,Saiss,CSU-1,Centre de Santé Urbain niveau 1,Soins primaires,"Médecine générale,Soins de base,Vaccination,Planning familial,Consultation infirmière"
Monfleuri,Fès-Meknès,Fes,Saiss,CSU-1,Centre de Santé Urbain niveau 1,Soins primaires,"Médecine générale,Soins de base,Vaccination,Planning familial,Consultation infirmière"
Sidi Boujida,Fès-Meknès,Fes,Fès-Médina,CSU-2,Centre de Santé Urbain niveau 2,Soins primaires,"Médecine générale,Soins de base,Vaccination,Planning familial,Consultation infirmière"
Haj Tajmouati,Fès-Meknès,Fes,Zouagha,CSU-1,Centre de Santé Urbain niveau 1,Soins primaires,"Médecine générale,Soins de base,Vaccination,Planning familial,Consultation infirmière"
Adoua-CDTMR,Fès-Meknès,Fes,Fès-Médina,CDTMR,Centre de Diagnostic et de Traitement des Maladies Respiratoires,Soins primaires,"Pneumologie,Maladies respiratoires,Tuberculose,CDTMR"
S.Ali Boughaleb (Adoua),Fès-Meknès,Fes,Fès-Médina,CSU-1,Centre de Santé Urbain niveau 1,Soins primaires,"Médecine générale,Soins de base,Vaccination,Planning familial,Consultation infirmière"
Driss B.Yahya(Babjdid),Fès-Meknès,Fes,Fès-Médina,CSU-1,Centre de Santé Urbain niveau 1,Soins primaires,"Médecine générale,Soins de base,Vaccination,Planning familial,Consultation infirmière"
Baghdadi(Andalous),Fès-Meknès,Fes,Fès-Médina,CSU-1,Centre de Santé Urbain niveau 1,Soins primaires,"Médecine générale,Soins de base,Vaccination,Planning familial,Consultation infirmière"
Lemtyene,Fès-Meknès,Fes,Fès-Médina,CSU-1,Centre de Santé Urbain niveau 1,Soins primaires,"Médecine générale,Soins de base,Vaccination,Planning familial,Consultation infirmière"
Blida,Fès-Meknès,Fes,Fès-Médina,CSU-1,Centre de Santé Urbain niveau 1,Soins primaires,"Médecine générale,Soins de base,Vaccination,Planning familial,Consultation infirmière"
Jnanate,Fès-Meknès,Fes,Jnan El Ouard,CSU-1,Centre de Santé Urbain niveau 1,Soins primaires,"Médecine générale,Soins de base,Vaccination,Planning familial,Consultation infirmière"
Sahrij Gnaoua,Fès-Meknès,Fes,Jnan El Ouard,CSU-1,Centre de Santé Urbain niveau 1,Soins primaires,"Médecine générale,Soins de base,Vaccination,Planning familial,Consultation infirmière"
Ain Nokbi,Fès-Meknès,Fes,Jnan El Ouard,CSU-1,Centre de Santé Urbain niveau 1,Soins primaires,"Médecine générale,Soins de base,Vaccination,Planning familial,Consultation infirmière"
Lamsallah,Fès-Meknès,Fes,Jnan El Ouard,CSU-1,Centre de Santé Urbain niveau 1,Soins primaires,"Médecine générale,Soins de base,Vaccination,Planning familial,Consultation infirmière"
Dhar Lakhmis,Fès-Meknès,Fes,El Mariniyine,CSU-1,Centre de Santé Urbain niveau 1,Soins primaires,"Médecine générale,Soins de base,Vaccination,Planning familial,Consultation infirmière"
Dokkarat,Fès-Meknès,Fes,Agdal,CSU-1,Centre de Santé Urbain niveau 1,Soins primaires,"Médecine générale,Soins de base,Vaccination,Planning familial,Consultation infirmière"
Al Hammal,Fès-Meknès,Fes,Oulad Tayeb,CSR-1,Centre de Santé Rural niveau 1,Soins primaires,"Médecine générale,Soins de base,Vaccination,Soins infirmiers"
Oulad Tayeb,Fès-Meknès,Fes,Oulad Tayeb,CSR-2,Centre de Santé Rural niveau 2,Soins primaires,"Médecine générale,Soins de base,Vaccination,Soins infirmiers"
Ain Bida,Fès-Meknès,Fes,Ain Bida,CSR-1,Centre de Santé Rural niveau 1,Soins primaires,"Médecine générale,Soins de base,Vaccination,Soins infirmiers"
Sidi Harazem,Fès-Meknès,Fes,Sidi Harazem,CSR-1,Centre de Santé Rural niveau 1,Soins primaires,"Médecine générale,Soins de base,Vaccination,Soins infirmiers"
Skhinate,Fès-Meknès,Fes,Sidi Harazem,CSR-1,Centre de Santé Rural niveau 1,Soins primaires,"Médecine générale,Soins de base,Vaccination,Soins infirmiers"
Sidi Assou,Fès-Meknès,Ifrane,Azrou,CSU-1,Centre de Santé Urbain niveau 1,Soins primaires,"Médecine générale,Soins de base,Vaccination,Planning familial,Consultation infirmière"
Tarik,Fès-Meknès,Ifrane,Azrou,CSU-1,Centre de Santé Urbain niveau 1,Soins primaires,"Médecine générale,Soins de base,Vaccination,Planning familial,Consultation infirmière"
CDTMR Azrou,Fès-Meknès,Ifrane,Azrou,CDTMR,Centre de Diagnostic et de Traitement des Maladies Respiratoires,Soins primaires,"Pneumologie,Maladies respiratoires,Tuberculose,CDTMR"
Centre de Référence de la Santé Reproductive,Fès-Meknès,Ifrane,Ifrane,CRSR,Centre de Référence en Santé de Reproduction,Soins primaires,"Gynécologie,Santé de la reproduction,Planification familiale,Maternité"
Atlas,Fès-Meknès,Ifrane,Ifrane,CSU-2,Centre de Santé Urbain niveau 2,Soins primaires,"Médecine générale,Soins de base,Vaccination,Planning familial,Consultation infirmière"
Hay Essalam,Fès-Meknès,Ifrane,Ifrane,CSU-1,Centre de Santé Urbain niveau 1,Soins primaires,"Médecine générale,Soins de base,Vaccination,Planning familial,Consultation infirmière"
Ahadaf,Fès-Meknès,Ifrane,Azrou,CSU-1,Centre de Santé Urbain niveau 1,Soins primaires,"Médecine générale,Soins de base,Vaccination,Planning familial,Consultation infirmière"
Dayat Aoua,Fès-Meknès,Ifrane,Dayat Aoua,CSR-2,Centre de Santé Rural niveau 2,Soins primaires,"Médecine générale,Soins de base,Vaccination,Soins infirmiers"
Dayet Hachlaf,Fès-Meknès,Ifrane,Dayat Aoua,DR,Dispensaire Rural,Soins primaires,"Soins de base,Soins d'urgence élémentaires"
Ben Smim,Fès-Meknès,Ifrane,Ben Smim,CSR-2,Centre de Santé Rural niveau 2,Soins primaires,"Médecine générale,Soins de base,Vaccination,Soins infirmiers"
Ougmes,Fès-Meknès,Ifrane,Ben Smim,DR,Dispensaire Rural,Soins primaires,"Soins de base,Soins d'urgence élémentaires"
A. Yahia Ou Alla,Fès-Meknès,Ifrane,Tigrigra,CSR-2,Centre de Santé Rural niveau 2,Soins primaires,"Médecine générale,Soins de base,Vaccination,Soins infirmiers"
Oued Ifrane,Fès-Meknès,Ifrane,Oued Ifrane,CSR-2,Centre de Santé Rural niveau 2,Soins primaires,"Médecine générale,Soins de base,Vaccination,Soins infirmiers"
Assaka,Fès-Meknès,Ifrane,Oued Ifrane,DR,Dispensaire Rural,Soins primaires,"Soins de base,Soins d'urgence élémentaires"
Amghass,Fès-Meknès,Ifrane,Oued Ifrane,DR,Dispensaire Rural,Soins primaires,"Soins de base,Soins d'urgence élémentaires"
Zaouit Ifrane,Fès-Meknès,Ifrane,Oued Ifrane,DR,Dispensaire Rural,Soins primaires,"Soins de base,Soins d'urgence élémentaires"
Zad Agdal,Fès-Meknès,Ifrane,Oued Ifrane,DR,Dispensaire Rural,Soins primaires,"Soins de base,Soins d'urgence élémentaires"
Bouesraf,Fès-Meknès,Ifrane,Oued Ifrane,DR,Dispensaire Rural,Soins primaires,"Soins de base,Soins d'urgence élémentaires"
Timahdite,Fès-Meknès,Ifrane,Timahdite,CSR-2,Centre de Santé Rural niveau 2,Soins primaires,"Médecine générale,Soins de base,Vaccination,Soins infirmiers"
Tizguite (Sidi Abdeslam),Fès-Meknès,Ifrane,Tizguite,CSR-2,Centre de Santé Rural niveau 2,Soins primaires,"Médecine générale,Soins de base,Vaccination,Soins infirmiers"
Ain Lahnach,Fès-Meknès,Ifrane,Tizguite,CSR-2,Centre de Santé Rural niveau 2,Soins primaires,"Médecine générale,Soins de base,Vaccination,Soins infirmiers"
Sidi Brahim,Fès-Meknès,Ifrane,Tizguite,DR,Dispensaire Rural,Soins primaires,"Soins de base,Soins d'urgence élémentaires"
Ain-Leuh,Fès-Meknès,Ifrane,Ain Leuh,CSR-2,Centre de Santé Rural niveau 2,Soins primaires,"Médecine générale,Soins de base,Vaccination,Soins infirmiers"
Toufaselt,Fès-Meknès,Ifrane,Ain Leuh,DR,Dispensaire Rural,Soins primaires,"Soins de base,Soins d'urgence élémentaires"
Bouharch,Fès-Meknès,Ifrane,Ain Leuh,DR,Dispensaire Rural,Soins primaires,"Soins de base,Soins d'urgence élémentaires"
Ighoud,Fès-Meknès,Ifrane,Ain Leuh,DR,Dispensaire Rural,Soins primaires,"Soins de base,Soins d'urgence élémentaires"
Tassemakt,Fès-Meknès,Ifrane,Sidi El Makhfi,DR,Dispensaire Rural,Soins primaires,"Soins de base,Soins d'urgence élémentaires"
Bouchahda,Fès-Meknès,Ifrane,Sidi El Makhfi,DR,Dispensaire Rural,Soins primaires,"Soins de base,Soins d'urgence élémentaires"
Ait Athmane Oulahcen,Fès-Meknès,Ifrane,Sidi El Makhfi,DR,Dispensaire Rural,Soins primaires,"Soins de base,Soins d'urgence élémentaires"
Bekrit,Fès-Meknès,Ifrane,Sidi El Makhfi,DR,Dispensaire Rural,Soins primaires,"Soins de base,Soins d'urgence élémentaires"
Tiouririne,Fès-Meknès,Ifrane,Sidi El Makhfi,DR,Dispensaire Rural,Soins primaires,"Soins de base,Soins d'urgence élémentaires"
Sidi El Makhfi,Fès-Meknès,Ifrane,Sidi El Makhfi,CSR-2,Centre de Santé Rural niveau 2,Soins primaires,"Médecine générale,Soins de base,Vaccination,Soins infirmiers"
Tagounit,Fès-Meknès,Ifrane,Ain Leuh,DR,Dispensaire Rural,Soins primaires,"Soins de base,Soins d'urgence élémentaires"
Taberghazit,Fès-Meknès,Ifrane,Ain Leuh,DR,Dispensaire Rural,Soins primaires,"Soins de base,Soins d'urgence élémentaires"
M'barek Bekkay,Fès-Meknès,Sefrou,Sefrou,CSU-1,Centre de Santé Urbain niveau 1,Soins primaires,"Médecine générale,Soins de base,Vaccination,Planning familial,Consultation infirmière"
Ribat El Kheir,Fès-Meknès,Sefrou,Ribate El Kheir,CSU-2,Centre de Santé Urbain niveau 2,Soins primaires,"Médecine générale,Soins de base,Vaccination,Planning familial,Consultation infirmière"
Chahid Baha,Fès-Meknès,Sefrou,Sefrou,CSU-1,Centre de Santé Urbain niveau 1,Soins primaires,"Médecine générale,Soins de base,Vaccination,Planning familial,Consultation infirmière"
Imouzzer,Fès-Meknès,Sefrou,Imouzzer Kandar,CSU-2,Centre de Santé Urbain niveau 2,Soins primaires,"Médecine générale,Soins de base,Vaccination,Planning familial,Consultation infirmière"
El Menzel,Fès-Meknès,Sefrou,El Menzel,CSU-2,Centre de Santé Urbain niveau 2,Soins primaires,"Médecine générale,Soins de base,Vaccination,Planning familial,Consultation infirmière"
Bhalil,Fès-Meknès,Sefrou,Bhalil,CSU-1,Centre de Santé Urbain niveau 1,Soins primaires,"Médecine générale,Soins de base,Vaccination,Planning familial,Consultation infirmière"
Tadili,Fès-Meknès,Sefrou,Sefrou,CSU-1,Centre de Santé Urbain niveau 1,Soins primaires,"Médecine générale,Soins de base,Vaccination,Planning familial,Consultation infirmière"
CDTMR Sefrou,Fès-Meknès,Sefrou,Sefrou,CDTMR,Centre de Diagnostic et de Traitement des Maladies Respiratoires,Soins primaires,"Pneumologie,Maladies respiratoires,Tuberculose,CDTMR"
Mbarek El Bekkay,Fès-Meknès,Sefrou,Sefrou,CRSR,Centre de Référence en Santé de Reproduction,Soins primaires,"Gynécologie,Santé de la reproduction,Planification familiale,Maternité"
Bir Anzarane (Dcher B. Seffar),Fès-Meknès,Sefrou,Sefrou,CSU-1,Centre de Santé Urbain niveau 1,Soins primaires,"Médecine générale,Soins de base,Vaccination,Planning familial,Consultation infirmière"
Ichemlalene,Fès-Meknès,Sefrou,Ighzrane,DR,Dispensaire Rural,Soins primaires,"Soins de base,Soins d'urgence élémentaires"
Bir Tam-Tam,Fès-Meknès,Sefrou,Bir Tam Tam,CSR-2,Centre de Santé Rural niveau 2,Soins primaires,"Médecine générale,Soins de base,Vaccination,Soins infirmiers"
Ras Tabouda,Fès-Meknès,Sefrou,Ras Tabouda,CSR-2,Centre de Santé Rural niveau 2,Soins primaires,"Médecine générale,Soins de base,Vaccination,Soins infirmiers"
Adrej,Fès-Meknès,Sefrou,Adrej,CSR-2,Centre de Santé Rural niveau 2,Soins primaires,"Médecine générale,Soins de base,Vaccination,Soins infirmiers"
Dar El Hamra,Fès-Meknès,Sefrou,Dar El Hamra,CSR-1,Centre de Santé Rural niveau 1,Soins primaires,"Médecine générale,Soins de base,Vaccination,Soins infirmiers"
Ighzerane,Fès-Meknès,Sefrou,Ighzrane,CSR-1,Centre de Santé Rural niveau 1,Soins primaires,"Médecine générale,Soins de base,Vaccination,Soins infirmiers"
Ain Tamgnay (Zaouia),Fès-Meknès,Sefrou,Ain Timguenai,CSR-1,Centre de Santé Rural niveau 1,Soins primaires,"Médecine générale,Soins de base,Vaccination,Soins infirmiers"
Mtarnagha,Fès-Meknès,Sefrou,Mtarnagha,CSR-1,Centre de Santé Rural niveau 1,Soins primaires,"Médecine générale,Soins de base,Vaccination,Soins infirmiers"
Ouled Mkoudou,Fès-Meknès,Sefrou,Oulad Mkoudou,CSR-1,Centre de Santé Rural niveau 1,Soins primaires,"Médecine générale,Soins de base,Vaccination,Soins infirmiers"
Dar Hakoun,Fès-Meknès,Sefrou,Oulad Mkoudou,DR,Dispensaire Rural,Soins primaires,"Soins de base,Soins d'urgence élémentaires"
Tafajight,Fès-Meknès,Sefrou,Tafajight,CSR-1,Centre de Santé Rural niveau 1,Soins primaires,"Médecine générale,Soins de base,Vaccination,Soins infirmiers"
Ain Cheggag,Fès-Meknès,Sefrou,Ain Cheggag,CSR-2,Centre de Santé Rural niveau 2,Soins primaires,"Médecine générale,Soins de base,Vaccination,Soins infirmiers"
Bsabis,Fès-Meknès,Sefrou,Ait Sebaa Lajrouf,DR,Dispensaire Rural,Soins primaires,"Soins de base,Soins d'urgence élémentaires"
Ain Chifa,Fès-Meknès,Sefrou,Ait Sebaa Lajrouf,CSR-1,Centre de Santé Rural niveau 1,Soins primaires,"Médecine générale,Soins de base,Vaccination,Soins infirmiers"
Tazouta,Fès-Meknès,Sefrou,Tazouta,CSR-2,Centre de Santé Rural niveau 2,Soins primaires,"Médecine générale,Soins de base,Vaccination,Soins infirmiers"
Azzaba,Fès-Meknès,Sefrou,Azzaba,CSR-1,Centre de Santé Rural niveau 1,Soins primaires,"Médecine générale,Soins de base,Vaccination,Soins infirmiers"
Zgane,Fès-Meknès,Sefrou,Ahl Sidi Lahcen,DR,Dispensaire Rural,Soins primaires,"Soins de base,Soins d'urgence élémentaires"
Sidi Lahcen,Fès-Meknès,Sefrou,Ahl Sidi Lahcen,CSR-1,Centre de Santé Rural niveau 1,Soins primaires,"Médecine générale,Soins de base,Vaccination,Soins infirmiers"
Moujjou,Fès-Meknès,Sefrou,Sidi YoussefBen Ahmed,DR,Dispensaire Rural,Soins primaires,"Soins de base,Soins d'urgence élémentaires"
Azraa,Fès-Meknès,Sefrou,Ahl Sidi Lahcen,DR,Dispensaire Rural,Soins primaires,"Soins de base,Soins d'urgence élémentaires"
Louata,Fès-Meknès,Sefrou,Aghbalou Aqorar,DR,Dispensaire Rural,Soins primaires,"Soins de base,Soins d'urgence élémentaires"
Aghbalou,Fès-Meknès,Sefrou,Aghbalou Aqorar,CSR-1,Centre de Santé Rural niveau 1,Soins primaires,"Médecine générale,Soins de base,Vaccination,Soins infirmiers"
Ayoun  Snam,Fès-Meknès,Sefrou,Laanoussar,CSR-2,Centre de Santé Rural niveau 2,Soins primaires,"Médecine générale,Soins de base,Vaccination,Soins infirmiers"
Kandar S.Khiar,Fès-Meknès,Sefrou,Kandar Sidi Khiar,CSR-1,Centre de Santé Rural niveau 1,Soins primaires,"Médecine générale,Soins de base,Vaccination,Soins infirmiers"
Senhaja,Fès-Meknès,Sefrou,Sidi YoussefBen Ahmed,CSR-1,Centre de Santé Rural niveau 1,Soins primaires,"Médecine générale,Soins de base,Vaccination,Soins infirmiers"
Karia,Fès-Meknès,Taounate,Karia Ba Mohamed,CSU-2,Centre de Santé Urbain niveau 2,Soins primaires,"Médecine générale,Soins de base,Vaccination,Planning familial,Consultation infirmière"
Rhafsai,Fès-Meknès,Taounate,Ghafsai,CSU-1,Centre de Santé Urbain niveau 1,Soins primaires,"Médecine générale,Soins de base,Vaccination,Planning familial,Consultation infirmière"
Taounate-LSP,Fès-Meknès,Taounate,Taounate,LSP,Laboratoire de Santé Publique,Soins primaires,Laboratoire d'analyses médicales
Tissa,Fès-Meknès,Taounate,Tissa,CSU-2,Centre de Santé Urbain niveau 2,Soins primaires,"Médecine générale,Soins de base,Vaccination,Planning familial,Consultation infirmière"
Taounate,Fès-Meknès,Taounate,Taounate,CSU-1,Centre de Santé Urbain niveau 1,Soins primaires,"Médecine générale,Soins de base,Vaccination,Planning familial,Consultation infirmière"
Taounate-CRSR,Fès-Meknès,Taounate,Taounate,CRSR,Centre de Référence en Santé de Reproduction,Soins primaires,"Gynécologie,Santé de la reproduction,Planification familiale,Maternité"
Taounate-CDTMR,Fès-Meknès,Taounate,Taounate,CDTMR,Centre de Diagnostic et de Traitement des Maladies Respiratoires,Soins primaires,"Pneumologie,Maladies respiratoires,Tuberculose,CDTMR"
Rmila,Fès-Meknès,Taounate,Taounate,CSU-1,Centre de Santé Urbain niveau 1,Soins primaires,"Médecine générale,Soins de base,Vaccination,Planning familial,Consultation infirmière"
Thar Es-Souk,Fès-Meknès,Taounate,Thar Es-souk,CSU-2,Centre de Santé Urbain niveau 2,Soins primaires,"Médecine générale,Soins de base,Vaccination,Planning familial,Consultation infirmière"
Kalaat B. Kacem,Fès-Meknès,Taounate,Timezgana,DR,Dispensaire Rural,Soins primaires,"Soins de base,Soins d'urgence élémentaires"
Galaz,Fès-Meknès,Taounate,Galaz,CSR-1,Centre de Santé Rural niveau 1,Soins primaires,"Médecine générale,Soins de base,Vaccination,Soins infirmiers"
Oulad Salah ( S.Yahia Bni Zeroual),Fès-Meknès,Taounate,Sidi YahyaBni Zeroual,CSR-1,Centre de Santé Rural niveau 1,Soins primaires,"Médecine générale,Soins de base,Vaccination,Soins infirmiers"
S.Haj M'hamed (Bab Mansoura),Fès-Meknès,Taounate,Sidi Haj M'hamed,CSR-1,Centre de Santé Rural niveau 1,Soins primaires,"Médecine générale,Soins de base,Vaccination,Soins infirmiers"
Timzgana,Fès-Meknès,Taounate,Timezgana,CSR-1,Centre de Santé Rural niveau 1,Soins primaires,"Médecine générale,Soins de base,Vaccination,Soins infirmiers"
Sidi Mokhfi,Fès-Meknès,Taounate,Sidi Mokhfi,CSR-1,Centre de Santé Rural niveau 1,Soins primaires,"Médecine générale,Soins de base,Vaccination,Soins infirmiers"
El Bibane,Fès-Meknès,Taounate,El Bibane,CSR-1,Centre de Santé Rural niveau 1,Soins primaires,"Médecine générale,Soins de base,Vaccination,Soins infirmiers"
Bab Zriba (Ain Bouchrik),Fès-Meknès,Taounate,Ouartzagh,DR,Dispensaire Rural,Soins primaires,"Soins de base,Soins d'urgence élémentaires"
Ourtzarh,Fès-Meknès,Taounate,Ouartzagh,CSR-2,Centre de Santé Rural niveau 2,Soins primaires,"Médecine générale,Soins de base,Vaccination,Soins infirmiers"
Hamdane,Fès-Meknès,Taounate,Timezgana,DR,Dispensaire Rural,Soins primaires,"Soins de base,Soins d'urgence élémentaires"
Kissane (Kallaline),Fès-Meknès,Taounate,Kissane,CSR-1,Centre de Santé Rural niveau 1,Soins primaires,"Médecine générale,Soins de base,Vaccination,Soins infirmiers"
Fej Medina,Fès-Meknès,Taounate,Kissane,DR,Dispensaire Rural,Soins primaires,"Soins de base,Soins d'urgence élémentaires"
Tabouda,Fès-Meknès,Taounate,Tabouda,CSR-1,Centre de Santé Rural niveau 1,Soins primaires,"Médecine générale,Soins de base,Vaccination,Soins infirmiers"
Bab L'hamra (A. Zemezem),Fès-Meknès,Taounate,Galaz,DR,Dispensaire Rural,Soins primaires,"Soins de base,Soins d'urgence élémentaires"
Ouislane,Fès-Meknès,Taounate,Ratba,DR,Dispensaire Rural,Soins primaires,"Soins de base,Soins d'urgence élémentaires"
Tainza,Fès-Meknès,Taounate,Ratba,DR,Dispensaire Rural,Soins primaires,"Soins de base,Soins d'urgence élémentaires"
Ratba,Fès-Meknès,Taounate,Ratba,CSR-1,Centre de Santé Rural niveau 1,Soins primaires,"Médecine générale,Soins de base,Vaccination,Soins infirmiers"
Oudka (Souk  El Had),Fès-Meknès,Taounate,Oudka,CSR-1,Centre de Santé Rural niveau 1,Soins primaires,"Médecine générale,Soins de base,Vaccination,Soins infirmiers"
Tafrant,Fès-Meknès,Taounate,Tafrant,CSR-2,Centre de Santé Rural niveau 2,Soins primaires,"Médecine générale,Soins de base,Vaccination,Soins infirmiers"
Mkansa,Fès-Meknès,Taounate,Mkansa,CSR-2,Centre de Santé Rural niveau 2,Soins primaires,"Médecine générale,Soins de base,Vaccination,Soins infirmiers"
Dechra,Fès-Meknès,Taounate,Mkansa,DR,Dispensaire Rural,Soins primaires,"Soins de base,Soins d'urgence élémentaires"
Draza,Fès-Meknès,Taounate,Rhouazi,DR,Dispensaire Rural,Soins primaires,"Soins de base,Soins d'urgence élémentaires"
Rhouazi,Fès-Meknès,Taounate,Rhouazi,CSR-1,Centre de Santé Rural niveau 1,Soins primaires,"Médecine générale,Soins de base,Vaccination,Soins infirmiers"
Sidi El Abed (Rhrasla),Fès-Meknès,Taounate,Sidi El Abed,CSR-1,Centre de Santé Rural niveau 1,Soins primaires,"Médecine générale,Soins de base,Vaccination,Soins infirmiers"
Oulja,Fès-Meknès,Taounate,Loulja,CSR-1,Centre de Santé Rural niveau 1,Soins primaires,"Médecine générale,Soins de base,Vaccination,Soins infirmiers"
Jbabra,Fès-Meknès,Taounate,Jbabra,CSR-1,Centre de Santé Rural niveau 1,Soins primaires,"Médecine générale,Soins de base,Vaccination,Soins infirmiers"
Bouchabel,Fès-Meknès,Taounate,Bouchabel,CSR-2,Centre de Santé Rural niveau 2,Soins primaires,"Médecine générale,Soins de base,Vaccination,Soins infirmiers"
Bridia,Fès-Meknès,Taounate,Moulay Bouchta,DR,Dispensaire Rural,Soins primaires,"Soins de base,Soins d'urgence élémentaires"
Moulay Bouchta,Fès-Meknès,Taounate,Moulay Bouchta,CSR-1,Centre de Santé Rural niveau 1,Soins primaires,"Médecine générale,Soins de base,Vaccination,Soins infirmiers"
My ABDELKRIM,Fès-Meknès,Taounate,Moulay Abdelkrim,CSR-1,Centre de Santé Rural niveau 1,Soins primaires,"Médecine générale,Soins de base,Vaccination,Soins infirmiers"
Bni Snous,Fès-Meknès,Taounate,Bni Snous,CSR-1,Centre de Santé Rural niveau 1,Soins primaires,"Médecine générale,Soins de base,Vaccination,Soins infirmiers"
El Onsar,Fès-Meknès,Taounate,Jbabra,DR,Dispensaire Rural,Soins primaires,"Soins de base,Soins d'urgence élémentaires"
Ayechtoum,Fès-Meknès,Taounate,Bouhouda,DR,Dispensaire Rural,Soins primaires,"Soins de base,Soins d'urgence élémentaires"
Kodia,Fès-Meknès,Taounate,Tamedit,DR,Dispensaire Rural,Soins primaires,"Soins de base,Soins d'urgence élémentaires"
Bouadel Dahir,Fès-Meknès,Taounate,Bouadel,DR,Dispensaire Rural,Soins primaires,"Soins de base,Soins d'urgence élémentaires"
Bouadel Lemrouj,Fès-Meknès,Taounate,Bouadel,CSR-1,Centre de Santé Rural niveau 1,Soins primaires,"Médecine générale,Soins de base,Vaccination,Soins infirmiers"
Oued Louane,Fès-Meknès,Taounate,Bni Oulid,DR,Dispensaire Rural,Soins primaires,"Soins de base,Soins d'urgence élémentaires"
S. Boujmaa (Timedghass),Fès-Meknès,Taounate,Bni Oulid,DR,Dispensaire Rural,Soins primaires,"Soins de base,Soins d'urgence élémentaires"
Bni Oulid,Fès-Meknès,Taounate,Bni Oulid,CSR-2,Centre de Santé Rural niveau 2,Soins primaires,"Médecine générale,Soins de base,Vaccination,Soins infirmiers"
Zmamra(B.Selmane),Fès-Meknès,Taounate,Ain Mediouna,DR,Dispensaire Rural,Soins primaires,"Soins de base,Soins d'urgence élémentaires"
Tazouda,Fès-Meknès,Taounate,Ain Mediouna,DR,Dispensaire Rural,Soins primaires,"Soins de base,Soins d'urgence élémentaires"
Beni Berbere,Fès-Meknès,Taounate,Bouhouda,DR,Dispensaire Rural,Soins primaires,"Soins de base,Soins d'urgence élémentaires"
S.Abderrahman,Fès-Meknès,Taounate,Bni Ounjel Tafraout,CSR-1,Centre de Santé Rural niveau 1,Soins primaires,"Médecine générale,Soins de base,Vaccination,Soins infirmiers"
Oued El Kasabah (Bni Ounjel),Fès-Meknès,Taounate,Fennassa Bab El Hit,CSR-1,Centre de Santé Rural niveau 1,Soins primaires,"Médecine générale,Soins de base,Vaccination,Soins infirmiers"
Hamata,Fès-Meknès,Taounate,Fennassa Bab El Hit,DR,Dispensaire Rural,Soins primaires,"Soins de base,Soins d'urgence élémentaires"
Tamedit,Fès-Meknès,Taounate,Tamedit,CSR-1,Centre de Santé Rural niveau 1,Soins primaires,"Médecine générale,Soins de base,Vaccination,Soins infirmiers"
Ain Mediouna,Fès-Meknès,Taounate,Ain Mediouna,CSR-2,Centre de Santé Rural niveau 2,Soins primaires,"Médecine générale,Soins de base,Vaccination,Soins infirmiers"
Zrizer,Fès-Meknès,Taounate,Zrizer,CSR-1,Centre de Santé Rural niveau 1,Soins primaires,"Médecine générale,Soins de base,Vaccination,Soins infirmiers"
Khlalfa,Fès-Meknès,Taounate,Khlalfa,CSR-1,Centre de Santé Rural niveau 1,Soins primaires,"Médecine générale,Soins de base,Vaccination,Soins infirmiers"
Bab Ouender,Fès-Meknès,Taounate,Rghioua,CSR-1,Centre de Santé Rural niveau 1,Soins primaires,"Médecine générale,Soins de base,Vaccination,Soins infirmiers"
Oulad Tahar,Fès-Meknès,Taounate,Mezraoua,CSR-1,Centre de Santé Rural niveau 1,Soins primaires,"Médecine générale,Soins de base,Vaccination,Soins infirmiers"
Dar Abkhti (Aouzay),Fès-Meknès,Taounate,Tamedit,DR,Dispensaire Rural,Soins primaires,"Soins de base,Soins d'urgence élémentaires"
Bouhouda,Fès-Meknès,Taounate,Bouhouda,CSR-2,Centre de Santé Rural niveau 2,Soins primaires,"Médecine générale,Soins de base,Vaccination,Soins infirmiers"
Ain Aicha,Fès-Meknès,Taounate,Ain Aicha,CSR-2,Centre de Santé Rural niveau 2,Soins primaires,"Médecine générale,Soins de base,Vaccination,Soins infirmiers"
Ain Khemiss (Ain Maatouf),Fès-Meknès,Taounate,Ain Maatouf,CSR-1,Centre de Santé Rural niveau 1,Soins primaires,"Médecine générale,Soins de base,Vaccination,Soins infirmiers"
Ain Maatouf (Kharrouba),Fès-Meknès,Taounate,Ain Maatouf,DR,Dispensaire Rural,Soins primaires,"Soins de base,Soins d'urgence élémentaires"
Bouarouss,Fès-Meknès,Taounate,Bouarouss,CSR-2,Centre de Santé Rural niveau 2,Soins primaires,"Médecine générale,Soins de base,Vaccination,Soins infirmiers"
Oulad Ali,Fès-Meknès,Taounate,Bouarouss,DR,Dispensaire Rural,Soins primaires,"Soins de base,Soins d'urgence élémentaires"
Trifa,Fès-Meknès,Taounate,Bouarouss,DR,Dispensaire Rural,Soins primaires,"Soins de base,Soins d'urgence élémentaires"
Oulad Daoud,Fès-Meknès,Taounate,Oulad Daoud,CSR-1,Centre de Santé Rural niveau 1,Soins primaires,"Médecine générale,Soins de base,Vaccination,Soins infirmiers"
El Bsabsa,Fès-Meknès,Taounate,El Bsabsa,CSR-1,Centre de Santé Rural niveau 1,Soins primaires,"Médecine générale,Soins de base,Vaccination,Soins infirmiers"
Oued Jemaa,Fès-Meknès,Taounate,Oued Jemaa,CSR-1,Centre de Santé Rural niveau 1,Soins primaires,"Médecine générale,Soins de base,Vaccination,Soins infirmiers"
Ras El Oued,Fès-Meknès,Taounate,Ras El Oued,CSR-1,Centre de Santé Rural niveau 1,Soins primaires,"Médecine générale,Soins de base,Vaccination,Soins infirmiers"
Bratla,Fès-Meknès,Taounate,Ras El Oued,DR,Dispensaire Rural,Soins primaires,"Soins de base,Soins d'urgence élémentaires"
S. M'hamed B. Lahcen (Gaada Rouichyine),Fès-Meknès,Taounate,Sidi M'HamedBen Lahcen,CSR-1,Centre de Santé Rural niveau 1,Soins primaires,"Médecine générale,Soins de base,Vaccination,Soins infirmiers"
Hamoudiat,Fès-Meknès,Taounate,Sidi M'HamedBen Lahcen,DR,Dispensaire Rural,Soins primaires,"Soins de base,Soins d'urgence élémentaires"
Ain Legdah,Fès-Meknès,Taounate,Ain Legdah,CSR-2,Centre de Santé Rural niveau 2,Soins primaires,"Médecine générale,Soins de base,Vaccination,Soins infirmiers"
Oulad Ayyad,Fès-Meknès,Taounate,Oulad Ayyad,CSR-1,Centre de Santé Rural niveau 1,Soins primaires,"Médecine générale,Soins de base,Vaccination,Soins infirmiers"
Messassa,Fès-Meknès,Taounate,Messassa,CSR-1,Centre de Santé Rural niveau 1,Soins primaires,"Médecine générale,Soins de base,Vaccination,Soins infirmiers"
Outabouabane,Fès-Meknès,Taounate,Outabouabane,CSR-1,Centre de Santé Rural niveau 1,Soins primaires,"Médecine générale,Soins de base,Vaccination,Soins infirmiers"
Jiyarine,Fès-Meknès,Taza,Taza,CSU-1,Centre de Santé Urbain niveau 1,Soins primaires,"Médecine générale,Soins de base,Vaccination,Planning familial,Consultation infirmière"
Bab Tete,Fès-Meknès,Taza,Taza,CDTMR,Centre de Diagnostic et de Traitement des Maladies Respiratoires,Soins primaires,"Pneumologie,Maladies respiratoires,Tuberculose,CDTMR"
Labo.  Epidemiologique,Fès-Meknès,Taza,Taza,LSP,Laboratoire de Santé Publique,Soins primaires,Laboratoire d'analyses médicales
Ourida,Fès-Meknès,Taza,Taza,CRSR,Centre de Référence en Santé de Reproduction,Soins primaires,"Gynécologie,Santé de la reproduction,Planification familiale,Maternité"
Massira II,Fès-Meknès,Taza,Taza,CSU-1,Centre de Santé Urbain niveau 1,Soins primaires,"Médecine générale,Soins de base,Vaccination,Planning familial,Consultation infirmière"
Aknoul,Fès-Meknès,Taza,Aknoul,CSU-2,Centre de Santé Urbain niveau 2,Soins primaires,"Médecine générale,Soins de base,Vaccination,Planning familial,Consultation infirmière"
Al Qods,Fès-Meknès,Taza,Taza,CSU-1,Centre de Santé Urbain niveau 1,Soins primaires,"Médecine générale,Soins de base,Vaccination,Planning familial,Consultation infirmière"
Tahala,Fès-Meknès,Taza,Tahla,CSU-2,Centre de Santé Urbain niveau 2,Soins primaires,"Médecine générale,Soins de base,Vaccination,Planning familial,Consultation infirmière"
Bab Tete,Fès-Meknès,Taza,Taza,CSU-1,Centre de Santé Urbain niveau 1,Soins primaires,"Médecine générale,Soins de base,Vaccination,Planning familial,Consultation infirmière"
Bab Zitouna,Fès-Meknès,Taza,Taza,CSU-1,Centre de Santé Urbain niveau 1,Soins primaires,"Médecine générale,Soins de base,Vaccination,Planning familial,Consultation infirmière"
Bit Ghoulem,Fès-Meknès,Taza,Taza,CSU-1,Centre de Santé Urbain niveau 1,Soins primaires,"Médecine générale,Soins de base,Vaccination,Planning familial,Consultation infirmière"
Bin Jradi,Fès-Meknès,Taza,Taza,CSU-1,Centre de Santé Urbain niveau 1,Soins primaires,"Médecine générale,Soins de base,Vaccination,Planning familial,Consultation infirmière"
Al Wahdah,Fès-Meknès,Taza,Taza,CSU-1,Centre de Santé Urbain niveau 1,Soins primaires,"Médecine générale,Soins de base,Vaccination,Planning familial,Consultation infirmière"
Ouad Amlil,Fès-Meknès,Taza,Oued Amlil,CSU-2,Centre de Santé Urbain niveau 2,Soins primaires,"Médecine générale,Soins de base,Vaccination,Planning familial,Consultation infirmière"
Taghilaste,Fès-Meknès,Taza,Tizi Ouasli,DR,Dispensaire Rural,Soins primaires,"Soins de base,Soins d'urgence élémentaires"
S.Ali Bourakba,Fès-Meknès,Taza,Sidi Ali Bourakba,CSR-1,Centre de Santé Rural niveau 1,Soins primaires,"Médecine générale,Soins de base,Vaccination,Soins infirmiers"
Tizi Ouasli,Fès-Meknès,Taza,Tizi Ouasli,CSR-2,Centre de Santé Rural niveau 2,Soins primaires,"Médecine générale,Soins de base,Vaccination,Soins infirmiers"
Tastite,Fès-Meknès,Taza,Sidi Ali Bourakba,DR,Dispensaire Rural,Soins primaires,"Soins de base,Soins d'urgence élémentaires"
Bni M'hamed,Fès-Meknès,Taza,Sidi Ali Bourakba,DR,Dispensaire Rural,Soins primaires,"Soins de base,Soins d'urgence élémentaires"
Od ALI B.AISSA,Fès-Meknès,Taza,Sidi Ali Bourakba,DR,Dispensaire Rural,Soins primaires,"Soins de base,Soins d'urgence élémentaires"
Jbarna,Fès-Meknès,Taza,Jbarna,CSR-1,Centre de Santé Rural niveau 1,Soins primaires,"Médecine générale,Soins de base,Vaccination,Soins infirmiers"
Malal,Fès-Meknès,Taza,Gzenaya Al Janoubia,CSR-1,Centre de Santé Rural niveau 1,Soins primaires,"Médecine générale,Soins de base,Vaccination,Soins infirmiers"
Tisliouine,Fès-Meknès,Taza,Bourd,DR,Dispensaire Rural,Soins primaires,"Soins de base,Soins d'urgence élémentaires"
Inahnahen,Fès-Meknès,Taza,Bourd,DR,Dispensaire Rural,Soins primaires,"Soins de base,Soins d'urgence élémentaires"
Boured,Fès-Meknès,Taza,Bourd,CSR-1,Centre de Santé Rural niveau 1,Soins primaires,"Médecine générale,Soins de base,Vaccination,Soins infirmiers"
Ain Hamra,Fès-Meknès,Taza,Ajdir,DR,Dispensaire Rural,Soins primaires,"Soins de base,Soins d'urgence élémentaires"
Yarouhdoud,Fès-Meknès,Taza,Ajdir,DR,Dispensaire Rural,Soins primaires,"Soins de base,Soins d'urgence élémentaires"
Ajdir,Fès-Meknès,Taza,Ajdir,CSR-2,Centre de Santé Rural niveau 2,Soins primaires,"Médecine générale,Soins de base,Vaccination,Soins infirmiers"
Beni Abdellah,Fès-Meknès,Taza,Bni Frassen,DR,Dispensaire Rural,Soins primaires,"Soins de base,Soins d'urgence élémentaires"
Beni Mgara,Fès-Meknès,Taza,Ghiata Al Gharbia,DR,Dispensaire Rural,Soins primaires,"Soins de base,Soins d'urgence élémentaires"
Maskrierne,Fès-Meknès,Taza,Ghiata Al Gharbia,DR,Dispensaire Rural,Soins primaires,"Soins de base,Soins d'urgence élémentaires"
Oulad Zbair,Fès-Meknès,Taza,Oulad Zbair,CSR-2,Centre de Santé Rural niveau 2,Soins primaires,"Médecine générale,Soins de base,Vaccination,Soins infirmiers"
Gaada  Lhamra,Fès-Meknès,Taza,Ghiata Al Gharbia,CSR-1,Centre de Santé Rural niveau 1,Soins primaires,"Médecine générale,Soins de base,Vaccination,Soins infirmiers"
Kaouan,Fès-Meknès,Taza,Bouhlou,DR,Dispensaire Rural,Soins primaires,"Soins de base,Soins d'urgence élémentaires"
Bouhlou,Fès-Meknès,Taza,Bouhlou,CSR-1,Centre de Santé Rural niveau 1,Soins primaires,"Médecine générale,Soins de base,Vaccination,Soins infirmiers"
Bouchfaa,Fès-Meknès,Taza,Bouchfaa,CSR-1,Centre de Santé Rural niveau 1,Soins primaires,"Médecine générale,Soins de base,Vaccination,Soins infirmiers"
Rbaa El Fouki (El Fahsse),Fès-Meknès,Taza,Rbaa El Fouki,CSR-1,Centre de Santé Rural niveau 1,Soins primaires,"Médecine générale,Soins de base,Vaccination,Soins infirmiers"
Mrillou,Fès-Meknès,Taza,Bni Frassen,DR,Dispensaire Rural,Soins primaires,"Soins de base,Soins d'urgence élémentaires"
Bni Frassen,Fès-Meknès,Taza,Bni Frassen,CSR-2,Centre de Santé Rural niveau 2,Soins primaires,"Médecine générale,Soins de base,Vaccination,Soins infirmiers"
Tazarine,Fès-Meknès,Taza,Tazarine,CSR-1,Centre de Santé Rural niveau 1,Soins primaires,"Médecine générale,Soins de base,Vaccination,Soins infirmiers"
Bouzemlane,Fès-Meknès,Taza,Ait Saghrouchen,CSR-2,Centre de Santé Rural niveau 2,Soins primaires,"Médecine générale,Soins de base,Vaccination,Soins infirmiers"
Matmata,Fès-Meknès,Taza,Matmata,CSR-1,Centre de Santé Rural niveau 1,Soins primaires,"Médecine générale,Soins de base,Vaccination,Soins infirmiers"
Ain Boumassai,Fès-Meknès,Taza,Matmata,DR,Dispensaire Rural,Soins primaires,"Soins de base,Soins d'urgence élémentaires"
TAMAZARTE,Fès-Meknès,Taza,Ait Saghrouchen,DR,Dispensaire Rural,Soins primaires,"Soins de base,Soins d'urgence élémentaires"
Smia,Fès-Meknès,Taza,Smià,CSR-1,Centre de Santé Rural niveau 1,Soins primaires,"Médecine générale,Soins de base,Vaccination,Soins infirmiers"
Bab Souk Sejra,Fès-Meknès,Taza,Smià,DR,Dispensaire Rural,Soins primaires,"Soins de base,Soins d'urgence élémentaires"
Zrarda,Fès-Meknès,Taza,Zrarda,CSR-2,Centre de Santé Rural niveau 2,Soins primaires,"Médecine générale,Soins de base,Vaccination,Soins infirmiers"
Bouyablane,Fès-Meknès,Taza,Bouyablane,CSR-1,Centre de Santé Rural niveau 1,Soins primaires,"Médecine générale,Soins de base,Vaccination,Soins infirmiers"
ZAWIA,Fès-Meknès,Taza,Matmata,DR,Dispensaire Rural,Soins primaires,"Soins de base,Soins d'urgence élémentaires"
Tainaste,Fès-Meknès,Taza,Tainaste,CSR-2,Centre de Santé Rural niveau 2,Soins primaires,"Médecine générale,Soins de base,Vaccination,Soins infirmiers"
Beni Krama,Fès-Meknès,Taza,Tainaste,DR,Dispensaire Rural,Soins primaires,"Soins de base,Soins d'urgence élémentaires"
Bni Ftah,Fès-Meknès,Taza,Bni Ftah,CSR-1,Centre de Santé Rural niveau 1,Soins primaires,"Médecine générale,Soins de base,Vaccination,Soins infirmiers"
Oued Broun,Fès-Meknès,Taza,Bni Ftah,DR,Dispensaire Rural,Soins primaires,"Soins de base,Soins d'urgence élémentaires"
Bab Elmrouj,Fès-Meknès,Taza,Taifa,CSR-2,Centre de Santé Rural niveau 2,Soins primaires,"Médecine générale,Soins de base,Vaccination,Soins infirmiers"
Taifa,Fès-Meknès,Taza,Taifa,DR,Dispensaire Rural,Soins primaires,"Soins de base,Soins d'urgence élémentaires"
Saaida,Fès-Meknès,Taza,Taifa,DR,Dispensaire Rural,Soins primaires,"Soins de base,Soins d'urgence élémentaires"
Traiba,Fès-Meknès,Taza,Traiba,CSR-1,Centre de Santé Rural niveau 1,Soins primaires,"Médecine générale,Soins de base,Vaccination,Soins infirmiers"
Kaf El Ghar,Fès-Meknès,Taza,Kaf El Ghar,CSR-2,Centre de Santé Rural niveau 2,Soins primaires,"Médecine générale,Soins de base,Vaccination,Soins infirmiers"
Brarha,Fès-Meknès,Taza,Brarha,CSR-1,Centre de Santé Rural niveau 1,Soins primaires,"Médecine générale,Soins de base,Vaccination,Soins infirmiers"
Had Msila,Fès-Meknès,Taza,Msila,CSR-2,Centre de Santé Rural niveau 2,Soins primaires,"Médecine générale,Soins de base,Vaccination,Soins infirmiers"
El Gouzate,Fès-Meknès,Taza,El Gouzate,CSR-1,Centre de Santé Rural niveau 1,Soins primaires,"Médecine générale,Soins de base,Vaccination,Soins infirmiers"
Bab Boudir,Fès-Meknès,Taza,Bab Boudir,CSR-1,Centre de Santé Rural niveau 1,Soins primaires,"Médecine générale,Soins de base,Vaccination,Soins infirmiers"
Tlajdoute,Fès-Meknès,Taza,Maghraoua,DR,Dispensaire Rural,Soins primaires,"Soins de base,Soins d'urgence élémentaires"
Jlaila,Fès-Meknès,Taza,Bab Marzouka,DR,Dispensaire Rural,Soins primaires,"Soins de base,Soins d'urgence élémentaires"
Jamaa Lakbir,Fès-Meknès,Taza,Bab Marzouka,DR,Dispensaire Rural,Soins primaires,"Soins de base,Soins d'urgence élémentaires"
Bni Lent,Fès-Meknès,Taza,Bni Lent,CSR-2,Centre de Santé Rural niveau 2,Soins primaires,"Médecine générale,Soins de base,Vaccination,Soins infirmiers"
Od Cherif (Bab Ramla),Fès-Meknès,Taza,Oulad Chrif,CSR-1,Centre de Santé Rural niveau 1,Soins primaires,"Médecine générale,Soins de base,Vaccination,Soins infirmiers"
Skhirat,Fès-Meknès,Taza,Oulad Chrif,DR,Dispensaire Rural,Soins primaires,"Soins de base,Soins d'urgence élémentaires"
Galdamane,Fès-Meknès,Taza,Galdamane,CSR-1,Centre de Santé Rural niveau 1,Soins primaires,"Médecine générale,Soins de base,Vaccination,Soins infirmiers"
Bechiene,Fès-Meknès,Taza,Galdamane,DR,Dispensaire Rural,Soins primaires,"Soins de base,Soins d'urgence élémentaires"
Ouaraguine,Fès-Meknès,Taza,Galdamane,DR,Dispensaire Rural,Soins primaires,"Soins de base,Soins d'urgence élémentaires"
Meknassa Cherkia,Fès-Meknès,Taza,Meknassa Acharqia,CSR-2,Centre de Santé Rural niveau 2,Soins primaires,"Médecine générale,Soins de base,Vaccination,Soins infirmiers"
Meknassa Rharbia,Fès-Meknès,Taza,Meknassa Al Gharbia,CSR-1,Centre de Santé Rural niveau 1,Soins primaires,"Médecine générale,Soins de base,Vaccination,Soins infirmiers"
Asrir,Fès-Meknès,Taza,Maghraoua,DR,Dispensaire Rural,Soins primaires,"Soins de base,Soins d'urgence élémentaires"
Maghraoua,Fès-Meknès,Taza,Maghraoua,CSR-2,Centre de Santé Rural niveau 2,Soins primaires,"Médecine générale,Soins de base,Vaccination,Soins infirmiers"
Bab Larbaa (El Ansar),Fès-Meknès,Taza,Maghraoua,DR,Dispensaire Rural,Soins primaires,"Soins de base,Soins d'urgence élémentaires"
Bab Marzouka,Fès-Meknès,Taza,Bab Marzouka,CSR-2,Centre de Santé Rural niveau 2,Soins primaires,"Médecine générale,Soins de base,Vaccination,Soins infirmiers"
My Yaacoub,Fès-Meknès,Moulay Yacoub,Moulay Yacoub,CSU-2,Centre de Santé Urbain niveau 2,Soins primaires,"Médecine générale,Soins de base,Vaccination,Planning familial,Consultation infirmière"
Ain Chkef,Fès-Meknès,Moulay Yacoub,Ain Chkef,CSU-2,Centre de Santé Urbain niveau 2,Soins primaires,"Médecine générale,Soins de base,Vaccination,Planning familial,Consultation infirmière"
Ras El Ma El Inbiaat,Fès-Meknès,Moulay Yacoub,Ain Chkef,CSU-1,Centre de Santé Urbain niveau 1,Soins primaires,"Médecine générale,Soins de base,Vaccination,Planning familial,Consultation infirmière"
Ouled Boussaleh,Fès-Meknès,Moulay Yacoub,Ain Chkef,CSR-1,Centre de Santé Rural niveau 1,Soins primaires,"Médecine générale,Soins de base,Vaccination,Soins infirmiers"
Sis,Fès-Meknès,Moulay Yacoub,Ain Chkef,CRSR,Centre de Référence en Santé de Reproduction,Soins primaires,"Gynécologie,Santé de la reproduction,Planification familiale,Maternité"
Ras Elma Pole Urbain,Fès-Meknès,Moulay Yacoub,Ain Chkef,CSU-2,Centre de Santé Urbain niveau 2,Soins primaires,"Médecine générale,Soins de base,Vaccination,Planning familial,Consultation infirmière"
Ain Chkef,Fès-Meknès,Moulay Yacoub,Ain Chkef,CDTMR,Centre de Diagnostic et de Traitement des Maladies Respiratoires,Soins primaires,"Pneumologie,Maladies respiratoires,Tuberculose,CDTMR"
Ras Elma El Andalouss,Fès-Meknès,Moulay Yacoub,Ain Chkef,DR,Dispensaire Rural,Soins primaires,"Soins de base,Soins d'urgence élémentaires"
Mikkes,Fès-Meknès,Moulay Yacoub,Mikkes,CSR-2,Centre de Santé Rural niveau 2,Soins primaires,"Médecine générale,Soins de base,Vaccination,Soins infirmiers"
Sebt Loudaya,Fès-Meknès,Moulay Yacoub,Sebt Loudaya,CSR-1,Centre de Santé Rural niveau 1,Soins primaires,"Médecine générale,Soins de base,Vaccination,Soins infirmiers"
Douiyate,Fès-Meknès,Moulay Yacoub,Sebaa Rouadi,CSR-1,Centre de Santé Rural niveau 1,Soins primaires,"Médecine générale,Soins de base,Vaccination,Soins infirmiers"
BIYADA,Fès-Meknès,Moulay Yacoub,Sebt Loudaya,DR,Dispensaire Rural,Soins primaires,"Soins de base,Soins d'urgence élémentaires"
Ain Allah,Fès-Meknès,Moulay Yacoub,Sebaa Rouadi,CSR-2,Centre de Santé Rural niveau 2,Soins primaires,"Médecine générale,Soins de base,Vaccination,Soins infirmiers"
Tlaha,Fès-Meknès,Moulay Yacoub,Sebaa Rouadi,DR,Dispensaire Rural,Soins primaires,"Soins de base,Soins d'urgence élémentaires"
Oulad Hilal,Fès-Meknès,Moulay Yacoub,Sebaa Rouadi,DR,Dispensaire Rural,Soins primaires,"Soins de base,Soins d'urgence élémentaires"
Ghomra,Fès-Meknès,Moulay Yacoub,Sebaa Rouadi,DR,Dispensaire Rural,Soins primaires,"Soins de base,Soins d'urgence élémentaires"
Sidi Moussa ElHadi,Fès-Meknès,Moulay Yacoub,Ain Bou Ali,DR,Dispensaire Rural,Soins primaires,"Soins de base,Soins d'urgence élémentaires"
Zyayna,Fès-Meknès,Moulay Yacoub,Laajajra,DR,Dispensaire Rural,Soins primaires,"Soins de base,Soins d'urgence élémentaires"
Ouled Said,Fès-Meknès,Moulay Yacoub,Sidi Daoud,DR,Dispensaire Rural,Soins primaires,"Soins de base,Soins d'urgence élémentaires"
Mesdoura,Fès-Meknès,Moulay Yacoub,Ain Kansra,DR,Dispensaire Rural,Soins primaires,"Soins de base,Soins d'urgence élémentaires"
Fchalta,Fès-Meknès,Moulay Yacoub,Louadaine,DR,Dispensaire Rural,Soins primaires,"Soins de base,Soins d'urgence élémentaires"
Sidi m'sahel,Fès-Meknès,Moulay Yacoub,Ain Bou Ali,DR,Dispensaire Rural,Soins primaires,"Soins de base,Soins d'urgence élémentaires"
LAARISSA,Fès-Meknès,Moulay Yacoub,Ain Bou Ali,DR,Dispensaire Rural,Soins primaires,"Soins de base,Soins d'urgence élémentaires"
Ain Bouali,Fès-Meknès,Moulay Yacoub,Ain Bou Ali,DR,Dispensaire Rural,Soins primaires,"Soins de base,Soins d'urgence élémentaires"
S. Ahmed Bernoussi,Fès-Meknès,Moulay Yacoub,Ain Bou Ali,CSR-2,Centre de Santé Rural niveau 2,Soins primaires,"Médecine générale,Soins de base,Vaccination,Soins infirmiers"
Ouled bouziane,Fès-Meknès,Moulay Yacoub,Oulad Mimoun,DR,Dispensaire Rural,Soins primaires,"Soins de base,Soins d'urgence élémentaires"
Ben Yakhlef (Oulad Mimoun),Fès-Meknès,Moulay Yacoub,Oulad Mimoun,DR,Dispensaire Rural,Soins primaires,"Soins de base,Soins d'urgence élémentaires"
Oulad Mimoun (Sebt Od Jamaa),Fès-Meknès,Moulay Yacoub,Oulad Mimoun,CSR-1,Centre de Santé Rural niveau 1,Soins primaires,"Médecine générale,Soins de base,Vaccination,Soins infirmiers"
Hamria,Fès-Meknès,Moulay Yacoub,Louadaine,CSR-2,Centre de Santé Rural niveau 2,Soins primaires,"Médecine générale,Soins de base,Vaccination,Soins infirmiers"
Ain Kansara,Fès-Meknès,Moulay Yacoub,Ain Kansra,CSR-2,Centre de Santé Rural niveau 2,Soins primaires,"Médecine générale,Soins de base,Vaccination,Soins infirmiers"
Tikniouine,Fès-Meknès,Moulay Yacoub,Sidi Daoud,DR,Dispensaire Rural,Soins primaires,"Soins de base,Soins d'urgence élémentaires"
Sbaa Rouadi,Fès-Meknès,Moulay Yacoub,Sidi Daoud,DR,Dispensaire Rural,Soins primaires,"Soins de base,Soins d'urgence élémentaires"
Sidi Daoud,Fès-Meknès,Moulay Yacoub,Sidi Daoud,CSR-2,Centre de Santé Rural niveau 2,Soins primaires,"Médecine générale,Soins de base,Vaccination,Soins infirmiers"
Chbabat,Fès-Meknès,Moulay Yacoub,Oulad Mimoun,DR,Dispensaire Rural,Soins primaires,"Soins de base,Soins d'urgence élémentaires"
Laajajra,Fès-Meknès,Moulay Yacoub,Laajajra,CSR-1,Centre de Santé Rural niveau 1,Soins primaires,"Médecine générale,Soins de base,Vaccination,Soins infirmiers"
Jouaber,Fès-Meknès,Moulay Yacoub,Laajajra,DR,Dispensaire Rural,Soins primaires,"Soins de base,Soins d'urgence élémentaires"
C.Diagnostic Tuberculose,Rabat-Salé-Kénitra,Kenitra,Kénitra,CDTMR,Centre de Diagnostic et de Traitement des Maladies Respiratoires,Soins primaires,"Pneumologie,Maladies respiratoires,Tuberculose,CDTMR"
Labo. Epidemiologique,Rabat-Salé-Kénitra,Kenitra,Kénitra,LSP,Laboratoire de Santé Publique,Soins primaires,Laboratoire d'analyses médicales
Sidi Taibi Oulad N'Sar,Rabat-Salé-Kénitra,Kenitra,Sidi Taibi,CSU-1,Centre de Santé Urbain niveau 1,Soins primaires,"Médecine générale,Soins de base,Vaccination,Planning familial,Consultation infirmière"
Alliance Darna Mehdia,Rabat-Salé-Kénitra,Kenitra,Mehdya,CSU-1,Centre de Santé Urbain niveau 1,Soins primaires,"Médecine générale,Soins de base,Vaccination,Planning familial,Consultation infirmière"
Hay Hind,Rabat-Salé-Kénitra,Kenitra,Souk El Arbaa,CSU-2,Centre de Santé Urbain niveau 2,Soins primaires,"Médecine générale,Soins de base,Vaccination,Planning familial,Consultation infirmière"
Le Vallon,Rabat-Salé-Kénitra,Kenitra,Kénitra,CSU-1,Centre de Santé Urbain niveau 1,Soins primaires,"Médecine générale,Soins de base,Vaccination,Planning familial,Consultation infirmière"
Ouled Ben Sbaa,Rabat-Salé-Kénitra,Kenitra,Souk El Arbaa,CSU-1,Centre de Santé Urbain niveau 1,Soins primaires,"Médecine générale,Soins de base,Vaccination,Planning familial,Consultation infirmière"
Ahmed Bouihi,Rabat-Salé-Kénitra,Kenitra,Kénitra,CSU-1,Centre de Santé Urbain niveau 1,Soins primaires,"Médecine générale,Soins de base,Vaccination,Planning familial,Consultation infirmière"
El Khansa,Rabat-Salé-Kénitra,Kenitra,Kénitra,CSU-1,Centre de Santé Urbain niveau 1,Soins primaires,"Médecine générale,Soins de base,Vaccination,Planning familial,Consultation infirmière"
Brahim Soussi,Rabat-Salé-Kénitra,Kenitra,Kénitra,CSU-1,Centre de Santé Urbain niveau 1,Soins primaires,"Médecine générale,Soins de base,Vaccination,Planning familial,Consultation infirmière"
My El Hassan,Rabat-Salé-Kénitra,Kenitra,Kénitra,CSU-2,Centre de Santé Urbain niveau 2,Soins primaires,"Médecine générale,Soins de base,Vaccination,Planning familial,Consultation infirmière"
Mohamed Diouri,Rabat-Salé-Kénitra,Kenitra,Kénitra,CSU-2,Centre de Santé Urbain niveau 2,Soins primaires,"Médecine générale,Soins de base,Vaccination,Planning familial,Consultation infirmière"
Villa Haute (Abderahmane Nacer),Rabat-Salé-Kénitra,Kenitra,Kénitra,CSU-1,Centre de Santé Urbain niveau 1,Soins primaires,"Médecine générale,Soins de base,Vaccination,Planning familial,Consultation infirmière"
Bir Rami,Rabat-Salé-Kénitra,Kenitra,Kénitra,CSU-1,Centre de Santé Urbain niveau 1,Soins primaires,"Médecine générale,Soins de base,Vaccination,Planning familial,Consultation infirmière"
Haddada,Rabat-Salé-Kénitra,Kenitra,Kénitra,CSU-1,Centre de Santé Urbain niveau 1,Soins primaires,"Médecine générale,Soins de base,Vaccination,Planning familial,Consultation infirmière"
Houman Fetouaki,Rabat-Salé-Kénitra,Kenitra,Kénitra,CSU-1,Centre de Santé Urbain niveau 1,Soins primaires,"Médecine générale,Soins de base,Vaccination,Planning familial,Consultation infirmière"
Okba,Rabat-Salé-Kénitra,Kenitra,Kénitra,CSU-1,Centre de Santé Urbain niveau 1,Soins primaires,"Médecine générale,Soins de base,Vaccination,Planning familial,Consultation infirmière"
Rjafellah,Rabat-Salé-Kénitra,Kenitra,Kénitra,CSU-1,Centre de Santé Urbain niveau 1,Soins primaires,"Médecine générale,Soins de base,Vaccination,Planning familial,Consultation infirmière"
Abder. Labzar,Rabat-Salé-Kénitra,Kenitra,Kénitra,CSU-1,Centre de Santé Urbain niveau 1,Soins primaires,"Médecine générale,Soins de base,Vaccination,Planning familial,Consultation infirmière"
Allal B.Abdellah,Rabat-Salé-Kénitra,Kenitra,Kénitra,CSU-1,Centre de Santé Urbain niveau 1,Soins primaires,"Médecine générale,Soins de base,Vaccination,Planning familial,Consultation infirmière"
Souk Sebt,Rabat-Salé-Kénitra,Kenitra,Kénitra,CSU-1,Centre de Santé Urbain niveau 1,Soins primaires,"Médecine générale,Soins de base,Vaccination,Planning familial,Consultation infirmière"
Med Zerktouni,Rabat-Salé-Kénitra,Kenitra,Kénitra,CSU-1,Centre de Santé Urbain niveau 1,Soins primaires,"Médecine générale,Soins de base,Vaccination,Planning familial,Consultation infirmière"
Mbarek Bel Gada (Habitat),Rabat-Salé-Kénitra,Kenitra,Kénitra,CSU-1,Centre de Santé Urbain niveau 1,Soins primaires,"Médecine générale,Soins de base,Vaccination,Planning familial,Consultation infirmière"
Chouhada,Rabat-Salé-Kénitra,Kenitra,Kénitra,CSU-2,Centre de Santé Urbain niveau 2,Soins primaires,"Médecine générale,Soins de base,Vaccination,Planning familial,Consultation infirmière"
Haj Mansour,Rabat-Salé-Kénitra,Kenitra,Kénitra,CSU-1,Centre de Santé Urbain niveau 1,Soins primaires,"Médecine générale,Soins de base,Vaccination,Planning familial,Consultation infirmière"
Ouled Oujih II,Rabat-Salé-Kénitra,Kenitra,Kénitra,CSU-1,Centre de Santé Urbain niveau 1,Soins primaires,"Médecine générale,Soins de base,Vaccination,Planning familial,Consultation infirmière"
Kasbah (Mehdya),Rabat-Salé-Kénitra,Kenitra,Mehdya,CSU-1,Centre de Santé Urbain niveau 1,Soins primaires,"Médecine générale,Soins de base,Vaccination,Planning familial,Consultation infirmière"
Hay Salam,Rabat-Salé-Kénitra,Kenitra,Souk El Arbaa,CSU-1,Centre de Santé Urbain niveau 1,Soins primaires,"Médecine générale,Soins de base,Vaccination,Planning familial,Consultation infirmière"
Souk El Arbaa,Rabat-Salé-Kénitra,Kenitra,Souk El Arbaa,CSU-1,Centre de Santé Urbain niveau 1,Soins primaires,"Médecine générale,Soins de base,Vaccination,Planning familial,Consultation infirmière"
Ain Sbaa Mkhalif,Rabat-Salé-Kénitra,Kenitra,Kénitra,CSU-1,Centre de Santé Urbain niveau 1,Soins primaires,"Médecine générale,Soins de base,Vaccination,Planning familial,Consultation infirmière"
Nkhakhsa,Rabat-Salé-Kénitra,Kenitra,Kénitra,CSU-1,Centre de Santé Urbain niveau 1,Soins primaires,"Médecine générale,Soins de base,Vaccination,Planning familial,Consultation infirmière"
Sidi Taibi Hancha,Rabat-Salé-Kénitra,Kenitra,Sidi Taibi,CSU-2,Centre de Santé Urbain niveau 2,Soins primaires,"Médecine générale,Soins de base,Vaccination,Planning familial,Consultation infirmière"
Lalla Salma,Rabat-Salé-Kénitra,Kenitra,Kénitra,CRSR,Centre de Référence en Santé de Reproduction,Soins primaires,"Gynécologie,Santé de la reproduction,Planification familiale,Maternité"
Mechraa El Kettane,Rabat-Salé-Kénitra,Kenitra,Haddada,DR,Dispensaire Rural,Soins primaires,"Soins de base,Soins d'urgence élémentaires"
Mgadid,Rabat-Salé-Kénitra,Kenitra,Haddada,CSR-1,Centre de Santé Rural niveau 1,Soins primaires,"Médecine générale,Soins de base,Vaccination,Soins infirmiers"
TAOUZIT (OULED AYACHI),Rabat-Salé-Kénitra,Kenitra,Ameur Seflia,CSR-1,Centre de Santé Rural niveau 1,Soins primaires,"Médecine générale,Soins de base,Vaccination,Soins infirmiers"
Dhor Lokbar,Rabat-Salé-Kénitra,Kenitra,Ameur Seflia,CSR-1,Centre de Santé Rural niveau 1,Soins primaires,"Médecine générale,Soins de base,Vaccination,Soins infirmiers"
Sidi Ayach (Od Slama),Rabat-Salé-Kénitra,Kenitra,Ouled Slama,CSR-1,Centre de Santé Rural niveau 1,Soins primaires,"Médecine générale,Soins de base,Vaccination,Soins infirmiers"
Maaizat,Rabat-Salé-Kénitra,Kenitra,Ben Mansour,CSR-1,Centre de Santé Rural niveau 1,Soins primaires,"Médecine générale,Soins de base,Vaccination,Soins infirmiers"
S.Hachmi Bahraoui,Rabat-Salé-Kénitra,Kenitra,Ben Mansour,CSR-1,Centre de Santé Rural niveau 1,Soins primaires,"Médecine générale,Soins de base,Vaccination,Soins infirmiers"
Sidi Mohammed Ben Mansour,Rabat-Salé-Kénitra,Kenitra,Sidi Mohamed Ben Mansour,CSR-1,Centre de Santé Rural niveau 1,Soins primaires,"Médecine générale,Soins de base,Vaccination,Soins infirmiers"
Riah Gablia,Rabat-Salé-Kénitra,Kenitra,Sidi Mohamed Ben Mansour,DR,Dispensaire Rural,Soins primaires,"Soins de base,Soins d'urgence élémentaires"
Had Od Jelloul,Rabat-Salé-Kénitra,Kenitra,Ben Mansour,CSR-2,Centre de Santé Rural niveau 2,Soins primaires,"Médecine générale,Soins de base,Vaccination,Soins infirmiers"
Ouled Mhamed,Rabat-Salé-Kénitra,Kenitra,Ben Mansour,CSR-1,Centre de Santé Rural niveau 1,Soins primaires,"Médecine générale,Soins de base,Vaccination,Soins infirmiers"
Od LASSAL,Rabat-Salé-Kénitra,Kenitra,Mnasra,CSR-1,Centre de Santé Rural niveau 1,Soins primaires,"Médecine générale,Soins de base,Vaccination,Soins infirmiers"
Laanabsa,Rabat-Salé-Kénitra,Kenitra,Mnasra,CSR-1,Centre de Santé Rural niveau 1,Soins primaires,"Médecine générale,Soins de base,Vaccination,Soins infirmiers"
Ouled Larbi,Rabat-Salé-Kénitra,Kenitra,Mnasra,DR,Dispensaire Rural,Soins primaires,"Soins de base,Soins d'urgence élémentaires"
Mograne,Rabat-Salé-Kénitra,Kenitra,Mograne,CSR-2,Centre de Santé Rural niveau 2,Soins primaires,"Médecine générale,Soins de base,Vaccination,Soins infirmiers"
Kariat Sidi  Aissa,Rabat-Salé-Kénitra,Kenitra,Mograne,DR,Dispensaire Rural,Soins primaires,"Soins de base,Soins d'urgence élémentaires"
Kariat ben aouda,Rabat-Salé-Kénitra,Kenitra,Kariat Ben Aouda,CSR-1,Centre de Santé Rural niveau 1,Soins primaires,"Médecine générale,Soins de base,Vaccination,Soins infirmiers"
OULED AISSA RMEL,Rabat-Salé-Kénitra,Kenitra,Beni Malek,DR,Dispensaire Rural,Soins primaires,"Soins de base,Soins d'urgence élémentaires"
Lalla Ghanou,Rabat-Salé-Kénitra,Kenitra,Beni Malek,CSR-1,Centre de Santé Rural niveau 1,Soins primaires,"Médecine générale,Soins de base,Vaccination,Soins infirmiers"
Oued Makhazine,Rabat-Salé-Kénitra,Kenitra,Oued El Makhazine,CSR-1,Centre de Santé Rural niveau 1,Soins primaires,"Médecine générale,Soins de base,Vaccination,Soins infirmiers"
Arbaoua,Rabat-Salé-Kénitra,Kenitra,Arbaoua,CSR-2,Centre de Santé Rural niveau 2,Soins primaires,"Médecine générale,Soins de base,Vaccination,Soins infirmiers"
Dressa,Rabat-Salé-Kénitra,Kenitra,Arbaoua,DR,Dispensaire Rural,Soins primaires,"Soins de base,Soins d'urgence élémentaires"
Sidi Allal Tazi,Rabat-Salé-Kénitra,Kenitra,Sidi Allal Tazi,CSR-2,Centre de Santé Rural niveau 2,Soins primaires,"Médecine générale,Soins de base,Vaccination,Soins infirmiers"
Souk Tlat,Rabat-Salé-Kénitra,Kenitra,Souk Tlet El Gharb,CSR-1,Centre de Santé Rural niveau 1,Soins primaires,"Médecine générale,Soins de base,Vaccination,Soins infirmiers"
S.Mohamed Lahmer,Rabat-Salé-Kénitra,Kenitra,Sidi Mohamed Lahmar,CSR-2,Centre de Santé Rural niveau 2,Soins primaires,"Médecine générale,Soins de base,Vaccination,Soins infirmiers"
Od MESBAH ROUIF,Rabat-Salé-Kénitra,Kenitra,Bahhara Ouled Ayad,CSR-1,Centre de Santé Rural niveau 1,Soins primaires,"Médecine générale,Soins de base,Vaccination,Soins infirmiers"
Ouled Moussa Bahara,Rabat-Salé-Kénitra,Kenitra,Sidi Mohamed Lahmar,DR,Dispensaire Rural,Soins primaires,"Soins de base,Soins d'urgence élémentaires"
Lahfaya,Rabat-Salé-Kénitra,Kenitra,Sidi Mohamed Lahmar,DR,Dispensaire Rural,Soins primaires,"Soins de base,Soins d'urgence élémentaires"
GLA,Rabat-Salé-Kénitra,Kenitra,Chouafaa,DR,Dispensaire Rural,Soins primaires,"Soins de base,Soins d'urgence élémentaires"
Dar El Harrak,Rabat-Salé-Kénitra,Kenitra,Chouafaa,CSR-2,Centre de Santé Rural niveau 2,Soins primaires,"Médecine générale,Soins de base,Vaccination,Soins infirmiers"
Dlalha,Rabat-Salé-Kénitra,Kenitra,Moulay Bousselham,DR,Dispensaire Rural,Soins primaires,"Soins de base,Soins d'urgence élémentaires"
Moulay Bouselham,Rabat-Salé-Kénitra,Kenitra,Moulay Bousselham,CSR-1,Centre de Santé Rural niveau 1,Soins primaires,"Médecine générale,Soins de base,Vaccination,Soins infirmiers"
Lalla Mimouna,Rabat-Salé-Kénitra,Kenitra,Lalla Mimouna,CSR-2,Centre de Santé Rural niveau 2,Soins primaires,"Médecine générale,Soins de base,Vaccination,Soins infirmiers"
S.Boubker El Haj,Rabat-Salé-Kénitra,Kenitra,Sidi Boubker El Haj,CSR-1,Centre de Santé Rural niveau 1,Soins primaires,"Médecine générale,Soins de base,Vaccination,Soins infirmiers"
Essaada,Rabat-Salé-Kénitra,Khémisset,Khémisset,CDTMR,Centre de Diagnostic et de Traitement des Maladies Respiratoires,Soins primaires,"Pneumologie,Maladies respiratoires,Tuberculose,CDTMR"
Essaada,Rabat-Salé-Kénitra,Khémisset,Khémisset,CSU-1,Centre de Santé Urbain niveau 1,Soins primaires,"Médecine générale,Soins de base,Vaccination,Planning familial,Consultation infirmière"
Essalam,Rabat-Salé-Kénitra,Khémisset,Khémisset,CSU-1,Centre de Santé Urbain niveau 1,Soins primaires,"Médecine générale,Soins de base,Vaccination,Planning familial,Consultation infirmière"
Moussa Bnou Nouceir,Rabat-Salé-Kénitra,Khémisset,Khémisset,CSU-1,Centre de Santé Urbain niveau 1,Soins primaires,"Médecine générale,Soins de base,Vaccination,Planning familial,Consultation infirmière"
Maamora,Rabat-Salé-Kénitra,Khémisset,Khémisset,CSU-1,Centre de Santé Urbain niveau 1,Soins primaires,"Médecine générale,Soins de base,Vaccination,Planning familial,Consultation infirmière"
CRSR Khemisset,Rabat-Salé-Kénitra,Khémisset,Khémisset,CRSR,Centre de Référence en Santé de Reproduction,Soins primaires,"Gynécologie,Santé de la reproduction,Planification familiale,Maternité"
Roummani,Rabat-Salé-Kénitra,Khémisset,Rommani,CSU-1,Centre de Santé Urbain niveau 1,Soins primaires,"Médecine générale,Soins de base,Vaccination,Planning familial,Consultation infirmière"
Tiflet,Rabat-Salé-Kénitra,Khémisset,Tiflet,CSU-1,Centre de Santé Urbain niveau 1,Soins primaires,"Médecine générale,Soins de base,Vaccination,Planning familial,Consultation infirmière"
Andalous,Rabat-Salé-Kénitra,Khémisset,Tiflet,CSU-1,Centre de Santé Urbain niveau 1,Soins primaires,"Médecine générale,Soins de base,Vaccination,Planning familial,Consultation infirmière"
S.Allal Bahraoui,Rabat-Salé-Kénitra,Khémisset,Sidi Allal El Bahraoui,CSU-2,Centre de Santé Urbain niveau 2,Soins primaires,"Médecine générale,Soins de base,Vaccination,Planning familial,Consultation infirmière"
El Yassmine,Rabat-Salé-Kénitra,Khémisset,Khémisset,CSU-1,Centre de Santé Urbain niveau 1,Soins primaires,"Médecine générale,Soins de base,Vaccination,Planning familial,Consultation infirmière"
Sfassif,Rabat-Salé-Kénitra,Khémisset,Sfassif,CSR-2,Centre de Santé Rural niveau 2,Soins primaires,"Médecine générale,Soins de base,Vaccination,Soins infirmiers"
Ait Siberne,Rabat-Salé-Kénitra,Khémisset,Ait Siberne,CSR-1,Centre de Santé Rural niveau 1,Soins primaires,"Médecine générale,Soins de base,Vaccination,Soins infirmiers"
Sidi Meziane,Rabat-Salé-Kénitra,Khémisset,Sidi El Ghandour,DR,Dispensaire Rural,Soins primaires,"Soins de base,Soins d'urgence élémentaires"
Sidi El Rhandour,Rabat-Salé-Kénitra,Khémisset,Sidi El Ghandour,CSR-1,Centre de Santé Rural niveau 1,Soins primaires,"Médecine générale,Soins de base,Vaccination,Soins infirmiers"
S.Allal Lamsadder,Rabat-Salé-Kénitra,Khémisset,Sidi Allal Lamsadder,CSR-1,Centre de Santé Rural niveau 1,Soins primaires,"Médecine générale,Soins de base,Vaccination,Soins infirmiers"
Ait Ounzar,Rabat-Salé-Kénitra,Khémisset,El Ganzra,DR,Dispensaire Rural,Soins primaires,"Soins de base,Soins d'urgence élémentaires"
El Ganzra,Rabat-Salé-Kénitra,Khémisset,El Ganzra,CSR-1,Centre de Santé Rural niveau 1,Soins primaires,"Médecine générale,Soins de base,Vaccination,Soins infirmiers"
Ait Yadine,Rabat-Salé-Kénitra,Khémisset,Ait Yadine,CSR-1,Centre de Santé Rural niveau 1,Soins primaires,"Médecine générale,Soins de base,Vaccination,Soins infirmiers"
Birrejline,Rabat-Salé-Kénitra,Khémisset,Majmaa Tolba,DR,Dispensaire Rural,Soins primaires,"Soins de base,Soins d'urgence élémentaires"
Majmaa Tolba,Rabat-Salé-Kénitra,Khémisset,Majmaa Tolba,CSR-1,Centre de Santé Rural niveau 1,Soins primaires,"Médecine générale,Soins de base,Vaccination,Soins infirmiers"
Ait Ouribel,Rabat-Salé-Kénitra,Khémisset,Ait Ouribel,CSR-1,Centre de Santé Rural niveau 1,Soins primaires,"Médecine générale,Soins de base,Vaccination,Soins infirmiers"
Ouljate Soltane,Rabat-Salé-Kénitra,Khémisset,Ait Mimoune,DR,Dispensaire Rural,Soins primaires,"Soins de base,Soins d'urgence élémentaires"
Ikhttaten,Rabat-Salé-Kénitra,Khémisset,Ait Yadine,DR,Dispensaire Rural,Soins primaires,"Soins de base,Soins d'urgence élémentaires"
Ait Mimoune,Rabat-Salé-Kénitra,Khémisset,Ait Mimoune,CSR-1,Centre de Santé Rural niveau 1,Soins primaires,"Médecine générale,Soins de base,Vaccination,Soins infirmiers"
Tarmilate,Rabat-Salé-Kénitra,Khémisset,Oulmes,DR,Dispensaire Rural,Soins primaires,"Soins de base,Soins d'urgence élémentaires"
Ait Ikkou,Rabat-Salé-Kénitra,Khémisset,Ait Ikkou,CSR-1,Centre de Santé Rural niveau 1,Soins primaires,"Médecine générale,Soins de base,Vaccination,Soins infirmiers"
Houderrane,Rabat-Salé-Kénitra,Khémisset,Houderrane,CSR-1,Centre de Santé Rural niveau 1,Soins primaires,"Médecine générale,Soins de base,Vaccination,Soins infirmiers"
Maaziz,Rabat-Salé-Kénitra,Khémisset,Maaziz,CSR-2,Centre de Santé Rural niveau 2,Soins primaires,"Médecine générale,Soins de base,Vaccination,Soins infirmiers"
Tiliouine,Rabat-Salé-Kénitra,Khémisset,Ait Ichou,CSR-1,Centre de Santé Rural niveau 1,Soins primaires,"Médecine générale,Soins de base,Vaccination,Soins infirmiers"
Bouqachmir,Rabat-Salé-Kénitra,Khémisset,Bouqachmir,CSR-1,Centre de Santé Rural niveau 1,Soins primaires,"Médecine générale,Soins de base,Vaccination,Soins infirmiers"
Oulmes,Rabat-Salé-Kénitra,Khémisset,Oulmes,CSR-2,Centre de Santé Rural niveau 2,Soins primaires,"Médecine générale,Soins de base,Vaccination,Soins infirmiers"
Tiddas,Rabat-Salé-Kénitra,Khémisset,Tiddas,CSR-2,Centre de Santé Rural niveau 2,Soins primaires,"Médecine générale,Soins de base,Vaccination,Soins infirmiers"
Brachoua,Rabat-Salé-Kénitra,Khémisset,Brachoua,CSR-1,Centre de Santé Rural niveau 1,Soins primaires,"Médecine générale,Soins de base,Vaccination,Soins infirmiers"
Marchouch,Rabat-Salé-Kénitra,Khémisset,Marchouch,CSR-1,Centre de Santé Rural niveau 1,Soins primaires,"Médecine générale,Soins de base,Vaccination,Soins infirmiers"
Jemaat Moul Blad,Rabat-Salé-Kénitra,Khémisset,Jemaat Moul Blad,CSR-2,Centre de Santé Rural niveau 2,Soins primaires,"Médecine générale,Soins de base,Vaccination,Soins infirmiers"
My DRISS AGHBAL,Rabat-Salé-Kénitra,Khémisset,Moulay Driss Aghbal,CSR-1,Centre de Santé Rural niveau 1,Soins primaires,"Médecine générale,Soins de base,Vaccination,Soins infirmiers"
Ain Sbit,Rabat-Salé-Kénitra,Khémisset,Ain Sbit,CSR-1,Centre de Santé Rural niveau 1,Soins primaires,"Médecine générale,Soins de base,Vaccination,Soins infirmiers"
Laghoualem,Rabat-Salé-Kénitra,Khémisset,Laghoualem,CSR-2,Centre de Santé Rural niveau 2,Soins primaires,"Médecine générale,Soins de base,Vaccination,Soins infirmiers"
N'khila,Rabat-Salé-Kénitra,Khémisset,Brachoua,DR,Dispensaire Rural,Soins primaires,"Soins de base,Soins d'urgence élémentaires"
Ezzhiliga,Rabat-Salé-Kénitra,Khémisset,Ezzhiliga,CSR-2,Centre de Santé Rural niveau 2,Soins primaires,"Médecine générale,Soins de base,Vaccination,Soins infirmiers"
Ain Johra,Rabat-Salé-Kénitra,Khémisset,Ain Johra -Sidi Boukhalkhal,CSR-1,Centre de Santé Rural niveau 1,Soins primaires,"Médecine générale,Soins de base,Vaccination,Soins infirmiers"
S.Boukhalkhal,Rabat-Salé-Kénitra,Khémisset,Ain Johra -Sidi Boukhalkhal,CSR-1,Centre de Santé Rural niveau 1,Soins primaires,"Médecine générale,Soins de base,Vaccination,Soins infirmiers"
Ait Belkacem,Rabat-Salé-Kénitra,Khémisset,Ait Belkacem,CSR-1,Centre de Santé Rural niveau 1,Soins primaires,"Médecine générale,Soins de base,Vaccination,Soins infirmiers"
Hajjama,Rabat-Salé-Kénitra,Khémisset,Ait Buyahya El Hajjama,CSR-1,Centre de Santé Rural niveau 1,Soins primaires,"Médecine générale,Soins de base,Vaccination,Soins infirmiers"
Ait Bouyahia,Rabat-Salé-Kénitra,Khémisset,Ait Buyahya El Hajjama,DR,Dispensaire Rural,Soins primaires,"Soins de base,Soins d'urgence élémentaires"
Khemis Sidi Yahya,Rabat-Salé-Kénitra,Khémisset,Khemis Sidi Yahya,CSR-2,Centre de Santé Rural niveau 2,Soins primaires,"Médecine générale,Soins de base,Vaccination,Soins infirmiers"
Ait Malek,Rabat-Salé-Kénitra,Khémisset,Ait Malek,CSR-1,Centre de Santé Rural niveau 1,Soins primaires,"Médecine générale,Soins de base,Vaccination,Soins infirmiers"
Mqam Tolba,Rabat-Salé-Kénitra,Khémisset,M'qam Tolba,CSR-1,Centre de Santé Rural niveau 1,Soins primaires,"Médecine générale,Soins de base,Vaccination,Soins infirmiers"
Sidi Abderrazak,Rabat-Salé-Kénitra,Khémisset,Sidi Abderrazak,CSR-2,Centre de Santé Rural niveau 2,Soins primaires,"Médecine générale,Soins de base,Vaccination,Soins infirmiers"
Massira,Rabat-Salé-Kénitra,Rabat,Yacoub El Mansour,CSU-1,Centre de Santé Urbain niveau 1,Soins primaires,"Médecine générale,Soins de base,Vaccination,Planning familial,Consultation infirmière"
Al Kerma,Rabat-Salé-Kénitra,Rabat,Yacoub El Mansour,CRSR,Centre de Référence en Santé de Reproduction,Soins primaires,"Gynécologie,Santé de la reproduction,Planification familiale,Maternité"
Al Masjid,Rabat-Salé-Kénitra,Rabat,Yacoub El Mansour,CSU-1,Centre de Santé Urbain niveau 1,Soins primaires,"Médecine générale,Soins de base,Vaccination,Planning familial,Consultation infirmière"
Chbanate (Hay El Fath),Rabat-Salé-Kénitra,Rabat,Yacoub El Mansour,CSU-1,Centre de Santé Urbain niveau 1,Soins primaires,"Médecine générale,Soins de base,Vaccination,Planning familial,Consultation infirmière"
Hassan,Rabat-Salé-Kénitra,Rabat,Hassan,CSU-1,Centre de Santé Urbain niveau 1,Soins primaires,"Médecine générale,Soins de base,Vaccination,Planning familial,Consultation infirmière"
Ocean,Rabat-Salé-Kénitra,Rabat,Hassan,CSU-1,Centre de Santé Urbain niveau 1,Soins primaires,"Médecine générale,Soins de base,Vaccination,Planning familial,Consultation infirmière"
Lalla Amina,Rabat-Salé-Kénitra,Rabat,Touarga,CSU-2,Centre de Santé Urbain niveau 2,Soins primaires,"Médecine générale,Soins de base,Vaccination,Planning familial,Consultation infirmière"
Kouas,Rabat-Salé-Kénitra,Rabat,Yacoub El Mansour,CSU-2,Centre de Santé Urbain niveau 2,Soins primaires,"Médecine générale,Soins de base,Vaccination,Planning familial,Consultation infirmière"
El Amal,Rabat-Salé-Kénitra,Rabat,Yacoub El Mansour,CSU-2,Centre de Santé Urbain niveau 2,Soins primaires,"Médecine générale,Soins de base,Vaccination,Planning familial,Consultation infirmière"
Ar-Rahma,Rabat-Salé-Kénitra,Rabat,Yacoub El Mansour,CSU-1,Centre de Santé Urbain niveau 1,Soins primaires,"Médecine générale,Soins de base,Vaccination,Planning familial,Consultation infirmière"
Bouitat,Rabat-Salé-Kénitra,Rabat,Yacoub El Mansour,CSU-1,Centre de Santé Urbain niveau 1,Soins primaires,"Médecine générale,Soins de base,Vaccination,Planning familial,Consultation infirmière"
Bouhlal,Rabat-Salé-Kénitra,Rabat,Yacoub El Mansour,CSU-1,Centre de Santé Urbain niveau 1,Soins primaires,"Médecine générale,Soins de base,Vaccination,Planning familial,Consultation infirmière"
El Melk,Rabat-Salé-Kénitra,Rabat,Yacoub El Mansour,CSU-2,Centre de Santé Urbain niveau 2,Soins primaires,"Médecine générale,Soins de base,Vaccination,Planning familial,Consultation infirmière"
Hay Riyad,Rabat-Salé-Kénitra,Rabat,Agdal Riyad,CSU-1,Centre de Santé Urbain niveau 1,Soins primaires,"Médecine générale,Soins de base,Vaccination,Planning familial,Consultation infirmière"
Farah,Rabat-Salé-Kénitra,Rabat,El Youssoufia,CSU-2,Centre de Santé Urbain niveau 2,Soins primaires,"Médecine générale,Soins de base,Vaccination,Planning familial,Consultation infirmière"
Youssoufia I,Rabat-Salé-Kénitra,Rabat,El Youssoufia,CSU-2,Centre de Santé Urbain niveau 2,Soins primaires,"Médecine générale,Soins de base,Vaccination,Planning familial,Consultation infirmière"
Bouregrag (Doum),Rabat-Salé-Kénitra,Rabat,El Youssoufia,CSU-1,Centre de Santé Urbain niveau 1,Soins primaires,"Médecine générale,Soins de base,Vaccination,Planning familial,Consultation infirmière"
Inbiat,Rabat-Salé-Kénitra,Rabat,El Youssoufia,CSU-1,Centre de Santé Urbain niveau 1,Soins primaires,"Médecine générale,Soins de base,Vaccination,Planning familial,Consultation infirmière"
Takadoum,Rabat-Salé-Kénitra,Rabat,El Youssoufia,CSU-2,Centre de Santé Urbain niveau 2,Soins primaires,"Médecine générale,Soins de base,Vaccination,Planning familial,Consultation infirmière"
Annahda,Rabat-Salé-Kénitra,Rabat,El Youssoufia,CSU-1,Centre de Santé Urbain niveau 1,Soins primaires,"Médecine générale,Soins de base,Vaccination,Planning familial,Consultation infirmière"
El Wahda (Hay Sinai),Rabat-Salé-Kénitra,Rabat,El Youssoufia,CSU-1,Centre de Santé Urbain niveau 1,Soins primaires,"Médecine générale,Soins de base,Vaccination,Planning familial,Consultation infirmière"
Sidi Fateh,Rabat-Salé-Kénitra,Rabat,Hassan,CSU-2,Centre de Santé Urbain niveau 2,Soins primaires,"Médecine générale,Soins de base,Vaccination,Planning familial,Consultation infirmière"
Akkari,Rabat-Salé-Kénitra,Rabat,Hassan,CSU-1,Centre de Santé Urbain niveau 1,Soins primaires,"Médecine générale,Soins de base,Vaccination,Planning familial,Consultation infirmière"
Diour Jamaa,Rabat-Salé-Kénitra,Rabat,Hassan,CSU-2,Centre de Santé Urbain niveau 2,Soins primaires,"Médecine générale,Soins de base,Vaccination,Planning familial,Consultation infirmière"
Souissi,Rabat-Salé-Kénitra,Rabat,Agdal Riyad,CRSR,Centre de Référence en Santé de Reproduction,Soins primaires,"Gynécologie,Santé de la reproduction,Planification familiale,Maternité"
CDTMR Rabat (Youssoufia II),Rabat-Salé-Kénitra,Rabat,El Youssoufia,CDTMR,Centre de Diagnostic et de Traitement des Maladies Respiratoires,Soins primaires,"Pneumologie,Maladies respiratoires,Tuberculose,CDTMR"
Annour,Rabat-Salé-Kénitra,Rabat,Yacoub El Mansour,CSU-1,Centre de Santé Urbain niveau 1,Soins primaires,"Médecine générale,Soins de base,Vaccination,Planning familial,Consultation infirmière"
Bab Khemiss,Rabat-Salé-Kénitra,Salé,Bab Lamrissa,CSU-1,Centre de Santé Urbain niveau 1,Soins primaires,"Médecine générale,Soins de base,Vaccination,Planning familial,Consultation infirmière"
Bab Sebta,Rabat-Salé-Kénitra,Salé,Bab Lamrissa,CSU-1,Centre de Santé Urbain niveau 1,Soins primaires,"Médecine générale,Soins de base,Vaccination,Planning familial,Consultation infirmière"
Jerda,Rabat-Salé-Kénitra,Salé,Bab Lamrissa,CSU-1,Centre de Santé Urbain niveau 1,Soins primaires,"Médecine générale,Soins de base,Vaccination,Planning familial,Consultation infirmière"
S.Moussa,Rabat-Salé-Kénitra,Salé,Bab Lamrissa,CSU-1,Centre de Santé Urbain niveau 1,Soins primaires,"Médecine générale,Soins de base,Vaccination,Planning familial,Consultation infirmière"
Said Hajji,Rabat-Salé-Kénitra,Salé,Bab Lamrissa,CSU-1,Centre de Santé Urbain niveau 1,Soins primaires,"Médecine générale,Soins de base,Vaccination,Planning familial,Consultation infirmière"
SOUANI,Rabat-Salé-Kénitra,Salé,Bab Lamrissa,CSU-1,Centre de Santé Urbain niveau 1,Soins primaires,"Médecine générale,Soins de base,Vaccination,Planning familial,Consultation infirmière"
Hay Essalam,Rabat-Salé-Kénitra,Salé,Bettana,CSU-1,Centre de Santé Urbain niveau 1,Soins primaires,"Médecine générale,Soins de base,Vaccination,Planning familial,Consultation infirmière"
Bettana,Rabat-Salé-Kénitra,Salé,Bettana,CSU-1,Centre de Santé Urbain niveau 1,Soins primaires,"Médecine générale,Soins de base,Vaccination,Planning familial,Consultation infirmière"
Moulay Ismail,Rabat-Salé-Kénitra,Salé,Bettana,CSU-1,Centre de Santé Urbain niveau 1,Soins primaires,"Médecine générale,Soins de base,Vaccination,Planning familial,Consultation infirmière"
Abderrahim Bouabid,Rabat-Salé-Kénitra,Salé,Bettana,CSU-1,Centre de Santé Urbain niveau 1,Soins primaires,"Médecine générale,Soins de base,Vaccination,Planning familial,Consultation infirmière"
Hsaine,Rabat-Salé-Kénitra,Salé,Hssaine,CSU-1,Centre de Santé Urbain niveau 1,Soins primaires,"Médecine générale,Soins de base,Vaccination,Planning familial,Consultation infirmière"
Sidi Hmida,Rabat-Salé-Kénitra,Salé,Hssaine,CSU-1,Centre de Santé Urbain niveau 1,Soins primaires,"Médecine générale,Soins de base,Vaccination,Planning familial,Consultation infirmière"
El Karia,Rabat-Salé-Kénitra,Salé,Hssaine,CSU-1,Centre de Santé Urbain niveau 1,Soins primaires,"Médecine générale,Soins de base,Vaccination,Planning familial,Consultation infirmière"
Sala Al Jadida,Rabat-Salé-Kénitra,Salé,Hssaine,CSU-1,Centre de Santé Urbain niveau 1,Soins primaires,"Médecine générale,Soins de base,Vaccination,Planning familial,Consultation infirmière"
Ibn Sina (Sala Al Jadida II),Rabat-Salé-Kénitra,Salé,Hssaine,CSU-1,Centre de Santé Urbain niveau 1,Soins primaires,"Médecine générale,Soins de base,Vaccination,Planning familial,Consultation infirmière"
Hay Kifah,Rabat-Salé-Kénitra,Salé,Hssaine,CSU-1,Centre de Santé Urbain niveau 1,Soins primaires,"Médecine générale,Soins de base,Vaccination,Planning familial,Consultation infirmière"
Ibn El Haithem (Laayayda I),Rabat-Salé-Kénitra,Salé,Layayda,CSU-1,Centre de Santé Urbain niveau 1,Soins primaires,"Médecine générale,Soins de base,Vaccination,Planning familial,Consultation infirmière"
Laayayda (Laayayda II),Rabat-Salé-Kénitra,Salé,Layayda,CSU-1,Centre de Santé Urbain niveau 1,Soins primaires,"Médecine générale,Soins de base,Vaccination,Planning familial,Consultation infirmière"
Ssidi Abdellah,Rabat-Salé-Kénitra,Salé,Layayda,CSU-1,Centre de Santé Urbain niveau 1,Soins primaires,"Médecine générale,Soins de base,Vaccination,Planning familial,Consultation infirmière"
Pepiniere,Rabat-Salé-Kénitra,Salé,Tabriquet,CSU-1,Centre de Santé Urbain niveau 1,Soins primaires,"Médecine générale,Soins de base,Vaccination,Planning familial,Consultation infirmière"
Douar Cheikh M'fadel,Rabat-Salé-Kénitra,Salé,Tabriquet,CSU-1,Centre de Santé Urbain niveau 1,Soins primaires,"Médecine générale,Soins de base,Vaccination,Planning familial,Consultation infirmière"
Rostal,Rabat-Salé-Kénitra,Salé,Tabriquet,CSU-1,Centre de Santé Urbain niveau 1,Soins primaires,"Médecine générale,Soins de base,Vaccination,Planning familial,Consultation infirmière"
Hay Er-Rahma,Rabat-Salé-Kénitra,Salé,Tabriquet,CSU-1,Centre de Santé Urbain niveau 1,Soins primaires,"Médecine générale,Soins de base,Vaccination,Planning familial,Consultation infirmière"
Bouknadel,Rabat-Salé-Kénitra,Salé,Sidi Bouknadel,CSU-2,Centre de Santé Urbain niveau 2,Soins primaires,"Médecine générale,Soins de base,Vaccination,Planning familial,Consultation infirmière"
Bab Khemiss,Rabat-Salé-Kénitra,Salé,Bab Lamrissa,CDTMR,Centre de Diagnostic et de Traitement des Maladies Respiratoires,Soins primaires,"Pneumologie,Maladies respiratoires,Tuberculose,CDTMR"
Al Maza,Rabat-Salé-Kénitra,Salé,Layayda,CSU-1,Centre de Santé Urbain niveau 1,Soins primaires,"Médecine générale,Soins de base,Vaccination,Planning familial,Consultation infirmière"
Ameur,Rabat-Salé-Kénitra,Salé,Ameur,CSU-1,Centre de Santé Urbain niveau 1,Soins primaires,"Médecine générale,Soins de base,Vaccination,Planning familial,Consultation infirmière"
Salé,Rabat-Salé-Kénitra,Salé,Tabriquet,CRSR,Centre de Référence en Santé de Reproduction,Soins primaires,"Gynécologie,Santé de la reproduction,Planification familiale,Maternité"
Tabriquet,Rabat-Salé-Kénitra,Salé,Tabriquet,CSU-1,Centre de Santé Urbain niveau 1,Soins primaires,"Médecine générale,Soins de base,Vaccination,Planning familial,Consultation infirmière"
El Mountazah,Rabat-Salé-Kénitra,Salé,Sidi Bouknadel,CSU-1,Centre de Santé Urbain niveau 1,Soins primaires,"Médecine générale,Soins de base,Vaccination,Planning familial,Consultation infirmière"
Ameur Sud,Rabat-Salé-Kénitra,Salé,Ameur,CSU-1,Centre de Santé Urbain niveau 1,Soins primaires,"Médecine générale,Soins de base,Vaccination,Planning familial,Consultation infirmière"
Abderrahmane Nejjar,Rabat-Salé-Kénitra,Salé,Tabriquet,CSU-1,Centre de Santé Urbain niveau 1,Soins primaires,"Médecine générale,Soins de base,Vaccination,Planning familial,Consultation infirmière"
Ryad Bouknadel,Rabat-Salé-Kénitra,Salé,Sidi Bouknadel,CSU-1,Centre de Santé Urbain niveau 1,Soins primaires,"Médecine générale,Soins de base,Vaccination,Planning familial,Consultation infirmière"
Arjat,Rabat-Salé-Kénitra,Salé,Shoul,CSR-1,Centre de Santé Rural niveau 1,Soins primaires,"Médecine générale,Soins de base,Vaccination,Soins infirmiers"
Sidi Azzouz,Rabat-Salé-Kénitra,Salé,Shoul,CSR-1,Centre de Santé Rural niveau 1,Soins primaires,"Médecine générale,Soins de base,Vaccination,Soins infirmiers"
Shoul,Rabat-Salé-Kénitra,Salé,Shoul,DR,Dispensaire Rural,Soins primaires,"Soins de base,Soins d'urgence élémentaires"
El yassmine,Rabat-Salé-Kénitra,Sidi Kacem,Sidi Kacem,CSU-1,Centre de Santé Urbain niveau 1,Soins primaires,"Médecine générale,Soins de base,Vaccination,Planning familial,Consultation infirmière"
Had Kourt,Rabat-Salé-Kénitra,Sidi Kacem,Had Kourt,CSU-2,Centre de Santé Urbain niveau 2,Soins primaires,"Médecine générale,Soins de base,Vaccination,Planning familial,Consultation infirmière"
Jorf El Melha,Rabat-Salé-Kénitra,Sidi Kacem,Jorf El Melha,CSU-1,Centre de Santé Urbain niveau 1,Soins primaires,"Médecine générale,Soins de base,Vaccination,Planning familial,Consultation infirmière"
Mechraa Bel Ksiri,Rabat-Salé-Kénitra,Sidi Kacem,Mechraa Bel Ksiri,CSU-2,Centre de Santé Urbain niveau 2,Soins primaires,"Médecine générale,Soins de base,Vaccination,Planning familial,Consultation infirmière"
Sidi Kacem,Rabat-Salé-Kénitra,Sidi Kacem,Sidi Kacem,CSU-1,Centre de Santé Urbain niveau 1,Soins primaires,"Médecine générale,Soins de base,Vaccination,Planning familial,Consultation infirmière"
Sahraoua,Rabat-Salé-Kénitra,Sidi Kacem,Sidi Kacem,CSU-1,Centre de Santé Urbain niveau 1,Soins primaires,"Médecine générale,Soins de base,Vaccination,Planning familial,Consultation infirmière"
Zaouia,Rabat-Salé-Kénitra,Sidi Kacem,Sidi Kacem,CSU-1,Centre de Santé Urbain niveau 1,Soins primaires,"Médecine générale,Soins de base,Vaccination,Planning familial,Consultation infirmière"
Sidi Kacem,Rabat-Salé-Kénitra,Sidi Kacem,Sidi Kacem,LSP,Laboratoire de Santé Publique,Soins primaires,Laboratoire d'analyses médicales
Sidi Kacem,Rabat-Salé-Kénitra,Sidi Kacem,Sidi Kacem,CDTMR,Centre de Diagnostic et de Traitement des Maladies Respiratoires,Soins primaires,"Pneumologie,Maladies respiratoires,Tuberculose,CDTMR"
CRSR Sidi Kacem,Rabat-Salé-Kénitra,Sidi Kacem,Sidi Kacem,CRSR,Centre de Référence en Santé de Reproduction,Soins primaires,"Gynécologie,Santé de la reproduction,Planification familiale,Maternité"
Dar Gueddari,Rabat-Salé-Kénitra,Sidi Kacem,Dar Gueddari,CSU-2,Centre de Santé Urbain niveau 2,Soins primaires,"Médecine générale,Soins de base,Vaccination,Planning familial,Consultation infirmière"
Azib Cherradi,Rabat-Salé-Kénitra,Sidi Kacem,Sidi Azzouz,CSR-1,Centre de Santé Rural niveau 1,Soins primaires,"Médecine générale,Soins de base,Vaccination,Soins infirmiers"
Roua,Rabat-Salé-Kénitra,Sidi Kacem,Sidi Ahmed Benaissa,CSR-1,Centre de Santé Rural niveau 1,Soins primaires,"Médecine générale,Soins de base,Vaccination,Soins infirmiers"
S.Ameur Al Hadi,Rabat-Salé-Kénitra,Sidi Kacem,Sidi Ameur Al Hadi,CSR-1,Centre de Santé Rural niveau 1,Soins primaires,"Médecine générale,Soins de base,Vaccination,Soins infirmiers"
Oulad Hammad,Rabat-Salé-Kénitra,Sidi Kacem,Sidi Azzouz,DR,Dispensaire Rural,Soins primaires,"Soins de base,Soins d'urgence élémentaires"
Ain Dfali,Rabat-Salé-Kénitra,Sidi Kacem,Ain Dfali,CSR-2,Centre de Santé Rural niveau 2,Soins primaires,"Médecine générale,Soins de base,Vaccination,Soins infirmiers"
Chaouia Bir,Rabat-Salé-Kénitra,Sidi Kacem,Ain Dfali,DR,Dispensaire Rural,Soins primaires,"Soins de base,Soins d'urgence élémentaires"
Rhamna Sedra,Rabat-Salé-Kénitra,Sidi Kacem,Bni Oual,CSR-1,Centre de Santé Rural niveau 1,Soins primaires,"Médecine générale,Soins de base,Vaccination,Soins infirmiers"
El Ayach,Rabat-Salé-Kénitra,Sidi Kacem,Moulay Abdelkader,CSR-1,Centre de Santé Rural niveau 1,Soins primaires,"Médecine générale,Soins de base,Vaccination,Soins infirmiers"
Zougara,Rabat-Salé-Kénitra,Sidi Kacem,Moulay Abdelkader,DR,Dispensaire Rural,Soins primaires,"Soins de base,Soins d'urgence élémentaires"
Sefsaf,Rabat-Salé-Kénitra,Sidi Kacem,Sefsaf,CSR-1,Centre de Santé Rural niveau 1,Soins primaires,"Médecine générale,Soins de base,Vaccination,Soins infirmiers"
Al Haouafate,Rabat-Salé-Kénitra,Sidi Kacem,Al Haouafate,CSR-1,Centre de Santé Rural niveau 1,Soins primaires,"Médecine générale,Soins de base,Vaccination,Soins infirmiers"
S. Kacem Harrouch,Rabat-Salé-Kénitra,Sidi Kacem,Nouirate,DR,Dispensaire Rural,Soins primaires,"Soins de base,Soins d'urgence élémentaires"
Nouirate,Rabat-Salé-Kénitra,Sidi Kacem,Nouirate,CSR-1,Centre de Santé Rural niveau 1,Soins primaires,"Médecine générale,Soins de base,Vaccination,Soins infirmiers"
Zhayrine,Rabat-Salé-Kénitra,Sidi Kacem,Lamrabih,DR,Dispensaire Rural,Soins primaires,"Soins de base,Soins d'urgence élémentaires"
Lamrabih,Rabat-Salé-Kénitra,Sidi Kacem,Lamrabih,CSR-1,Centre de Santé Rural niveau 1,Soins primaires,"Médecine générale,Soins de base,Vaccination,Soins infirmiers"
Taoughilt,Rabat-Salé-Kénitra,Sidi Kacem,Taoughilt,CSR-1,Centre de Santé Rural niveau 1,Soins primaires,"Médecine générale,Soins de base,Vaccination,Soins infirmiers"
S.M'hamed Chelh,Rabat-Salé-Kénitra,Sidi Kacem,Sidi M'Hamed Chelh,CSR-1,Centre de Santé Rural niveau 1,Soins primaires,"Médecine générale,Soins de base,Vaccination,Soins infirmiers"
Khnichet,Rabat-Salé-Kénitra,Sidi Kacem,Khnichet,CSR-2,Centre de Santé Rural niveau 2,Soins primaires,"Médecine générale,Soins de base,Vaccination,Soins infirmiers"
Oulad Nouel,Rabat-Salé-Kénitra,Sidi Kacem,Oulad Nouel,CSR-1,Centre de Santé Rural niveau 1,Soins primaires,"Médecine générale,Soins de base,Vaccination,Soins infirmiers"
Zouaid,Rabat-Salé-Kénitra,Sidi Kacem,Lamrabih,DR,Dispensaire Rural,Soins primaires,"Soins de base,Soins d'urgence élémentaires"
Zirara,Rabat-Salé-Kénitra,Sidi Kacem,Zirara,CSR-1,Centre de Santé Rural niveau 1,Soins primaires,"Médecine générale,Soins de base,Vaccination,Soins infirmiers"
Bab Tiouka,Rabat-Salé-Kénitra,Sidi Kacem,Bab Tiouka,CSR-1,Centre de Santé Rural niveau 1,Soins primaires,"Médecine générale,Soins de base,Vaccination,Soins infirmiers"
Zaggota,Rabat-Salé-Kénitra,Sidi Kacem,Zaggota,CSR-2,Centre de Santé Rural niveau 2,Soins primaires,"Médecine générale,Soins de base,Vaccination,Soins infirmiers"
Chbanate,Rabat-Salé-Kénitra,Sidi Kacem,Chbanate,CSR-1,Centre de Santé Rural niveau 1,Soins primaires,"Médecine générale,Soins de base,Vaccination,Soins infirmiers"
Tekna,Rabat-Salé-Kénitra,Sidi Kacem,Tekna,CSR-1,Centre de Santé Rural niveau 1,Soins primaires,"Médecine générale,Soins de base,Vaccination,Soins infirmiers"
Bir Taleb,Rabat-Salé-Kénitra,Sidi Kacem,Bir Taleb,CSR-1,Centre de Santé Rural niveau 1,Soins primaires,"Médecine générale,Soins de base,Vaccination,Soins infirmiers"
Azib Nihi,Rabat-Salé-Kénitra,Sidi Kacem,Selfat,CSR-1,Centre de Santé Rural niveau 1,Soins primaires,"Médecine générale,Soins de base,Vaccination,Soins infirmiers"
Sidi Al Kamel (Kratt),Rabat-Salé-Kénitra,Sidi Kacem,Sidi Al Kamel,CSR-1,Centre de Santé Rural niveau 1,Soins primaires,"Médecine générale,Soins de base,Vaccination,Soins infirmiers"
Oulad Soltane,Rabat-Salé-Kénitra,Sidi Kacem,Rmilat,CSR-1,Centre de Santé Rural niveau 1,Soins primaires,"Médecine générale,Soins de base,Vaccination,Soins infirmiers"
Oulad Moussa,Rabat-Salé-Kénitra,Sidi Kacem,Dar Laaslouji,CSR-1,Centre de Santé Rural niveau 1,Soins primaires,"Médecine générale,Soins de base,Vaccination,Soins infirmiers"
Oulad Mouisse,Rabat-Salé-Kénitra,Sidi Kacem,Dar Laaslouji,DR,Dispensaire Rural,Soins primaires,"Soins de base,Soins d'urgence élémentaires"
Souassiyine,Rabat-Salé-Kénitra,Sidi Kacem,Sidi Al Kamel,DR,Dispensaire Rural,Soins primaires,"Soins de base,Soins d'urgence élémentaires"
Sidi Slimane,Rabat-Salé-Kénitra,Sidi Slimane,Sidi Slimane,CDTMR,Centre de Diagnostic et de Traitement des Maladies Respiratoires,Soins primaires,"Pneumologie,Maladies respiratoires,Tuberculose,CDTMR"
Sidi Yahia,Rabat-Salé-Kénitra,Sidi Slimane,Sidi Yahya El Gharb,CSU-2,Centre de Santé Urbain niveau 2,Soins primaires,"Médecine générale,Soins de base,Vaccination,Planning familial,Consultation infirmière"
Hay Salam,Rabat-Salé-Kénitra,Sidi Slimane,Sidi Slimane,CSU-1,Centre de Santé Urbain niveau 1,Soins primaires,"Médecine générale,Soins de base,Vaccination,Planning familial,Consultation infirmière"
Ouled El Ghazi,Rabat-Salé-Kénitra,Sidi Slimane,Sidi Slimane,CSU-1,Centre de Santé Urbain niveau 1,Soins primaires,"Médecine générale,Soins de base,Vaccination,Planning familial,Consultation infirmière"
Ghomariyine,Rabat-Salé-Kénitra,Sidi Slimane,Sidi Slimane,CSU-1,Centre de Santé Urbain niveau 1,Soins primaires,"Médecine générale,Soins de base,Vaccination,Planning familial,Consultation infirmière"
OULED MALEK,Rabat-Salé-Kénitra,Sidi Slimane,Sidi Slimane,CSU-1,Centre de Santé Urbain niveau 1,Soins primaires,"Médecine générale,Soins de base,Vaccination,Planning familial,Consultation infirmière"
Sidi Yahya,Rabat-Salé-Kénitra,Sidi Slimane,Sidi Yahya El Gharb,CSU-1,Centre de Santé Urbain niveau 1,Soins primaires,"Médecine générale,Soins de base,Vaccination,Planning familial,Consultation infirmière"
Dayet aicha (Bouftitane),Rabat-Salé-Kénitra,Sidi Slimane,Kceibya,DR,Dispensaire Rural,Soins primaires,"Soins de base,Soins d'urgence élémentaires"
LAABABDA,Rabat-Salé-Kénitra,Sidi Slimane,Ameur Chamalia,CSR-1,Centre de Santé Rural niveau 1,Soins primaires,"Médecine générale,Soins de base,Vaccination,Soins infirmiers"
Ouled Zayd,Rabat-Salé-Kénitra,Sidi Slimane,Ameur Chamalia,DR,Dispensaire Rural,Soins primaires,"Soins de base,Soins d'urgence élémentaires"
Lalla Itto,Rabat-Salé-Kénitra,Sidi Slimane,Kceibya,CSR-1,Centre de Santé Rural niveau 1,Soins primaires,"Médecine générale,Soins de base,Vaccination,Soins infirmiers"
Ouled Taleb,Rabat-Salé-Kénitra,Sidi Slimane,Ameur Chamalia,CSR-1,Centre de Santé Rural niveau 1,Soins primaires,"Médecine générale,Soins de base,Vaccination,Soins infirmiers"
Chraouata,Rabat-Salé-Kénitra,Sidi Slimane,Kceibya,DR,Dispensaire Rural,Soins primaires,"Soins de base,Soins d'urgence élémentaires"
Chibane Od Bouazza,Rabat-Salé-Kénitra,Sidi Slimane,Kceibya,DR,Dispensaire Rural,Soins primaires,"Soins de base,Soins d'urgence élémentaires"
Ouled Hannoune,Rabat-Salé-Kénitra,Sidi Slimane,Kceibya,CSR-1,Centre de Santé Rural niveau 1,Soins primaires,"Médecine générale,Soins de base,Vaccination,Soins infirmiers"
Mradsa,Rabat-Salé-Kénitra,Sidi Slimane,Sfafaa,CSR-1,Centre de Santé Rural niveau 1,Soins primaires,"Médecine générale,Soins de base,Vaccination,Soins infirmiers"
Touirssa,Rabat-Salé-Kénitra,Sidi Slimane,Kceibya,DR,Dispensaire Rural,Soins primaires,"Soins de base,Soins d'urgence élémentaires"
Dar Bel Amri,Rabat-Salé-Kénitra,Sidi Slimane,Dar Bel Amri,CSR-2,Centre de Santé Rural niveau 2,Soins primaires,"Médecine générale,Soins de base,Vaccination,Soins infirmiers"
Shaibiya,Rabat-Salé-Kénitra,Sidi Slimane,Ouled H'Cine,DR,Dispensaire Rural,Soins primaires,"Soins de base,Soins d'urgence élémentaires"
Ouled Boutabet,Rabat-Salé-Kénitra,Sidi Slimane,Ouled Ben Hammadi,CSR-1,Centre de Santé Rural niveau 1,Soins primaires,"Médecine générale,Soins de base,Vaccination,Soins infirmiers"
Ouelad Ben Hammadi,Rabat-Salé-Kénitra,Sidi Slimane,Ouled Ben Hammadi,DR,Dispensaire Rural,Soins primaires,"Soins de base,Soins d'urgence élémentaires"
Gnafda,Rabat-Salé-Kénitra,Sidi Slimane,Dar Bel Amri,CSR-1,Centre de Santé Rural niveau 1,Soins primaires,"Médecine générale,Soins de base,Vaccination,Soins infirmiers"
Lahouarta,Rabat-Salé-Kénitra,Sidi Slimane,Azghar,CSR-1,Centre de Santé Rural niveau 1,Soins primaires,"Médecine générale,Soins de base,Vaccination,Soins infirmiers"
Baggara,Rabat-Salé-Kénitra,Sidi Slimane,M'saada,CSR-1,Centre de Santé Rural niveau 1,Soins primaires,"Médecine générale,Soins de base,Vaccination,Soins infirmiers"
Ouled Moussa Ben Hcine,Rabat-Salé-Kénitra,Sidi Slimane,Boumaiz,DR,Dispensaire Rural,Soins primaires,"Soins de base,Soins d'urgence élémentaires"
Oulad Youssef,Rabat-Salé-Kénitra,Sidi Slimane,Azghar,DR,Dispensaire Rural,Soins primaires,"Soins de base,Soins d'urgence élémentaires"
Od S. ABDELGHAYATI  (ZIAINA),Rabat-Salé-Kénitra,Sidi Slimane,Boumaiz,CSR-1,Centre de Santé Rural niveau 1,Soins primaires,"Médecine générale,Soins de base,Vaccination,Soins infirmiers"
Sidi Abdelaziz,Rabat-Salé-Kénitra,Sidi Slimane,Ouled H'Cine,DR,Dispensaire Rural,Soins primaires,"Soins de base,Soins d'urgence élémentaires"
Laabyat,Rabat-Salé-Kénitra,Sidi Slimane,Ouled H'Cine,CSR-1,Centre de Santé Rural niveau 1,Soins primaires,"Médecine générale,Soins de base,Vaccination,Soins infirmiers"
Fajar,Rabat-Salé-Kénitra,Sidi Slimane,Dar Bel Amri,CSR-1,Centre de Santé Rural niveau 1,Soins primaires,"Médecine générale,Soins de base,Vaccination,Soins infirmiers"
Ftah El Kheir,Rabat-Salé-Kénitra,Skhirate-Temara,Témara,CSU-1,Centre de Santé Urbain niveau 1,Soins primaires,"Médecine générale,Soins de base,Vaccination,Planning familial,Consultation infirmière"
CRSR Ennasser,Rabat-Salé-Kénitra,Skhirate-Temara,Témara,CRSR,Centre de Référence en Santé de Reproduction,Soins primaires,"Gynécologie,Santé de la reproduction,Planification familiale,Maternité"
Ain Attig,Rabat-Salé-Kénitra,Skhirate-Temara,Ain Attig,CSU-2,Centre de Santé Urbain niveau 2,Soins primaires,"Médecine générale,Soins de base,Vaccination,Planning familial,Consultation infirmière"
Ouled Mtaa,Rabat-Salé-Kénitra,Skhirate-Temara,Témara,CSU-2,Centre de Santé Urbain niveau 2,Soins primaires,"Médecine générale,Soins de base,Vaccination,Planning familial,Consultation infirmière"
Ennasr,Rabat-Salé-Kénitra,Skhirate-Temara,Témara,CSU-1,Centre de Santé Urbain niveau 1,Soins primaires,"Médecine générale,Soins de base,Vaccination,Planning familial,Consultation infirmière"
Oued eddahab,Rabat-Salé-Kénitra,Skhirate-Temara,Témara,CSU-1,Centre de Santé Urbain niveau 1,Soins primaires,"Médecine générale,Soins de base,Vaccination,Planning familial,Consultation infirmière"
Guich,Rabat-Salé-Kénitra,Skhirate-Temara,Témara,CSU-1,Centre de Santé Urbain niveau 1,Soins primaires,"Médecine générale,Soins de base,Vaccination,Planning familial,Consultation infirmière"
Ouled Bennacer (Masrour),Rabat-Salé-Kénitra,Skhirate-Temara,Témara,CSU-1,Centre de Santé Urbain niveau 1,Soins primaires,"Médecine générale,Soins de base,Vaccination,Planning familial,Consultation infirmière"
Al Massira II,Rabat-Salé-Kénitra,Skhirate-Temara,Témara,CSU-2,Centre de Santé Urbain niveau 2,Soins primaires,"Médecine générale,Soins de base,Vaccination,Planning familial,Consultation infirmière"
Al Massira I,Rabat-Salé-Kénitra,Skhirate-Temara,Témara,CSU-2,Centre de Santé Urbain niveau 2,Soins primaires,"Médecine générale,Soins de base,Vaccination,Planning familial,Consultation infirmière"
Ennassim,Rabat-Salé-Kénitra,Skhirate-Temara,Ain El Aouda,CSU-2,Centre de Santé Urbain niveau 2,Soins primaires,"Médecine générale,Soins de base,Vaccination,Planning familial,Consultation infirmière"
Essafae,Rabat-Salé-Kénitra,Skhirate-Temara,Ain El Aouda,CSU-1,Centre de Santé Urbain niveau 1,Soins primaires,"Médecine générale,Soins de base,Vaccination,Planning familial,Consultation infirmière"
Ain Aouda,Rabat-Salé-Kénitra,Skhirate-Temara,Ain El Aouda,CDTMR,Centre de Diagnostic et de Traitement des Maladies Respiratoires,Soins primaires,"Pneumologie,Maladies respiratoires,Tuberculose,CDTMR"
Atlas,Rabat-Salé-Kénitra,Skhirate-Temara,Ain El Aouda,CSU-1,Centre de Santé Urbain niveau 1,Soins primaires,"Médecine générale,Soins de base,Vaccination,Planning familial,Consultation infirmière"
Ain El Aouda,Rabat-Salé-Kénitra,Skhirate-Temara,Ain El Aouda,CSU-2,Centre de Santé Urbain niveau 2,Soins primaires,"Médecine générale,Soins de base,Vaccination,Planning familial,Consultation infirmière"
Ouled Zaers,Rabat-Salé-Kénitra,Skhirate-Temara,Ain El Aouda,CSU-1,Centre de Santé Urbain niveau 1,Soins primaires,"Médecine générale,Soins de base,Vaccination,Planning familial,Consultation infirmière"
Sidi Laarbi,Rabat-Salé-Kénitra,Skhirate-Temara,Ain El Aouda,CSU-1,Centre de Santé Urbain niveau 1,Soins primaires,"Médecine générale,Soins de base,Vaccination,Planning familial,Consultation infirmière"
Harhoura,Rabat-Salé-Kénitra,Skhirate-Temara,Harhoura,CSU-1,Centre de Santé Urbain niveau 1,Soins primaires,"Médecine générale,Soins de base,Vaccination,Planning familial,Consultation infirmière"
Ibn khaldoun,Rabat-Salé-Kénitra,Skhirate-Temara,Harhoura,CSU-1,Centre de Santé Urbain niveau 1,Soins primaires,"Médecine générale,Soins de base,Vaccination,Planning familial,Consultation infirmière"
Skhirat,Rabat-Salé-Kénitra,Skhirate-Temara,Skhirate,CSU-2,Centre de Santé Urbain niveau 2,Soins primaires,"Médecine générale,Soins de base,Vaccination,Planning familial,Consultation infirmière"
Skhirat II,Rabat-Salé-Kénitra,Skhirate-Temara,Skhirate,CSU-2,Centre de Santé Urbain niveau 2,Soins primaires,"Médecine générale,Soins de base,Vaccination,Planning familial,Consultation infirmière"
Al wifaq(Temara centre),Rabat-Salé-Kénitra,Skhirate-Temara,Témara,CSU-1,Centre de Santé Urbain niveau 1,Soins primaires,"Médecine générale,Soins de base,Vaccination,Planning familial,Consultation infirmière"
Maamoura,Rabat-Salé-Kénitra,Skhirate-Temara,Témara,CDTMR,Centre de Diagnostic et de Traitement des Maladies Respiratoires,Soins primaires,"Pneumologie,Maladies respiratoires,Tuberculose,CDTMR"
Tamesna 2 (Centre Urbain Tamesna),Rabat-Salé-Kénitra,Skhirate-Temara,Sidi Yahya Zaer,CSR-1,Centre de Santé Rural niveau 1,Soins primaires,"Médecine générale,Soins de base,Vaccination,Soins infirmiers"
Oumazza,Rabat-Salé-Kénitra,Skhirate-Temara,Oumazza,CSR-1,Centre de Santé Rural niveau 1,Soins primaires,"Médecine générale,Soins de base,Vaccination,Soins infirmiers"
Ennour,Rabat-Salé-Kénitra,Skhirate-Temara,Sidi Yahya Zaer,CSR-1,Centre de Santé Rural niveau 1,Soins primaires,"Médecine générale,Soins de base,Vaccination,Soins infirmiers"
El Menzeh,Rabat-Salé-Kénitra,Skhirate-Temara,El Menzeh,CSR-2,Centre de Santé Rural niveau 2,Soins primaires,"Médecine générale,Soins de base,Vaccination,Soins infirmiers"
Mkhalif,Rabat-Salé-Kénitra,Skhirate-Temara,Sidi Yahya Zaer,DR,Dispensaire Rural,Soins primaires,"Soins de base,Soins d'urgence élémentaires"
Sidi Yahya Zaers,Rabat-Salé-Kénitra,Skhirate-Temara,Sidi Yahya Zaer,CSR-2,Centre de Santé Rural niveau 2,Soins primaires,"Médecine générale,Soins de base,Vaccination,Soins infirmiers"
Tamesna 1 (Centre Urbain Tamesna),Rabat-Salé-Kénitra,Skhirate-Temara,Sidi Yahya Zaer,CSR-1,Centre de Santé Rural niveau 1,Soins primaires,"Médecine générale,Soins de base,Vaccination,Soins infirmiers"
El Kenz,Rabat-Salé-Kénitra,Skhirate-Temara,Sidi Yahya Zaer,CSR-1,Centre de Santé Rural niveau 1,Soins primaires,"Médecine générale,Soins de base,Vaccination,Soins infirmiers"
Mers El Kheir 2,Rabat-Salé-Kénitra,Skhirate-Temara,Mers El Kheir,CSR-2,Centre de Santé Rural niveau 2,Soins primaires,"Médecine générale,Soins de base,Vaccination,Soins infirmiers"
Sebbah,Rabat-Salé-Kénitra,Skhirate-Temara,Sabbah,CSR-1,Centre de Santé Rural niveau 1,Soins primaires,"Médecine générale,Soins de base,Vaccination,Soins infirmiers"
Azilal,Béni Mellal-Khénifra,Azilal,Azilal,CSU-1,Centre de Santé Urbain niveau 1,Soins primaires,"Médecine générale,Soins de base,Vaccination,Planning familial,Consultation infirmière"
Demnate,Béni Mellal-Khénifra,Azilal,Demnate,CDTMR,Centre de Diagnostic et de Traitement des Maladies Respiratoires,Soins primaires,"Pneumologie,Maladies respiratoires,Tuberculose,CDTMR"
Tichibite,Béni Mellal-Khénifra,Azilal,Azilal,CSU-1,Centre de Santé Urbain niveau 1,Soins primaires,"Médecine générale,Soins de base,Vaccination,Planning familial,Consultation infirmière"
Demnate,Béni Mellal-Khénifra,Azilal,Demnate,CSU-1,Centre de Santé Urbain niveau 1,Soins primaires,"Médecine générale,Soins de base,Vaccination,Planning familial,Consultation infirmière"
Demnat Kasbah,Béni Mellal-Khénifra,Azilal,Demnate,CSU-1,Centre de Santé Urbain niveau 1,Soins primaires,"Médecine générale,Soins de base,Vaccination,Planning familial,Consultation infirmière"
Q. Administratif,Béni Mellal-Khénifra,Azilal,Azilal,CSU-1,Centre de Santé Urbain niveau 1,Soins primaires,"Médecine générale,Soins de base,Vaccination,Planning familial,Consultation infirmière"
Azilal,Béni Mellal-Khénifra,Azilal,Azilal,LSP,Laboratoire de Santé Publique,Soins primaires,Laboratoire d'analyses médicales
Azilal,Béni Mellal-Khénifra,Azilal,Azilal,CDTMR,Centre de Diagnostic et de Traitement des Maladies Respiratoires,Soins primaires,"Pneumologie,Maladies respiratoires,Tuberculose,CDTMR"
CRSR Azilal,Béni Mellal-Khénifra,Azilal,Azilal,CRSR,Centre de Référence en Santé de Reproduction,Soins primaires,"Gynécologie,Santé de la reproduction,Planification familiale,Maternité"
Tissa,Béni Mellal-Khénifra,Azilal,Tamda Noumercid,DR,Dispensaire Rural,Soins primaires,"Soins de base,Soins d'urgence élémentaires"
Agoudid,Béni Mellal-Khénifra,Azilal,Agoudi N'Lkhair,CSR-2,Centre de Santé Rural niveau 2,Soins primaires,"Médecine générale,Soins de base,Vaccination,Soins infirmiers"
Igmir,Béni Mellal-Khénifra,Azilal,Ait Abbas,DR,Dispensaire Rural,Soins primaires,"Soins de base,Soins d'urgence élémentaires"
Ait M'hamed,Béni Mellal-Khénifra,Azilal,Ait M'Hamed,CSR-2,Centre de Santé Rural niveau 2,Soins primaires,"Médecine générale,Soins de base,Vaccination,Soins infirmiers"
Abachkou,Béni Mellal-Khénifra,Azilal,Ait Bou Oulli,CSR-2,Centre de Santé Rural niveau 2,Soins primaires,"Médecine générale,Soins de base,Vaccination,Soins infirmiers"
Bouguemaz,Béni Mellal-Khénifra,Azilal,Tabant,CSR-2,Centre de Santé Rural niveau 2,Soins primaires,"Médecine générale,Soins de base,Vaccination,Soins infirmiers"
Sremete,Béni Mellal-Khénifra,Azilal,Tabant,DR,Dispensaire Rural,Soins primaires,"Soins de base,Soins d'urgence élémentaires"
Z.Ahansal,Béni Mellal-Khénifra,Azilal,Zaouiat Ahansal,CSR-2,Centre de Santé Rural niveau 2,Soins primaires,"Médecine générale,Soins de base,Vaccination,Soins infirmiers"
Zerken,Béni Mellal-Khénifra,Azilal,Zaouiat Ahansal,DR,Dispensaire Rural,Soins primaires,"Soins de base,Soins d'urgence élémentaires"
Sguatt,Béni Mellal-Khénifra,Azilal,Ait Abbas,CSR-1,Centre de Santé Rural niveau 1,Soins primaires,"Médecine générale,Soins de base,Vaccination,Soins infirmiers"
Ifrane,Béni Mellal-Khénifra,Azilal,Agoudi N'Lkhair,DR,Dispensaire Rural,Soins primaires,"Soins de base,Soins d'urgence élémentaires"
Inguirt,Béni Mellal-Khénifra,Azilal,Agoudi N'Lkhair,DR,Dispensaire Rural,Soins primaires,"Soins de base,Soins d'urgence élémentaires"
Tamda,Béni Mellal-Khénifra,Azilal,Tamda Noumercid,CSR-1,Centre de Santé Rural niveau 1,Soins primaires,"Médecine générale,Soins de base,Vaccination,Soins infirmiers"
Imidar,Béni Mellal-Khénifra,Azilal,Zaouiat Ahansal,DR,Dispensaire Rural,Soins primaires,"Soins de base,Soins d'urgence élémentaires"
Skoura,Béni Mellal-Khénifra,Azilal,Tanant,DR,Dispensaire Rural,Soins primaires,"Soins de base,Soins d'urgence élémentaires"
Taounza,Béni Mellal-Khénifra,Azilal,Taounza,CSR-1,Centre de Santé Rural niveau 1,Soins primaires,"Médecine générale,Soins de base,Vaccination,Soins infirmiers"
Indjaren,Béni Mellal-Khénifra,Azilal,Taounza,DR,Dispensaire Rural,Soins primaires,"Soins de base,Soins d'urgence élémentaires"
Tisqi,Béni Mellal-Khénifra,Azilal,Tisqi,CSR-1,Centre de Santé Rural niveau 1,Soins primaires,"Médecine générale,Soins de base,Vaccination,Soins infirmiers"
Ait Attab,Béni Mellal-Khénifra,Azilal,Moulay Aissa Ben Driss,CSR-2,Centre de Santé Rural niveau 2,Soins primaires,"Médecine générale,Soins de base,Vaccination,Soins infirmiers"
Ait Ouirar,Béni Mellal-Khénifra,Azilal,Tanant,DR,Dispensaire Rural,Soins primaires,"Soins de base,Soins d'urgence élémentaires"
Bouhrazen,Béni Mellal-Khénifra,Azilal,Tanant,DR,Dispensaire Rural,Soins primaires,"Soins de base,Soins d'urgence élémentaires"
Tanant,Béni Mellal-Khénifra,Azilal,Tanant,CSR-2,Centre de Santé Rural niveau 2,Soins primaires,"Médecine générale,Soins de base,Vaccination,Soins infirmiers"
A. Taguella,Béni Mellal-Khénifra,Azilal,Ait Taguella,DR,Dispensaire Rural,Soins primaires,"Soins de base,Soins d'urgence élémentaires"
Ouzoud,Béni Mellal-Khénifra,Azilal,Ait Taguella,CSR-1,Centre de Santé Rural niveau 1,Soins primaires,"Médecine générale,Soins de base,Vaccination,Soins infirmiers"
Tislit,Béni Mellal-Khénifra,Azilal,Tabia,DR,Dispensaire Rural,Soins primaires,"Soins de base,Soins d'urgence élémentaires"
Tabia,Béni Mellal-Khénifra,Azilal,Tabia,CSR-1,Centre de Santé Rural niveau 1,Soins primaires,"Médecine générale,Soins de base,Vaccination,Soins infirmiers"
Foum Jemaa,Béni Mellal-Khénifra,Azilal,Foum Jemaa,CSR-2,Centre de Santé Rural niveau 2,Soins primaires,"Médecine générale,Soins de base,Vaccination,Soins infirmiers"
Guimi,Béni Mellal-Khénifra,Azilal,Bni Hassane,DR,Dispensaire Rural,Soins primaires,"Soins de base,Soins d'urgence élémentaires"
Ibaraguen,Béni Mellal-Khénifra,Azilal,Bni Hassane,DR,Dispensaire Rural,Soins primaires,"Soins de base,Soins d'urgence élémentaires"
Tirst,Béni Mellal-Khénifra,Azilal,Bni Hassane,CSR-1,Centre de Santé Rural niveau 1,Soins primaires,"Médecine générale,Soins de base,Vaccination,Soins infirmiers"
Ouled Bouhakou,Béni Mellal-Khénifra,Azilal,Rfala,DR,Dispensaire Rural,Soins primaires,"Soins de base,Soins d'urgence élémentaires"
Taghrart,Béni Mellal-Khénifra,Azilal,Rfala,DR,Dispensaire Rural,Soins primaires,"Soins de base,Soins d'urgence élémentaires"
Rfala,Béni Mellal-Khénifra,Azilal,Rfala,DR,Dispensaire Rural,Soins primaires,"Soins de base,Soins d'urgence élémentaires"
Bzou,Béni Mellal-Khénifra,Azilal,Bzou,CSR-2,Centre de Santé Rural niveau 2,Soins primaires,"Médecine générale,Soins de base,Vaccination,Soins infirmiers"
Oued Laabid,Béni Mellal-Khénifra,Azilal,Bzou,CSR-1,Centre de Santé Rural niveau 1,Soins primaires,"Médecine générale,Soins de base,Vaccination,Soins infirmiers"
Bouazier,Béni Mellal-Khénifra,Azilal,Rfala,CSR-1,Centre de Santé Rural niveau 1,Soins primaires,"Médecine générale,Soins de base,Vaccination,Soins infirmiers"
Bin El Ouidane,Béni Mellal-Khénifra,Azilal,Bin El Ouidane,CSR-1,Centre de Santé Rural niveau 1,Soins primaires,"Médecine générale,Soins de base,Vaccination,Soins infirmiers"
Isseksi,Béni Mellal-Khénifra,Azilal,Isseksi,CSR-1,Centre de Santé Rural niveau 1,Soins primaires,"Médecine générale,Soins de base,Vaccination,Soins infirmiers"
Ait Boukhouch,Béni Mellal-Khénifra,Azilal,Ait Mazigh,CSR-1,Centre de Santé Rural niveau 1,Soins primaires,"Médecine générale,Soins de base,Vaccination,Soins infirmiers"
Ouaouizeght,Béni Mellal-Khénifra,Azilal,Ouaouizeght,CSR-2,Centre de Santé Rural niveau 2,Soins primaires,"Médecine générale,Soins de base,Vaccination,Soins infirmiers"
Tabaroucht,Béni Mellal-Khénifra,Azilal,Tabaroucht,CSR-2,Centre de Santé Rural niveau 2,Soins primaires,"Médecine générale,Soins de base,Vaccination,Soins infirmiers"
Tagleft,Béni Mellal-Khénifra,Azilal,Tagleft,CSR-2,Centre de Santé Rural niveau 2,Soins primaires,"Médecine générale,Soins de base,Vaccination,Soins infirmiers"
Ait Ouqabli,Béni Mellal-Khénifra,Azilal,Ait Ouqabli,CSR-2,Centre de Santé Rural niveau 2,Soins primaires,"Médecine générale,Soins de base,Vaccination,Soins infirmiers"
Anergui,Béni Mellal-Khénifra,Azilal,Anergui,CSR-2,Centre de Santé Rural niveau 2,Soins primaires,"Médecine générale,Soins de base,Vaccination,Soins infirmiers"
Tiffert At Hamza,Béni Mellal-Khénifra,Azilal,Tiffert N'Ait Hamza,CSR-1,Centre de Santé Rural niveau 1,Soins primaires,"Médecine générale,Soins de base,Vaccination,Soins infirmiers"
Ait Tamjout,Béni Mellal-Khénifra,Azilal,Tagleft,DR,Dispensaire Rural,Soins primaires,"Soins de base,Soins d'urgence élémentaires"
Tillougguite,Béni Mellal-Khénifra,Azilal,Tilougguite,CSR-2,Centre de Santé Rural niveau 2,Soins primaires,"Médecine générale,Soins de base,Vaccination,Soins infirmiers"
S. Ali Ben Brahim,Béni Mellal-Khénifra,Azilal,Bni Ayat,DR,Dispensaire Rural,Soins primaires,"Soins de base,Soins d'urgence élémentaires"
Laaouina,Béni Mellal-Khénifra,Azilal,Bni Ayat,DR,Dispensaire Rural,Soins primaires,"Soins de base,Soins d'urgence élémentaires"
Tizgui-N'bni Ayat,Béni Mellal-Khénifra,Azilal,Bni Ayat,CSR-1,Centre de Santé Rural niveau 1,Soins primaires,"Médecine générale,Soins de base,Vaccination,Soins infirmiers"
Afourar,Béni Mellal-Khénifra,Azilal,Afourar,CSR-2,Centre de Santé Rural niveau 2,Soins primaires,"Médecine générale,Soins de base,Vaccination,Soins infirmiers"
Ait Guirt,Béni Mellal-Khénifra,Azilal,Ait Ouaarda,CSR-1,Centre de Santé Rural niveau 1,Soins primaires,"Médecine générale,Soins de base,Vaccination,Soins infirmiers"
Tanfarda,Béni Mellal-Khénifra,Azilal,Bni Ayat,CSR-1,Centre de Santé Rural niveau 1,Soins primaires,"Médecine générale,Soins de base,Vaccination,Soins infirmiers"
Timoulilt,Béni Mellal-Khénifra,Azilal,Timoulilt,CSR-1,Centre de Santé Rural niveau 1,Soins primaires,"Médecine générale,Soins de base,Vaccination,Soins infirmiers"
Ait Ouaarda,Béni Mellal-Khénifra,Azilal,Ait Ouaarda,DR,Dispensaire Rural,Soins primaires,"Soins de base,Soins d'urgence élémentaires"
Tidili,Béni Mellal-Khénifra,Azilal,Tidili Fetouaka,CSR-2,Centre de Santé Rural niveau 2,Soins primaires,"Médecine générale,Soins de base,Vaccination,Soins infirmiers"
Ihoudjine,Béni Mellal-Khénifra,Azilal,Tidili Fetouaka,DR,Dispensaire Rural,Soins primaires,"Soins de base,Soins d'urgence élémentaires"
Draa,Béni Mellal-Khénifra,Azilal,Tidili Fetouaka,DR,Dispensaire Rural,Soins primaires,"Soins de base,Soins d'urgence élémentaires"
Issoulane,Béni Mellal-Khénifra,Azilal,Ait Oumdis,CSR-2,Centre de Santé Rural niveau 2,Soins primaires,"Médecine générale,Soins de base,Vaccination,Soins infirmiers"
Ait Tamlil,Béni Mellal-Khénifra,Azilal,Ait Tamlil,CSR-2,Centre de Santé Rural niveau 2,Soins primaires,"Médecine générale,Soins de base,Vaccination,Soins infirmiers"
Toufghine,Béni Mellal-Khénifra,Azilal,Ait Tamlil,DR,Dispensaire Rural,Soins primaires,"Soins de base,Soins d'urgence élémentaires"
Bouachiba,Béni Mellal-Khénifra,Azilal,Anzou,CSR-1,Centre de Santé Rural niveau 1,Soins primaires,"Médecine générale,Soins de base,Vaccination,Soins infirmiers"
Ait Maala,Béni Mellal-Khénifra,Azilal,Sidi Yacoub,CSR-1,Centre de Santé Rural niveau 1,Soins primaires,"Médecine générale,Soins de base,Vaccination,Soins infirmiers"
Ait Mdiouel,Béni Mellal-Khénifra,Azilal,Ait Tamlil,DR,Dispensaire Rural,Soins primaires,"Soins de base,Soins d'urgence élémentaires"
Ait Chraa,Béni Mellal-Khénifra,Azilal,Ait Oumdis,DR,Dispensaire Rural,Soins primaires,"Soins de base,Soins d'urgence élémentaires"
Ait Ouihsan,Béni Mellal-Khénifra,Azilal,Anzou,CSR-1,Centre de Santé Rural niveau 1,Soins primaires,"Médecine générale,Soins de base,Vaccination,Soins infirmiers"
Sourne,Béni Mellal-Khénifra,Azilal,Sidi Yacoub,CSR-1,Centre de Santé Rural niveau 1,Soins primaires,"Médecine générale,Soins de base,Vaccination,Soins infirmiers"
Magdaze,Béni Mellal-Khénifra,Azilal,Ait Tamlil,DR,Dispensaire Rural,Soins primaires,"Soins de base,Soins d'urgence élémentaires"
Ouazent,Béni Mellal-Khénifra,Azilal,Ouaoula,CSR-1,Centre de Santé Rural niveau 1,Soins primaires,"Médecine générale,Soins de base,Vaccination,Soins infirmiers"
Ait Choarit,Béni Mellal-Khénifra,Azilal,Ouaoula,DR,Dispensaire Rural,Soins primaires,"Soins de base,Soins d'urgence élémentaires"
Amougez,Béni Mellal-Khénifra,Azilal,Ouaoula,DR,Dispensaire Rural,Soins primaires,"Soins de base,Soins d'urgence élémentaires"
Imlil,Béni Mellal-Khénifra,Azilal,Imlil,CSR-1,Centre de Santé Rural niveau 1,Soins primaires,"Médecine générale,Soins de base,Vaccination,Soins infirmiers"
Iminifri,Béni Mellal-Khénifra,Azilal,Tifni,CSR-2,Centre de Santé Rural niveau 2,Soins primaires,"Médecine générale,Soins de base,Vaccination,Soins infirmiers"
Tifni,Béni Mellal-Khénifra,Azilal,Tifni,DR,Dispensaire Rural,Soins primaires,"Soins de base,Soins d'urgence élémentaires"
Tizgui-N'tifni,Béni Mellal-Khénifra,Azilal,Tifni,DR,Dispensaire Rural,Soins primaires,"Soins de base,Soins d'urgence élémentaires"
Ait Salah,Béni Mellal-Khénifra,Azilal,Ait Majden,DR,Dispensaire Rural,Soins primaires,"Soins de base,Soins d'urgence élémentaires"
Tizgui N'Ait Majden,Béni Mellal-Khénifra,Azilal,Ait Majden,DR,Dispensaire Rural,Soins primaires,"Soins de base,Soins d'urgence élémentaires"
Ouaoula,Béni Mellal-Khénifra,Azilal,Ouaoula,CSR-2,Centre de Santé Rural niveau 2,Soins primaires,"Médecine générale,Soins de base,Vaccination,Soins infirmiers"
Mahda,Béni Mellal-Khénifra,Azilal,Ouaoula,DR,Dispensaire Rural,Soins primaires,"Soins de base,Soins d'urgence élémentaires"
Tizi Noubadou,Béni Mellal-Khénifra,Azilal,Ait Blal,CSR-1,Centre de Santé Rural niveau 1,Soins primaires,"Médecine générale,Soins de base,Vaccination,Soins infirmiers"
Iwariden,Béni Mellal-Khénifra,Azilal,Sidi Boulkhalf,CSR-1,Centre de Santé Rural niveau 1,Soins primaires,"Médecine générale,Soins de base,Vaccination,Soins infirmiers"
Ait Toutline,Béni Mellal-Khénifra,Azilal,Sidi Boulkhalf,DR,Dispensaire Rural,Soins primaires,"Soins de base,Soins d'urgence élémentaires"
Ait Majden,Béni Mellal-Khénifra,Azilal,Ait Majden,CSR-1,Centre de Santé Rural niveau 1,Soins primaires,"Médecine générale,Soins de base,Vaccination,Soins infirmiers"
Adamaghen,Béni Mellal-Khénifra,Azilal,Ouaoula,DR,Dispensaire Rural,Soins primaires,"Soins de base,Soins d'urgence élémentaires"
Hay Mohammadi,Béni Mellal-Khénifra,Beni Mellal,Béni Mellal,CSU-1,Centre de Santé Urbain niveau 1,Soins primaires,"Médecine générale,Soins de base,Vaccination,Planning familial,Consultation infirmière"
El Ksiba,Béni Mellal-Khénifra,Beni Mellal,El Ksiba,CSU-2,Centre de Santé Urbain niveau 2,Soins primaires,"Médecine générale,Soins de base,Vaccination,Planning familial,Consultation infirmière"
Ghar N'hal,Béni Mellal-Khénifra,Beni Mellal,Béni Mellal,CSU-1,Centre de Santé Urbain niveau 1,Soins primaires,"Médecine générale,Soins de base,Vaccination,Planning familial,Consultation infirmière"
El Amria,Béni Mellal-Khénifra,Beni Mellal,Béni Mellal,CSU-1,Centre de Santé Urbain niveau 1,Soins primaires,"Médecine générale,Soins de base,Vaccination,Planning familial,Consultation infirmière"
Laboratoire  (Hôp.Prov.),Béni Mellal-Khénifra,Beni Mellal,Béni Mellal,LSP,Laboratoire de Santé Publique,Soins primaires,Laboratoire d'analyses médicales
Hay Mohammadi,Béni Mellal-Khénifra,Beni Mellal,Béni Mellal,CDTMR,Centre de Diagnostic et de Traitement des Maladies Respiratoires,Soins primaires,"Pneumologie,Maladies respiratoires,Tuberculose,CDTMR"
Massira II,Béni Mellal-Khénifra,Beni Mellal,Béni Mellal,CSU-1,Centre de Santé Urbain niveau 1,Soins primaires,"Médecine générale,Soins de base,Vaccination,Planning familial,Consultation infirmière"
Od Hamdane,Béni Mellal-Khénifra,Beni Mellal,Béni Mellal,CSU-1,Centre de Santé Urbain niveau 1,Soins primaires,"Médecine générale,Soins de base,Vaccination,Planning familial,Consultation infirmière"
Somaa,Béni Mellal-Khénifra,Beni Mellal,Béni Mellal,CSU-1,Centre de Santé Urbain niveau 1,Soins primaires,"Médecine générale,Soins de base,Vaccination,Planning familial,Consultation infirmière"
Ghdira El Hamra,Béni Mellal-Khénifra,Beni Mellal,Béni Mellal,CSU-1,Centre de Santé Urbain niveau 1,Soins primaires,"Médecine générale,Soins de base,Vaccination,Planning familial,Consultation infirmière"
Hajra,Béni Mellal-Khénifra,Beni Mellal,Kasba Tadla,CSU-1,Centre de Santé Urbain niveau 1,Soins primaires,"Médecine générale,Soins de base,Vaccination,Planning familial,Consultation infirmière"
Beni Mellal,Béni Mellal-Khénifra,Beni Mellal,Béni Mellal,CRSR,Centre de Référence en Santé de Reproduction,Soins primaires,"Gynécologie,Santé de la reproduction,Planification familiale,Maternité"
Kasba Tadla,Béni Mellal-Khénifra,Beni Mellal,Kasba Tadla,CSU-1,Centre de Santé Urbain niveau 1,Soins primaires,"Médecine générale,Soins de base,Vaccination,Planning familial,Consultation infirmière"
Zaouiat Cheikh,Béni Mellal-Khénifra,Beni Mellal,Zaouiat Cheikh,CSU-2,Centre de Santé Urbain niveau 2,Soins primaires,"Médecine générale,Soins de base,Vaccination,Planning familial,Consultation infirmière"
Ourbiaa,Béni Mellal-Khénifra,Beni Mellal,Béni Mellal,CSU-1,Centre de Santé Urbain niveau 1,Soins primaires,"Médecine générale,Soins de base,Vaccination,Planning familial,Consultation infirmière"
Rmila,Béni Mellal-Khénifra,Beni Mellal,Béni Mellal,CSU-1,Centre de Santé Urbain niveau 1,Soins primaires,"Médecine générale,Soins de base,Vaccination,Planning familial,Consultation infirmière"
Sidi Jaber,Béni Mellal-Khénifra,Beni Mellal,Sidi Jaber,CSR-1,Centre de Santé Rural niveau 1,Soins primaires,"Médecine générale,Soins de base,Vaccination,Soins infirmiers"
Zouair,Béni Mellal-Khénifra,Beni Mellal,Ouled Yaich,DR,Dispensaire Rural,Soins primaires,"Soins de base,Soins d'urgence élémentaires"
Foum Oudi,Béni Mellal-Khénifra,Beni Mellal,Foum Oudi,CSR-1,Centre de Santé Rural niveau 1,Soins primaires,"Médecine générale,Soins de base,Vaccination,Soins infirmiers"
Ouled Gnaou,Béni Mellal-Khénifra,Beni Mellal,Ouled Gnaou,CSR-1,Centre de Santé Rural niveau 1,Soins primaires,"Médecine générale,Soins de base,Vaccination,Soins infirmiers"
Laayayta,Béni Mellal-Khénifra,Beni Mellal,Ouled Gnaou,DR,Dispensaire Rural,Soins primaires,"Soins de base,Soins d'urgence élémentaires"
Ouled Yaich,Béni Mellal-Khénifra,Beni Mellal,Ouled Yaich,CSR-1,Centre de Santé Rural niveau 1,Soins primaires,"Médecine générale,Soins de base,Vaccination,Soins infirmiers"
Bezzaza,Béni Mellal-Khénifra,Beni Mellal,Ouled Yaich,DR,Dispensaire Rural,Soins primaires,"Soins de base,Soins d'urgence élémentaires"
Foum El Anceur,Béni Mellal-Khénifra,Beni Mellal,Foum El Anceur,CSR-1,Centre de Santé Rural niveau 1,Soins primaires,"Médecine générale,Soins de base,Vaccination,Soins infirmiers"
Ouled M'barek,Béni Mellal-Khénifra,Beni Mellal,Ouled M'Barek,CSR-2,Centre de Santé Rural niveau 2,Soins primaires,"Médecine générale,Soins de base,Vaccination,Soins infirmiers"
Adouz,Béni Mellal-Khénifra,Beni Mellal,Foum El Anceur,CSR-1,Centre de Santé Rural niveau 1,Soins primaires,"Médecine générale,Soins de base,Vaccination,Soins infirmiers"
Tizi N'isly,Béni Mellal-Khénifra,Beni Mellal,Tizi N'Isly,CSR-2,Centre de Santé Rural niveau 2,Soins primaires,"Médecine générale,Soins de base,Vaccination,Soins infirmiers"
Tihouna Ouidir,Béni Mellal-Khénifra,Beni Mellal,Tizi N'Isly,DR,Dispensaire Rural,Soins primaires,"Soins de base,Soins d'urgence élémentaires"
Boutferda,Béni Mellal-Khénifra,Beni Mellal,Boutferda,CSR-1,Centre de Santé Rural niveau 1,Soins primaires,"Médecine générale,Soins de base,Vaccination,Soins infirmiers"
Aghbala,Béni Mellal-Khénifra,Beni Mellal,Aghbala,CSR-2,Centre de Santé Rural niveau 2,Soins primaires,"Médecine générale,Soins de base,Vaccination,Soins infirmiers"
Tingarf,Béni Mellal-Khénifra,Beni Mellal,Boutferda,DR,Dispensaire Rural,Soins primaires,"Soins de base,Soins d'urgence élémentaires"
Taghzirt,Béni Mellal-Khénifra,Beni Mellal,Taghzirt,CSR-2,Centre de Santé Rural niveau 2,Soins primaires,"Médecine générale,Soins de base,Vaccination,Soins infirmiers"
Bencherrou,Béni Mellal-Khénifra,Beni Mellal,Naour,DR,Dispensaire Rural,Soins primaires,"Soins de base,Soins d'urgence élémentaires"
Naour,Béni Mellal-Khénifra,Beni Mellal,Naour,CSR-2,Centre de Santé Rural niveau 2,Soins primaires,"Médecine générale,Soins de base,Vaccination,Soins infirmiers"
Tighboula,Béni Mellal-Khénifra,Beni Mellal,Dir El Ksiba,DR,Dispensaire Rural,Soins primaires,"Soins de base,Soins d'urgence élémentaires"
Taghzoute,Béni Mellal-Khénifra,Beni Mellal,Dir El Ksiba,DR,Dispensaire Rural,Soins primaires,"Soins de base,Soins d'urgence élémentaires"
Imhiouach,Béni Mellal-Khénifra,Beni Mellal,Dir El Ksiba,DR,Dispensaire Rural,Soins primaires,"Soins de base,Soins d'urgence élémentaires"
Gharm El Alem,Béni Mellal-Khénifra,Beni Mellal,Dir El Ksiba,CSR-1,Centre de Santé Rural niveau 1,Soins primaires,"Médecine générale,Soins de base,Vaccination,Soins infirmiers"
Ait Ikkou (Ait Ali Ouhammou),Béni Mellal-Khénifra,Beni Mellal,Dir El Ksiba,CSR-1,Centre de Santé Rural niveau 1,Soins primaires,"Médecine générale,Soins de base,Vaccination,Soins infirmiers"
Tibihit(Ait Oum L'bekht),Béni Mellal-Khénifra,Beni Mellal,Ait Oum El Bekht,CSR-1,Centre de Santé Rural niveau 1,Soins primaires,"Médecine générale,Soins de base,Vaccination,Soins infirmiers"
Fareata,Béni Mellal-Khénifra,Beni Mellal,Taghzirt,DR,Dispensaire Rural,Soins primaires,"Soins de base,Soins d'urgence élémentaires"
Tanougha,Béni Mellal-Khénifra,Beni Mellal,Tanougha,CSR-1,Centre de Santé Rural niveau 1,Soins primaires,"Médecine générale,Soins de base,Vaccination,Soins infirmiers"
Ouled Said Loued,Béni Mellal-Khénifra,Beni Mellal,Ouled Said L'Oued,CSR-2,Centre de Santé Rural niveau 2,Soins primaires,"Médecine générale,Soins de base,Vaccination,Soins infirmiers"
Ouled Youssef,Béni Mellal-Khénifra,Beni Mellal,Ouled Youssef,CSR-1,Centre de Santé Rural niveau 1,Soins primaires,"Médecine générale,Soins de base,Vaccination,Soins infirmiers"
Semguet,Béni Mellal-Khénifra,Beni Mellal,Semguet,DR,Dispensaire Rural,Soins primaires,"Soins de base,Soins d'urgence élémentaires"
Ait Rouadi,Béni Mellal-Khénifra,Beni Mellal,Semguet,DR,Dispensaire Rural,Soins primaires,"Soins de base,Soins d'urgence élémentaires"
Charikat Rbah,Béni Mellal-Khénifra,Beni Mellal,Semguet,CSR-1,Centre de Santé Rural niveau 1,Soins primaires,"Médecine générale,Soins de base,Vaccination,Soins infirmiers"
Guettaya,Béni Mellal-Khénifra,Beni Mellal,Guettaya,DR,Dispensaire Rural,Soins primaires,"Soins de base,Soins d'urgence élémentaires"
Kamoune,Béni Mellal-Khénifra,Beni Mellal,Guettaya,CSR-1,Centre de Santé Rural niveau 1,Soins primaires,"Médecine générale,Soins de base,Vaccination,Soins infirmiers"
Od SMAIL,Béni Mellal-Khénifra,Beni Mellal,Ouled Said L'Oued,DR,Dispensaire Rural,Soins primaires,"Soins de base,Soins d'urgence élémentaires"
Chtioui,Béni Mellal-Khénifra,Fkih Ben Saleh,Souk Sebt Ouled Nemma,CSU-1,Centre de Santé Urbain niveau 1,Soins primaires,"Médecine générale,Soins de base,Vaccination,Planning familial,Consultation infirmière"
Souk Sebt,Béni Mellal-Khénifra,Fkih Ben Saleh,Souk Sebt Ouled Nemma,CSU-1,Centre de Santé Urbain niveau 1,Soins primaires,"Médecine générale,Soins de base,Vaccination,Planning familial,Consultation infirmière"
Oulad Ayad,Béni Mellal-Khénifra,Fkih Ben Saleh,Ouled Ayad,CSU-2,Centre de Santé Urbain niveau 2,Soins primaires,"Médecine générale,Soins de base,Vaccination,Planning familial,Consultation infirmière"
Kouacem,Béni Mellal-Khénifra,Fkih Ben Saleh,Fquih Ben Salah,CSU-1,Centre de Santé Urbain niveau 1,Soins primaires,"Médecine générale,Soins de base,Vaccination,Planning familial,Consultation infirmière"
Jamila,Béni Mellal-Khénifra,Fkih Ben Saleh,Fquih Ben Salah,CSU-1,Centre de Santé Urbain niveau 1,Soins primaires,"Médecine générale,Soins de base,Vaccination,Planning familial,Consultation infirmière"
Ouled Sidi Chennane,Béni Mellal-Khénifra,Fkih Ben Saleh,Fquih Ben Salah,CSU-1,Centre de Santé Urbain niveau 1,Soins primaires,"Médecine générale,Soins de base,Vaccination,Planning familial,Consultation infirmière"
Fquih Ben Saleh,Béni Mellal-Khénifra,Fkih Ben Saleh,Fquih Ben Salah,CRSR,Centre de Référence en Santé de Reproduction,Soins primaires,"Gynécologie,Santé de la reproduction,Planification familiale,Maternité"
Rouajeh,Béni Mellal-Khénifra,Fkih Ben Saleh,Ouled Bourahmoune,DR,Dispensaire Rural,Soins primaires,"Soins de base,Soins d'urgence élémentaires"
Od ZMAME,Béni Mellal-Khénifra,Fkih Ben Saleh,Ouled Zmam,CSR-2,Centre de Santé Rural niveau 2,Soins primaires,"Médecine générale,Soins de base,Vaccination,Soins infirmiers"
Bouaker,Béni Mellal-Khénifra,Fkih Ben Saleh,Ouled Zmam,DR,Dispensaire Rural,Soins primaires,"Soins de base,Soins d'urgence élémentaires"
Lamrabta,Béni Mellal-Khénifra,Fkih Ben Saleh,Ouled Zmam,DR,Dispensaire Rural,Soins primaires,"Soins de base,Soins d'urgence élémentaires"
Od BOUAZZA,Béni Mellal-Khénifra,Fkih Ben Saleh,Ouled Bourahmoune,CSR-1,Centre de Santé Rural niveau 1,Soins primaires,"Médecine générale,Soins de base,Vaccination,Soins infirmiers"
Krazza,Béni Mellal-Khénifra,Fkih Ben Saleh,Sidi Hammadi,DR,Dispensaire Rural,Soins primaires,"Soins de base,Soins d'urgence élémentaires"
Od HAMMOU,Béni Mellal-Khénifra,Fkih Ben Saleh,Sidi Hammadi,DR,Dispensaire Rural,Soins primaires,"Soins de base,Soins d'urgence élémentaires"
Sidi Hammadi,Béni Mellal-Khénifra,Fkih Ben Saleh,Sidi Hammadi,CSR-2,Centre de Santé Rural niveau 2,Soins primaires,"Médecine générale,Soins de base,Vaccination,Soins infirmiers"
Ouled Bourahmoun,Béni Mellal-Khénifra,Fkih Ben Saleh,Ouled Bourahmoune,DR,Dispensaire Rural,Soins primaires,"Soins de base,Soins d'urgence élémentaires"
S. Aissa Ben Ali,Béni Mellal-Khénifra,Fkih Ben Saleh,Sidi Aissa Ben Ali,CSR-2,Centre de Santé Rural niveau 2,Soins primaires,"Médecine générale,Soins de base,Vaccination,Soins infirmiers"
Ouled Mrah,Béni Mellal-Khénifra,Fkih Ben Saleh,Sidi Aissa Ben Ali,DR,Dispensaire Rural,Soins primaires,"Soins de base,Soins d'urgence élémentaires"
Ouled Slimane,Béni Mellal-Khénifra,Fkih Ben Saleh,Ouled Bourahmoune,DR,Dispensaire Rural,Soins primaires,"Soins de base,Soins d'urgence élémentaires"
Lahlalma,Béni Mellal-Khénifra,Fkih Ben Saleh,Bradia,DR,Dispensaire Rural,Soins primaires,"Soins de base,Soins d'urgence élémentaires"
Ait Larbi Soussi,Béni Mellal-Khénifra,Fkih Ben Saleh,Krifate,DR,Dispensaire Rural,Soins primaires,"Soins de base,Soins d'urgence élémentaires"
Ouled Boukhadou,Béni Mellal-Khénifra,Fkih Ben Saleh,Krifate,DR,Dispensaire Rural,Soins primaires,"Soins de base,Soins d'urgence élémentaires"
Ouled Yahya,Béni Mellal-Khénifra,Fkih Ben Saleh,Krifate,DR,Dispensaire Rural,Soins primaires,"Soins de base,Soins d'urgence élémentaires"
Ouled Abdoune,Béni Mellal-Khénifra,Fkih Ben Saleh,Krifate,DR,Dispensaire Rural,Soins primaires,"Soins de base,Soins d'urgence élémentaires"
Ouled Ayoub,Béni Mellal-Khénifra,Fkih Ben Saleh,Hel Merbaa,DR,Dispensaire Rural,Soins primaires,"Soins de base,Soins d'urgence élémentaires"
Krifate,Béni Mellal-Khénifra,Fkih Ben Saleh,Krifate,CSR-1,Centre de Santé Rural niveau 1,Soins primaires,"Médecine générale,Soins de base,Vaccination,Soins infirmiers"
Hel Merbaa,Béni Mellal-Khénifra,Fkih Ben Saleh,Hel Merbaa,CSR-1,Centre de Santé Rural niveau 1,Soins primaires,"Médecine générale,Soins de base,Vaccination,Soins infirmiers"
Od RGUIA,Béni Mellal-Khénifra,Fkih Ben Saleh,Hel Merbaa,DR,Dispensaire Rural,Soins primaires,"Soins de base,Soins d'urgence élémentaires"
Od YAALA,Béni Mellal-Khénifra,Fkih Ben Saleh,Hel Merbaa,DR,Dispensaire Rural,Soins primaires,"Soins de base,Soins d'urgence élémentaires"
Oulad Hassoun,Béni Mellal-Khénifra,Fkih Ben Saleh,Khalfia,CSR-1,Centre de Santé Rural niveau 1,Soins primaires,"Médecine générale,Soins de base,Vaccination,Soins infirmiers"
Oulad Abdellah,Béni Mellal-Khénifra,Fkih Ben Saleh,Khalfia,CSR-2,Centre de Santé Rural niveau 2,Soins primaires,"Médecine générale,Soins de base,Vaccination,Soins infirmiers"
Od NEJAA,Béni Mellal-Khénifra,Fkih Ben Saleh,Khalfia,DR,Dispensaire Rural,Soins primaires,"Soins de base,Soins d'urgence élémentaires"
Chorfa,Béni Mellal-Khénifra,Fkih Ben Saleh,Khalfia,DR,Dispensaire Rural,Soins primaires,"Soins de base,Soins d'urgence élémentaires"
Bni Chegdale,Béni Mellal-Khénifra,Fkih Ben Saleh,Bni Chegdale,CSR-1,Centre de Santé Rural niveau 1,Soins primaires,"Médecine générale,Soins de base,Vaccination,Soins infirmiers"
Od ALI DHIRATE,Béni Mellal-Khénifra,Fkih Ben Saleh,Bni Chegdale,DR,Dispensaire Rural,Soins primaires,"Soins de base,Soins d'urgence élémentaires"
Bni Oukil,Béni Mellal-Khénifra,Fkih Ben Saleh,Bni Oukil,CSR-2,Centre de Santé Rural niveau 2,Soins primaires,"Médecine générale,Soins de base,Vaccination,Soins infirmiers"
Jbala,Béni Mellal-Khénifra,Fkih Ben Saleh,Bni Oukil,DR,Dispensaire Rural,Soins primaires,"Soins de base,Soins d'urgence élémentaires"
Krarma (Chhoub),Béni Mellal-Khénifra,Fkih Ben Saleh,Bni Oukil,DR,Dispensaire Rural,Soins primaires,"Soins de base,Soins d'urgence élémentaires"
Od ZIANE,Béni Mellal-Khénifra,Fkih Ben Saleh,Bni Oukil,DR,Dispensaire Rural,Soins primaires,"Soins de base,Soins d'urgence élémentaires"
Od Ahmed,Béni Mellal-Khénifra,Fkih Ben Saleh,Bni Oukil,DR,Dispensaire Rural,Soins primaires,"Soins de base,Soins d'urgence élémentaires"
Bradia,Béni Mellal-Khénifra,Fkih Ben Saleh,Bradia,CSR-2,Centre de Santé Rural niveau 2,Soins primaires,"Médecine générale,Soins de base,Vaccination,Soins infirmiers"
Od ALI EL OUED,Béni Mellal-Khénifra,Fkih Ben Saleh,Bradia,CSR-1,Centre de Santé Rural niveau 1,Soins primaires,"Médecine générale,Soins de base,Vaccination,Soins infirmiers"
Od DRISS,Béni Mellal-Khénifra,Fkih Ben Saleh,Bradia,DR,Dispensaire Rural,Soins primaires,"Soins de base,Soins d'urgence élémentaires"
Hal Souss,Béni Mellal-Khénifra,Fkih Ben Saleh,Bradia,DR,Dispensaire Rural,Soins primaires,"Soins de base,Soins d'urgence élémentaires"
Tarmest,Béni Mellal-Khénifra,Fkih Ben Saleh,Had Boumoussa,DR,Dispensaire Rural,Soins primaires,"Soins de base,Soins d'urgence élémentaires"
Khlalta,Béni Mellal-Khénifra,Fkih Ben Saleh,Ouled Nacer,DR,Dispensaire Rural,Soins primaires,"Soins de base,Soins d'urgence élémentaires"
Lamrabtia,Béni Mellal-Khénifra,Fkih Ben Saleh,Had Boumoussa,DR,Dispensaire Rural,Soins primaires,"Soins de base,Soins d'urgence élémentaires"
Ouled Barkat,Béni Mellal-Khénifra,Fkih Ben Saleh,Had Boumoussa,DR,Dispensaire Rural,Soins primaires,"Soins de base,Soins d'urgence élémentaires"
Ait Rami,Béni Mellal-Khénifra,Fkih Ben Saleh,Ouled Nacer,CSR-1,Centre de Santé Rural niveau 1,Soins primaires,"Médecine générale,Soins de base,Vaccination,Soins infirmiers"
Od ILLOUL,Béni Mellal-Khénifra,Fkih Ben Saleh,Ouled Nacer,CSR-1,Centre de Santé Rural niveau 1,Soins primaires,"Médecine générale,Soins de base,Vaccination,Soins infirmiers"
Takhssait,Béni Mellal-Khénifra,Fkih Ben Saleh,Ouled Nacer,DR,Dispensaire Rural,Soins primaires,"Soins de base,Soins d'urgence élémentaires"
Ouled Aissa Oued,Béni Mellal-Khénifra,Fkih Ben Saleh,Had Boumoussa,DR,Dispensaire Rural,Soins primaires,"Soins de base,Soins d'urgence élémentaires"
Ouzzif,Béni Mellal-Khénifra,Fkih Ben Saleh,Dar Ould Zidouh,DR,Dispensaire Rural,Soins primaires,"Soins de base,Soins d'urgence élémentaires"
Oulad Rahhou,Béni Mellal-Khénifra,Fkih Ben Saleh,Had Boumoussa,CSR-1,Centre de Santé Rural niveau 1,Soins primaires,"Médecine générale,Soins de base,Vaccination,Soins infirmiers"
Dar Ouald Zidouh,Béni Mellal-Khénifra,Fkih Ben Saleh,Dar Ould Zidouh,CSR-2,Centre de Santé Rural niveau 2,Soins primaires,"Médecine générale,Soins de base,Vaccination,Soins infirmiers"
Lahlaf,Béni Mellal-Khénifra,Fkih Ben Saleh,Dar Ould Zidouh,DR,Dispensaire Rural,Soins primaires,"Soins de base,Soins d'urgence élémentaires"
Lamgharir,Béni Mellal-Khénifra,Fkih Ben Saleh,Dar Ould Zidouh,DR,Dispensaire Rural,Soins primaires,"Soins de base,Soins d'urgence élémentaires"
Had Boumoussa,Béni Mellal-Khénifra,Fkih Ben Saleh,Had Boumoussa,CSR-2,Centre de Santé Rural niveau 2,Soins primaires,"Médecine générale,Soins de base,Vaccination,Soins infirmiers"
Oulad Mbarek,Béni Mellal-Khénifra,Fkih Ben Saleh,Had Boumoussa,DR,Dispensaire Rural,Soins primaires,"Soins de base,Soins d'urgence élémentaires"
Khénifra,Béni Mellal-Khénifra,Khenifra,Khenifra,CDTMR,Centre de Diagnostic et de Traitement des Maladies Respiratoires,Soins primaires,"Pneumologie,Maladies respiratoires,Tuberculose,CDTMR"
Khenifra(Hôpital),Béni Mellal-Khénifra,Khenifra,Khenifra,LSP,Laboratoire de Santé Publique,Soins primaires,Laboratoire d'analyses médicales
Hassan II,Béni Mellal-Khénifra,Khenifra,Khenifra,CSU-2,Centre de Santé Urbain niveau 2,Soins primaires,"Médecine générale,Soins de base,Vaccination,Planning familial,Consultation infirmière"
Assaka,Béni Mellal-Khénifra,Khenifra,Khenifra,CSU-1,Centre de Santé Urbain niveau 1,Soins primaires,"Médecine générale,Soins de base,Vaccination,Planning familial,Consultation infirmière"
Hamria,Béni Mellal-Khénifra,Khenifra,Khenifra,CSU-1,Centre de Santé Urbain niveau 1,Soins primaires,"Médecine générale,Soins de base,Vaccination,Planning familial,Consultation infirmière"
Ennassim (Khenifra),Béni Mellal-Khénifra,Khenifra,Khenifra,CSU-1,Centre de Santé Urbain niveau 1,Soins primaires,"Médecine générale,Soins de base,Vaccination,Planning familial,Consultation infirmière"
Q.Administratif,Béni Mellal-Khénifra,Khenifra,Khenifra,CSU-2,Centre de Santé Urbain niveau 2,Soins primaires,"Médecine générale,Soins de base,Vaccination,Planning familial,Consultation infirmière"
Tiallaline,Béni Mellal-Khénifra,Khenifra,Khenifra,CSU-1,Centre de Santé Urbain niveau 1,Soins primaires,"Médecine générale,Soins de base,Vaccination,Planning familial,Consultation infirmière"
Mrirt,Béni Mellal-Khénifra,Khenifra,M'Rirt,CSU-1,Centre de Santé Urbain niveau 1,Soins primaires,"Médecine générale,Soins de base,Vaccination,Planning familial,Consultation infirmière"
Quartier Aqministratif,Béni Mellal-Khénifra,Khenifra,M'Rirt,CSU-1,Centre de Santé Urbain niveau 1,Soins primaires,"Médecine générale,Soins de base,Vaccination,Planning familial,Consultation infirmière"
Amalou I,Béni Mellal-Khénifra,Khenifra,Khenifra,CSU-2,Centre de Santé Urbain niveau 2,Soins primaires,"Médecine générale,Soins de base,Vaccination,Planning familial,Consultation infirmière"
La Cierie (Amalou Ii),Béni Mellal-Khénifra,Khenifra,Khenifra,CSU-1,Centre de Santé Urbain niveau 1,Soins primaires,"Médecine générale,Soins de base,Vaccination,Planning familial,Consultation infirmière"
Centre de Référence et de la Santé Reproductive,Béni Mellal-Khénifra,Khenifra,Khenifra,CRSR,Centre de Référence en Santé de Reproduction,Soins primaires,"Gynécologie,Santé de la reproduction,Planification familiale,Maternité"
El Kbab,Béni Mellal-Khénifra,Khenifra,El Kbab,CSR-2,Centre de Santé Rural niveau 2,Soins primaires,"Médecine générale,Soins de base,Vaccination,Soins infirmiers"
Maammar,Béni Mellal-Khénifra,Khenifra,Ait Ishaq,DR,Dispensaire Rural,Soins primaires,"Soins de base,Soins d'urgence élémentaires"
Ouaoumana,Béni Mellal-Khénifra,Khenifra,Ouaoumana,CSR-2,Centre de Santé Rural niveau 2,Soins primaires,"Médecine générale,Soins de base,Vaccination,Soins infirmiers"
Ait Ishaq,Béni Mellal-Khénifra,Khenifra,Ait Ishaq,CSR-2,Centre de Santé Rural niveau 2,Soins primaires,"Médecine générale,Soins de base,Vaccination,Soins infirmiers"
Aourach,Béni Mellal-Khénifra,Khenifra,Ouaoumana,DR,Dispensaire Rural,Soins primaires,"Soins de base,Soins d'urgence élémentaires"
Kerrouchen,Béni Mellal-Khénifra,Khenifra,Kerrouchen,CSR-1,Centre de Santé Rural niveau 1,Soins primaires,"Médecine générale,Soins de base,Vaccination,Soins infirmiers"
Tamakaidoute,Béni Mellal-Khénifra,Khenifra,Ait Saadelli,CSR-1,Centre de Santé Rural niveau 1,Soins primaires,"Médecine générale,Soins de base,Vaccination,Soins infirmiers"
Timdghass,Béni Mellal-Khénifra,Khenifra,Tighassaline,DR,Dispensaire Rural,Soins primaires,"Soins de base,Soins d'urgence élémentaires"
S.Yahya Ou Saad,Béni Mellal-Khénifra,Khenifra,Sidi Yahya Ou Saad,CSR-1,Centre de Santé Rural niveau 1,Soins primaires,"Médecine générale,Soins de base,Vaccination,Soins infirmiers"
Tighassaline,Béni Mellal-Khénifra,Khenifra,Tighassaline,CSR-2,Centre de Santé Rural niveau 2,Soins primaires,"Médecine générale,Soins de base,Vaccination,Soins infirmiers"
Ajdir,Béni Mellal-Khénifra,Khenifra,Aguelmam Azegza,CSR-1,Centre de Santé Rural niveau 1,Soins primaires,"Médecine générale,Soins de base,Vaccination,Soins infirmiers"
Sidi Bouabbad,Béni Mellal-Khénifra,Khenifra,Sidi Lamine,DR,Dispensaire Rural,Soins primaires,"Soins de base,Soins d'urgence élémentaires"
Kaf N'sour,Béni Mellal-Khénifra,Khenifra,Sidi Lamine,CSR-2,Centre de Santé Rural niveau 2,Soins primaires,"Médecine générale,Soins de base,Vaccination,Soins infirmiers"
Sidi Amar,Béni Mellal-Khénifra,Khenifra,Sidi Amar,CSR-1,Centre de Santé Rural niveau 1,Soins primaires,"Médecine générale,Soins de base,Vaccination,Soins infirmiers"
Taabit,Béni Mellal-Khénifra,Khenifra,Moha Ou Hammou Zayani,CSR-1,Centre de Santé Rural niveau 1,Soins primaires,"Médecine générale,Soins de base,Vaccination,Soins infirmiers"
Jnan Amass,Béni Mellal-Khénifra,Khenifra,Aguelmam Azegza,DR,Dispensaire Rural,Soins primaires,"Soins de base,Soins d'urgence élémentaires"
Lehri,Béni Mellal-Khénifra,Khenifra,Lehri,CSR-1,Centre de Santé Rural niveau 1,Soins primaires,"Médecine générale,Soins de base,Vaccination,Soins infirmiers"
Taskarte,Béni Mellal-Khénifra,Khenifra,Lehri,DR,Dispensaire Rural,Soins primaires,"Soins de base,Soins d'urgence élémentaires"
El Borj,Béni Mellal-Khénifra,Khenifra,El Borj,CSR-1,Centre de Santé Rural niveau 1,Soins primaires,"Médecine générale,Soins de base,Vaccination,Soins infirmiers"
Arrougou,Béni Mellal-Khénifra,Khenifra,Aguelmam Azegza,DR,Dispensaire Rural,Soins primaires,"Soins de base,Soins d'urgence élémentaires"
Sebt Ait Rahou,Béni Mellal-Khénifra,Khenifra,Sebt Ait Rahou,CSR-1,Centre de Santé Rural niveau 1,Soins primaires,"Médecine générale,Soins de base,Vaccination,Soins infirmiers"
My BOUAZZA,Béni Mellal-Khénifra,Khenifra,Moulay Bouazza,CSR-2,Centre de Santé Rural niveau 2,Soins primaires,"Médecine générale,Soins de base,Vaccination,Soins infirmiers"
S.M'hamed M'barek,Béni Mellal-Khénifra,Khenifra,Had Bouhssoussen,DR,Dispensaire Rural,Soins primaires,"Soins de base,Soins d'urgence élémentaires"
Aouinate,Béni Mellal-Khénifra,Khenifra,Had Bouhssoussen,DR,Dispensaire Rural,Soins primaires,"Soins de base,Soins d'urgence élémentaires"
Had Bouhssoussen,Béni Mellal-Khénifra,Khenifra,Had Bouhssoussen,CSR-1,Centre de Santé Rural niveau 1,Soins primaires,"Médecine générale,Soins de base,Vaccination,Soins infirmiers"
Ait Ouahaba,Béni Mellal-Khénifra,Khenifra,Oum Rabia,DR,Dispensaire Rural,Soins primaires,"Soins de base,Soins d'urgence élémentaires"
Tanafnite,Béni Mellal-Khénifra,Khenifra,Oum Rabia,CSR-1,Centre de Santé Rural niveau 1,Soins primaires,"Médecine générale,Soins de base,Vaccination,Soins infirmiers"
Bouchbel,Béni Mellal-Khénifra,Khenifra,El Hammam,DR,Dispensaire Rural,Soins primaires,"Soins de base,Soins d'urgence élémentaires"
Tnine Ait Boukhayou,Béni Mellal-Khénifra,Khenifra,Sebt Ait Rahou,DR,Dispensaire Rural,Soins primaires,"Soins de base,Soins d'urgence élémentaires"
Tighza,Béni Mellal-Khénifra,Khenifra,El Hammam,CSR-1,Centre de Santé Rural niveau 1,Soins primaires,"Médecine générale,Soins de base,Vaccination,Soins infirmiers"
Guerttla,Béni Mellal-Khénifra,Khenifra,El Hammam,DR,Dispensaire Rural,Soins primaires,"Soins de base,Soins d'urgence élémentaires"
Ziar,Béni Mellal-Khénifra,Khenifra,Aguelmous,CSR-1,Centre de Santé Rural niveau 1,Soins primaires,"Médecine générale,Soins de base,Vaccination,Soins infirmiers"
Lagouida,Béni Mellal-Khénifra,Khenifra,Sidi Hcine,CSR-1,Centre de Santé Rural niveau 1,Soins primaires,"Médecine générale,Soins de base,Vaccination,Soins infirmiers"
Ait Kassou,Béni Mellal-Khénifra,Khenifra,Aguelmous,DR,Dispensaire Rural,Soins primaires,"Soins de base,Soins d'urgence élémentaires"
Aguelmous,Béni Mellal-Khénifra,Khenifra,Aguelmous,CSR-2,Centre de Santé Rural niveau 2,Soins primaires,"Médecine générale,Soins de base,Vaccination,Soins infirmiers"
El Hammam,Béni Mellal-Khénifra,Khenifra,El Hammam,DR,Dispensaire Rural,Soins primaires,"Soins de base,Soins d'urgence élémentaires"
Moulay Hassan Bejaad,Béni Mellal-Khénifra,Khouribga,Bejaad,CSU-2,Centre de Santé Urbain niveau 2,Soins primaires,"Médecine générale,Soins de base,Vaccination,Planning familial,Consultation infirmière"
Khouribga,Béni Mellal-Khénifra,Khouribga,Khouribga,LSP,Laboratoire de Santé Publique,Soins primaires,Laboratoire d'analyses médicales
Boujniba,Béni Mellal-Khénifra,Khouribga,Boujniba,CSU-2,Centre de Santé Urbain niveau 2,Soins primaires,"Médecine générale,Soins de base,Vaccination,Planning familial,Consultation infirmière"
Hattane,Béni Mellal-Khénifra,Khouribga,Hattane,CSU-2,Centre de Santé Urbain niveau 2,Soins primaires,"Médecine générale,Soins de base,Vaccination,Planning familial,Consultation infirmière"
El Fath-Khouribga,Béni Mellal-Khénifra,Khouribga,Khouribga,CSU-1,Centre de Santé Urbain niveau 1,Soins primaires,"Médecine générale,Soins de base,Vaccination,Planning familial,Consultation infirmière"
Ibn Abdoune,Béni Mellal-Khénifra,Khouribga,Khouribga,CSU-1,Centre de Santé Urbain niveau 1,Soins primaires,"Médecine générale,Soins de base,Vaccination,Planning familial,Consultation infirmière"
My Youssef-Khouribga,Béni Mellal-Khénifra,Khouribga,Khouribga,CSU-2,Centre de Santé Urbain niveau 2,Soins primaires,"Médecine générale,Soins de base,Vaccination,Planning familial,Consultation infirmière"
El Massira Khouribga,Béni Mellal-Khénifra,Khouribga,Khouribga,CSU-1,Centre de Santé Urbain niveau 1,Soins primaires,"Médecine générale,Soins de base,Vaccination,Planning familial,Consultation infirmière"
Al Quods,Béni Mellal-Khénifra,Khouribga,Khouribga,CSU-1,Centre de Santé Urbain niveau 1,Soins primaires,"Médecine générale,Soins de base,Vaccination,Planning familial,Consultation infirmière"
Zaytoun,Béni Mellal-Khénifra,Khouribga,Khouribga,CSU-1,Centre de Santé Urbain niveau 1,Soins primaires,"Médecine générale,Soins de base,Vaccination,Planning familial,Consultation infirmière"
Yasmine,Béni Mellal-Khénifra,Khouribga,Khouribga,CSU-2,Centre de Santé Urbain niveau 2,Soins primaires,"Médecine générale,Soins de base,Vaccination,Planning familial,Consultation infirmière"
El Fath-Oued Zem,Béni Mellal-Khénifra,Khouribga,Oued Zem,CSU-1,Centre de Santé Urbain niveau 1,Soins primaires,"Médecine générale,Soins de base,Vaccination,Planning familial,Consultation infirmière"
20 Aout Oued Zem,Béni Mellal-Khénifra,Khouribga,Oued Zem,CSU-2,Centre de Santé Urbain niveau 2,Soins primaires,"Médecine générale,Soins de base,Vaccination,Planning familial,Consultation infirmière"
20 Aout - Bejaad,Béni Mellal-Khénifra,Khouribga,Bejaad,CSU-1,Centre de Santé Urbain niveau 1,Soins primaires,"Médecine générale,Soins de base,Vaccination,Planning familial,Consultation infirmière"
Khouribga,Béni Mellal-Khénifra,Khouribga,Khouribga,CDTMR,Centre de Diagnostic et de Traitement des Maladies Respiratoires,Soins primaires,"Pneumologie,Maladies respiratoires,Tuberculose,CDTMR"
khouribgua,Béni Mellal-Khénifra,Khouribga,Khouribga,CRSR,Centre de Référence en Santé de Reproduction,Soins primaires,"Gynécologie,Santé de la reproduction,Planification familiale,Maternité"
Al Massira Oued Zem,Béni Mellal-Khénifra,Khouribga,Oued Zem,CSU-1,Centre de Santé Urbain niveau 1,Soins primaires,"Médecine générale,Soins de base,Vaccination,Planning familial,Consultation infirmière"
Tachrafat,Béni Mellal-Khénifra,Khouribga,Tachraft,CSR-1,Centre de Santé Rural niveau 1,Soins primaires,"Médecine générale,Soins de base,Vaccination,Soins infirmiers"
Ain Kaicher,Béni Mellal-Khénifra,Khouribga,Ain Kaicher,CSR-1,Centre de Santé Rural niveau 1,Soins primaires,"Médecine générale,Soins de base,Vaccination,Soins infirmiers"
Bni Zrantel,Béni Mellal-Khénifra,Khouribga,Bni Zrantel,CSR-1,Centre de Santé Rural niveau 1,Soins primaires,"Médecine générale,Soins de base,Vaccination,Soins infirmiers"
Boukhrisse,Béni Mellal-Khénifra,Khouribga,Boukhrisse,CSR-1,Centre de Santé Rural niveau 1,Soins primaires,"Médecine générale,Soins de base,Vaccination,Soins infirmiers"
Oulad Gouaouch,Béni Mellal-Khénifra,Khouribga,Oulad Gouaouch,CSR-1,Centre de Santé Rural niveau 1,Soins primaires,"Médecine générale,Soins de base,Vaccination,Soins infirmiers"
Bni Batao,Béni Mellal-Khénifra,Khouribga,Bni Bataou,CSR-2,Centre de Santé Rural niveau 2,Soins primaires,"Médecine générale,Soins de base,Vaccination,Soins infirmiers"
Chougrane,Béni Mellal-Khénifra,Khouribga,Chougrane,CSR-2,Centre de Santé Rural niveau 2,Soins primaires,"Médecine générale,Soins de base,Vaccination,Soins infirmiers"
Gaara,Béni Mellal-Khénifra,Khouribga,Chougrane,DR,Dispensaire Rural,Soins primaires,"Soins de base,Soins d'urgence élémentaires"
Rouached,Béni Mellal-Khénifra,Khouribga,Rouached,CSR-1,Centre de Santé Rural niveau 1,Soins primaires,"Médecine générale,Soins de base,Vaccination,Soins infirmiers"
Lagfaf,Béni Mellal-Khénifra,Khouribga,Lagfaf,CSR-2,Centre de Santé Rural niveau 2,Soins primaires,"Médecine générale,Soins de base,Vaccination,Soins infirmiers"
Bir Mezoui,Béni Mellal-Khénifra,Khouribga,Bir Mezoui,CSR-2,Centre de Santé Rural niveau 2,Soins primaires,"Médecine générale,Soins de base,Vaccination,Soins infirmiers"
M'fassis,Béni Mellal-Khénifra,Khouribga,M'Fassis,CSR-1,Centre de Santé Rural niveau 1,Soins primaires,"Médecine générale,Soins de base,Vaccination,Soins infirmiers"
Oulad Abdoune,Béni Mellal-Khénifra,Khouribga,Oulad Abdoune,CSR-1,Centre de Santé Rural niveau 1,Soins primaires,"Médecine générale,Soins de base,Vaccination,Soins infirmiers"
khmisse Oulad Azzouz,Béni Mellal-Khénifra,Khouribga,Oulad Azzouz,CSR-1,Centre de Santé Rural niveau 1,Soins primaires,"Médecine générale,Soins de base,Vaccination,Soins infirmiers"
Tlet Od Azzouz,Béni Mellal-Khénifra,Khouribga,Oulad Azzouz,CSR-2,Centre de Santé Rural niveau 2,Soins primaires,"Médecine générale,Soins de base,Vaccination,Soins infirmiers"
Foum Tizi (Od Driss),Béni Mellal-Khénifra,Khouribga,Oulad Azzouz,DR,Dispensaire Rural,Soins primaires,"Soins de base,Soins d'urgence élémentaires"
El Foqra,Béni Mellal-Khénifra,Khouribga,El Foqra,CSR-1,Centre de Santé Rural niveau 1,Soins primaires,"Médecine générale,Soins de base,Vaccination,Soins infirmiers"
Boulanouare,Béni Mellal-Khénifra,Khouribga,Bulanouare,CSR-1,Centre de Santé Rural niveau 1,Soins primaires,"Médecine générale,Soins de base,Vaccination,Soins infirmiers"
Bni Ykhlef,Béni Mellal-Khénifra,Khouribga,Bni Ykhlef,CSR-1,Centre de Santé Rural niveau 1,Soins primaires,"Médecine générale,Soins de base,Vaccination,Soins infirmiers"
Ain Kahla,Béni Mellal-Khénifra,Khouribga,Bni Ykhlef,DR,Dispensaire Rural,Soins primaires,"Soins de base,Soins d'urgence élémentaires"
Oulad Boughadi,Béni Mellal-Khénifra,Khouribga,Oulad Boughadi,CSR-2,Centre de Santé Rural niveau 2,Soins primaires,"Médecine générale,Soins de base,Vaccination,Soins infirmiers"
Ait Ammar,Béni Mellal-Khénifra,Khouribga,Ait Ammar,CSR-1,Centre de Santé Rural niveau 1,Soins primaires,"Médecine générale,Soins de base,Vaccination,Soins infirmiers"
Bni Smir,Béni Mellal-Khénifra,Khouribga,Bni Smir,CSR-2,Centre de Santé Rural niveau 2,Soins primaires,"Médecine générale,Soins de base,Vaccination,Soins infirmiers"
Lourada,Béni Mellal-Khénifra,Khouribga,Bni Smir,DR,Dispensaire Rural,Soins primaires,"Soins de base,Soins d'urgence élémentaires"
Oulad Bouali,Béni Mellal-Khénifra,Khouribga,Bni Smir,DR,Dispensaire Rural,Soins primaires,"Soins de base,Soins d'urgence élémentaires"
Braksa,Béni Mellal-Khénifra,Khouribga,Braksa,CSR-1,Centre de Santé Rural niveau 1,Soins primaires,"Médecine générale,Soins de base,Vaccination,Soins infirmiers"
Troch,Béni Mellal-Khénifra,Khouribga,Kasbat Troch,CSR-1,Centre de Santé Rural niveau 1,Soins primaires,"Médecine générale,Soins de base,Vaccination,Soins infirmiers"
Maadna,Béni Mellal-Khénifra,Khouribga,Maadna,CSR-2,Centre de Santé Rural niveau 2,Soins primaires,"Médecine générale,Soins de base,Vaccination,Soins infirmiers"
Lghaba,Béni Mellal-Khénifra,Khouribga,Maadna,DR,Dispensaire Rural,Soins primaires,"Soins de base,Soins d'urgence élémentaires"
Oulad Aissa,Béni Mellal-Khénifra,Khouribga,Oulad Aissa,CSR-1,Centre de Santé Rural niveau 1,Soins primaires,"Médecine générale,Soins de base,Vaccination,Soins infirmiers"
Oulad Fennane,Béni Mellal-Khénifra,Khouribga,Oulad Fennane,CSR-1,Centre de Santé Rural niveau 1,Soins primaires,"Médecine générale,Soins de base,Vaccination,Soins infirmiers"
Ait Abdeslam,Béni Mellal-Khénifra,Khouribga,Oulad Fennane,DR,Dispensaire Rural,Soins primaires,"Soins de base,Soins d'urgence élémentaires"
Rouamech,Béni Mellal-Khénifra,Khouribga,Oulad Fennane,DR,Dispensaire Rural,Soins primaires,"Soins de base,Soins d'urgence élémentaires"
Lagnadiz,Béni Mellal-Khénifra,Khouribga,Lagnadiz,CSR-1,Centre de Santé Rural niveau 1,Soins primaires,"Médecine générale,Soins de base,Vaccination,Soins infirmiers"
Oulad Ftata,Béni Mellal-Khénifra,Khouribga,Oulad Ftata,CSR-1,Centre de Santé Rural niveau 1,Soins primaires,"Médecine générale,Soins de base,Vaccination,Soins infirmiers"
Benslimane,Casablanca-Settat,Benslimane,Benslimane,CDTMR,Centre de Diagnostic et de Traitement des Maladies Respiratoires,Soins primaires,"Pneumologie,Maladies respiratoires,Tuberculose,CDTMR"
Hay Mohammadi,Casablanca-Settat,Benslimane,Benslimane,CSU-1,Centre de Santé Urbain niveau 1,Soins primaires,"Médecine générale,Soins de base,Vaccination,Planning familial,Consultation infirmière"
Benslimane,Casablanca-Settat,Benslimane,Benslimane,CRSR,Centre de Référence en Santé de Reproduction,Soins primaires,"Gynécologie,Santé de la reproduction,Planification familiale,Maternité"
Benchaqchaq,Casablanca-Settat,Benslimane,El Mansouria,CSU-1,Centre de Santé Urbain niveau 1,Soins primaires,"Médecine générale,Soins de base,Vaccination,Planning familial,Consultation infirmière"
Chatbia,Casablanca-Settat,Benslimane,El Mansouria,CSU-1,Centre de Santé Urbain niveau 1,Soins primaires,"Médecine générale,Soins de base,Vaccination,Planning familial,Consultation infirmière"
Bouznika,Casablanca-Settat,Benslimane,Bouznika,CSU-2,Centre de Santé Urbain niveau 2,Soins primaires,"Médecine générale,Soins de base,Vaccination,Planning familial,Consultation infirmière"
Hay Hassani (Hay Farah),Casablanca-Settat,Benslimane,Benslimane,CSU-1,Centre de Santé Urbain niveau 1,Soins primaires,"Médecine générale,Soins de base,Vaccination,Planning familial,Consultation infirmière"
Benslimane,Casablanca-Settat,Benslimane,Benslimane,CSU-2,Centre de Santé Urbain niveau 2,Soins primaires,"Médecine générale,Soins de base,Vaccination,Planning familial,Consultation infirmière"
Tilal,Casablanca-Settat,Benslimane,El Mansouria,CSU-1,Centre de Santé Urbain niveau 1,Soins primaires,"Médecine générale,Soins de base,Vaccination,Planning familial,Consultation infirmière"
El Mansouria,Casablanca-Settat,Benslimane,El Mansouria,CSU-1,Centre de Santé Urbain niveau 1,Soins primaires,"Médecine générale,Soins de base,Vaccination,Planning familial,Consultation infirmière"
Had Krassi,Casablanca-Settat,Benslimane,Ain Tizgha,CSR-1,Centre de Santé Rural niveau 1,Soins primaires,"Médecine générale,Soins de base,Vaccination,Soins infirmiers"
Ziaida,Casablanca-Settat,Benslimane,Ziaida,CSR-1,Centre de Santé Rural niveau 1,Soins primaires,"Médecine générale,Soins de base,Vaccination,Soins infirmiers"
MOUALINE EL GHABA,Casablanca-Settat,Benslimane,Ain Tizgha,CSR-1,Centre de Santé Rural niveau 1,Soins primaires,"Médecine générale,Soins de base,Vaccination,Soins infirmiers"
Laayoune,Casablanca-Settat,Benslimane,Ain Tizgha,CSR-1,Centre de Santé Rural niveau 1,Soins primaires,"Médecine générale,Soins de base,Vaccination,Soins infirmiers"
Toualaa,Casablanca-Settat,Benslimane,Oulad Ali Toualaa,CSR-1,Centre de Santé Rural niveau 1,Soins primaires,"Médecine générale,Soins de base,Vaccination,Soins infirmiers"
Mellila,Casablanca-Settat,Benslimane,Mellila,CSR-2,Centre de Santé Rural niveau 2,Soins primaires,"Médecine générale,Soins de base,Vaccination,Soins infirmiers"
Od YAHIA LOUTA,Casablanca-Settat,Benslimane,Oulad Yahya Louta,CSR-1,Centre de Santé Rural niveau 1,Soins primaires,"Médecine générale,Soins de base,Vaccination,Soins infirmiers"
Moualine L'oued,Casablanca-Settat,Benslimane,Moualine El Oued,CSR-1,Centre de Santé Rural niveau 1,Soins primaires,"Médecine générale,Soins de base,Vaccination,Soins infirmiers"
Fdalate,Casablanca-Settat,Benslimane,Fdalate,DR,Dispensaire Rural,Soins primaires,"Soins de base,Soins d'urgence élémentaires"
Laamour,Casablanca-Settat,Benslimane,Fdalate,CSR-2,Centre de Santé Rural niveau 2,Soins primaires,"Médecine générale,Soins de base,Vaccination,Soins infirmiers"
Rdadna (Laabadla),Casablanca-Settat,Benslimane,Rdadna Oulad Malek,CSR-1,Centre de Santé Rural niveau 1,Soins primaires,"Médecine générale,Soins de base,Vaccination,Soins infirmiers"
Ahlaf,Casablanca-Settat,Benslimane,Ahlaf,CSR-1,Centre de Santé Rural niveau 1,Soins primaires,"Médecine générale,Soins de base,Vaccination,Soins infirmiers"
Oulad Laaroussi,Casablanca-Settat,Benslimane,Ain Tizgha,DR,Dispensaire Rural,Soins primaires,"Soins de base,Soins d'urgence élémentaires"
Sidi Bettach,Casablanca-Settat,Benslimane,Sidi Bettache,CSR-2,Centre de Santé Rural niveau 2,Soins primaires,"Médecine générale,Soins de base,Vaccination,Soins infirmiers"
Bir Ennasr,Casablanca-Settat,Benslimane,Bir Ennasr,CSR-1,Centre de Santé Rural niveau 1,Soins primaires,"Médecine générale,Soins de base,Vaccination,Soins infirmiers"
Cherrat (Sidi Khdim),Casablanca-Settat,Benslimane,Charrate,CSR-1,Centre de Santé Rural niveau 1,Soins primaires,"Médecine générale,Soins de base,Vaccination,Soins infirmiers"
Deroua,Casablanca-Settat,Berrechid,Deroua,CSU-2,Centre de Santé Urbain niveau 2,Soins primaires,"Médecine générale,Soins de base,Vaccination,Planning familial,Consultation infirmière"
Berrechid,Casablanca-Settat,Berrechid,Berrechid,CRSR,Centre de Référence en Santé de Reproduction,Soins primaires,"Gynécologie,Santé de la reproduction,Planification familiale,Maternité"
Berrechid,Casablanca-Settat,Berrechid,Berrechid,CDTMR,Centre de Diagnostic et de Traitement des Maladies Respiratoires,Soins primaires,"Pneumologie,Maladies respiratoires,Tuberculose,CDTMR"
Od ALLAL,Casablanca-Settat,Berrechid,Berrechid,CSU-1,Centre de Santé Urbain niveau 1,Soins primaires,"Médecine générale,Soins de base,Vaccination,Planning familial,Consultation infirmière"
Almassira,Casablanca-Settat,Berrechid,Deroua,CSU-1,Centre de Santé Urbain niveau 1,Soins primaires,"Médecine générale,Soins de base,Vaccination,Planning familial,Consultation infirmière"
Regraga,Casablanca-Settat,Berrechid,Berrechid,CSU-1,Centre de Santé Urbain niveau 1,Soins primaires,"Médecine générale,Soins de base,Vaccination,Planning familial,Consultation infirmière"
Hay Hassani,Casablanca-Settat,Berrechid,Berrechid,CSU-2,Centre de Santé Urbain niveau 2,Soins primaires,"Médecine générale,Soins de base,Vaccination,Planning familial,Consultation infirmière"
El Gara,Casablanca-Settat,Berrechid,El Gara,CSU-2,Centre de Santé Urbain niveau 2,Soins primaires,"Médecine générale,Soins de base,Vaccination,Planning familial,Consultation infirmière"
Oulad Abbou,Casablanca-Settat,Berrechid,Oulad Abbou,CSU-2,Centre de Santé Urbain niveau 2,Soins primaires,"Médecine générale,Soins de base,Vaccination,Planning familial,Consultation infirmière"
Sidi Rahal Chatia,Casablanca-Settat,Berrechid,Sidi Rahal Chatai,CSU-2,Centre de Santé Urbain niveau 2,Soins primaires,"Médecine générale,Soins de base,Vaccination,Planning familial,Consultation infirmière"
Soualem,Casablanca-Settat,Berrechid,Had Soualem,CSU-2,Centre de Santé Urbain niveau 2,Soins primaires,"Médecine générale,Soins de base,Vaccination,Planning familial,Consultation infirmière"
Al Ahly (Berrechid),Casablanca-Settat,Berrechid,Berrechid,CSU-2,Centre de Santé Urbain niveau 2,Soins primaires,"Médecine générale,Soins de base,Vaccination,Planning familial,Consultation infirmière"
Brouza,Casablanca-Settat,Berrechid,Laghnimyine,DR,Dispensaire Rural,Soins primaires,"Soins de base,Soins d'urgence élémentaires"
Maachou,Casablanca-Settat,Berrechid,Ben Maachou,CSR-1,Centre de Santé Rural niveau 1,Soins primaires,"Médecine générale,Soins de base,Vaccination,Soins infirmiers"
Laalaliche,Casablanca-Settat,Berrechid,Ben Maachou,DR,Dispensaire Rural,Soins primaires,"Soins de base,Soins d'urgence élémentaires"
Zranna,Casablanca-Settat,Berrechid,Sidi Abdelkhaleq,CSR-1,Centre de Santé Rural niveau 1,Soins primaires,"Médecine générale,Soins de base,Vaccination,Soins infirmiers"
Lahsasna,Casablanca-Settat,Berrechid,Lahsasna,CSR-1,Centre de Santé Rural niveau 1,Soins primaires,"Médecine générale,Soins de base,Vaccination,Soins infirmiers"
Sidi El Mekki,Casablanca-Settat,Berrechid,Sidi El Mekki,CSR-1,Centre de Santé Rural niveau 1,Soins primaires,"Médecine générale,Soins de base,Vaccination,Soins infirmiers"
Od BREIK,Casablanca-Settat,Berrechid,Sidi El Mekki,DR,Dispensaire Rural,Soins primaires,"Soins de base,Soins d'urgence élémentaires"
Od RAHOU,Casablanca-Settat,Berrechid,Zaouiat Sidi Ben Hamdoun,CSR-1,Centre de Santé Rural niveau 1,Soins primaires,"Médecine générale,Soins de base,Vaccination,Soins infirmiers"
Krarma,Casablanca-Settat,Berrechid,Zaouiat Sidi Ben Hamdoun,DR,Dispensaire Rural,Soins primaires,"Soins de base,Soins d'urgence élémentaires"
Ghnimyine,Casablanca-Settat,Berrechid,Laghnimyine,CSR-1,Centre de Santé Rural niveau 1,Soins primaires,"Médecine générale,Soins de base,Vaccination,Soins infirmiers"
Lambarkiyine,Casablanca-Settat,Berrechid,Lambarkiyine,CSR-1,Centre de Santé Rural niveau 1,Soins primaires,"Médecine générale,Soins de base,Vaccination,Soins infirmiers"
Battioua,Casablanca-Settat,Berrechid,Kasbat Ben Mchich,CSR-1,Centre de Santé Rural niveau 1,Soins primaires,"Médecine générale,Soins de base,Vaccination,Soins infirmiers"
Od BEN AMER,Casablanca-Settat,Berrechid,Oulad Ziyane,CSR-1,Centre de Santé Rural niveau 1,Soins primaires,"Médecine générale,Soins de base,Vaccination,Soins infirmiers"
Oulad Zidane,Casablanca-Settat,Berrechid,Ouled Zidane,CSR-1,Centre de Santé Rural niveau 1,Soins primaires,"Médecine générale,Soins de base,Vaccination,Soins infirmiers"
Oulad Sebbah,Casablanca-Settat,Berrechid,Ouled Cebbah,CSR-1,Centre de Santé Rural niveau 1,Soins primaires,"Médecine générale,Soins de base,Vaccination,Soins infirmiers"
Bir Tor,Casablanca-Settat,Berrechid,Jaqma,CSR-1,Centre de Santé Rural niveau 1,Soins primaires,"Médecine générale,Soins de base,Vaccination,Soins infirmiers"
Rgagna,Casablanca-Settat,Berrechid,Jaqma,DR,Dispensaire Rural,Soins primaires,"Soins de base,Soins d'urgence élémentaires"
Riah,Casablanca-Settat,Berrechid,Riah,CSR-1,Centre de Santé Rural niveau 1,Soins primaires,"Médecine générale,Soins de base,Vaccination,Soins infirmiers"
Foqra,Casablanca-Settat,Berrechid,Foqra Oulad Aameur,CSR-1,Centre de Santé Rural niveau 1,Soins primaires,"Médecine générale,Soins de base,Vaccination,Soins infirmiers"
Ghoulane,Casablanca-Settat,Berrechid,Soualem Trifiya,DR,Dispensaire Rural,Soins primaires,"Soins de base,Soins d'urgence élémentaires"
LAKHDARA,Casablanca-Settat,Berrechid,Sahel Oulad H'Riz,CSR-1,Centre de Santé Rural niveau 1,Soins primaires,"Médecine générale,Soins de base,Vaccination,Soins infirmiers"
Od Moussa (Od Soltana),Casablanca-Settat,Berrechid,Sahel Oulad H'Riz,DR,Dispensaire Rural,Soins primaires,"Soins de base,Soins d'urgence élémentaires"
Mouaning,Casablanca-Settat,Berrechid,Sahel Oulad H'Riz,CSR-1,Centre de Santé Rural niveau 1,Soins primaires,"Médecine générale,Soins de base,Vaccination,Soins infirmiers"
SEBT SAHEL,Casablanca-Settat,Berrechid,Sahel Oulad H'Riz,CSR-1,Centre de Santé Rural niveau 1,Soins primaires,"Médecine générale,Soins de base,Vaccination,Soins infirmiers"
Al Ghazoua,Casablanca-Settat,El Jadida,El Jadida,CSU-1,Centre de Santé Urbain niveau 1,Soins primaires,"Médecine générale,Soins de base,Vaccination,Planning familial,Consultation infirmière"
El Jadida-CRSR,Casablanca-Settat,El Jadida,El Jadida,CRSR,Centre de Référence en Santé de Reproduction,Soins primaires,"Gynécologie,Santé de la reproduction,Planification familiale,Maternité"
Azemmour,Casablanca-Settat,El Jadida,Azemmour,CSU-1,Centre de Santé Urbain niveau 1,Soins primaires,"Médecine générale,Soins de base,Vaccination,Planning familial,Consultation infirmière"
My Bouchaib,Casablanca-Settat,El Jadida,Azemmour,CSU-1,Centre de Santé Urbain niveau 1,Soins primaires,"Médecine générale,Soins de base,Vaccination,Planning familial,Consultation infirmière"
Derb Guebbas,Casablanca-Settat,El Jadida,El Jadida,CSU-1,Centre de Santé Urbain niveau 1,Soins primaires,"Médecine générale,Soins de base,Vaccination,Planning familial,Consultation infirmière"
Laboratoire Siaap,Casablanca-Settat,El Jadida,El Jadida,LSP,Laboratoire de Santé Publique,Soins primaires,Laboratoire d'analyses médicales
Bouchrit,Casablanca-Settat,El Jadida,El Jadida,CDTMR,Centre de Diagnostic et de Traitement des Maladies Respiratoires,Soins primaires,"Pneumologie,Maladies respiratoires,Tuberculose,CDTMR"
Derb Ghalef,Casablanca-Settat,El Jadida,El Jadida,CSU-1,Centre de Santé Urbain niveau 1,Soins primaires,"Médecine générale,Soins de base,Vaccination,Planning familial,Consultation infirmière"
Ibn Mouhajir,Casablanca-Settat,El Jadida,El Jadida,CSU-1,Centre de Santé Urbain niveau 1,Soins primaires,"Médecine générale,Soins de base,Vaccination,Planning familial,Consultation infirmière"
Sidi Yahia,Casablanca-Settat,El Jadida,El Jadida,CSU-2,Centre de Santé Urbain niveau 2,Soins primaires,"Médecine générale,Soins de base,Vaccination,Planning familial,Consultation infirmière"
Essaada,Casablanca-Settat,El Jadida,El Jadida,CSU-1,Centre de Santé Urbain niveau 1,Soins primaires,"Médecine générale,Soins de base,Vaccination,Planning familial,Consultation infirmière"
Bir Jdid,Casablanca-Settat,El Jadida,Lbir Jdid,CSU-2,Centre de Santé Urbain niveau 2,Soins primaires,"Médecine générale,Soins de base,Vaccination,Planning familial,Consultation infirmière"
Hay Matar,Casablanca-Settat,El Jadida,El Jadida,CSU-2,Centre de Santé Urbain niveau 2,Soins primaires,"Médecine générale,Soins de base,Vaccination,Planning familial,Consultation infirmière"
Lagaamsa,Casablanca-Settat,El Jadida,Chtouka,DR,Dispensaire Rural,Soins primaires,"Soins de base,Soins d'urgence élémentaires"
Tagourate,Casablanca-Settat,El Jadida,Sidi Ali Ben Hamdouche,DR,Dispensaire Rural,Soins primaires,"Soins de base,Soins d'urgence élémentaires"
Tnine Chtouka,Casablanca-Settat,El Jadida,Chtouka,CSR-2,Centre de Santé Rural niveau 2,Soins primaires,"Médecine générale,Soins de base,Vaccination,Soins infirmiers"
Lamharza,Casablanca-Settat,El Jadida,Lamharza Essahel,CSR-1,Centre de Santé Rural niveau 1,Soins primaires,"Médecine générale,Soins de base,Vaccination,Soins infirmiers"
Laghdira,Casablanca-Settat,El Jadida,Laghdira,CSR-1,Centre de Santé Rural niveau 1,Soins primaires,"Médecine générale,Soins de base,Vaccination,Soins infirmiers"
Sidi Ali,Casablanca-Settat,El Jadida,Sidi Ali Ben Hamdouche,CSR-1,Centre de Santé Rural niveau 1,Soins primaires,"Médecine générale,Soins de base,Vaccination,Soins infirmiers"
My Abdellah,Casablanca-Settat,El Jadida,My Abdellah,CSR-2,Centre de Santé Rural niveau 2,Soins primaires,"Médecine générale,Soins de base,Vaccination,Soins infirmiers"
Sidi Bouzid,Casablanca-Settat,El Jadida,My Abdellah,CSR-1,Centre de Santé Rural niveau 1,Soins primaires,"Médecine générale,Soins de base,Vaccination,Soins infirmiers"
Ouled Ghanem,Casablanca-Settat,El Jadida,Ouled Ghanem,CSR-2,Centre de Santé Rural niveau 2,Soins primaires,"Médecine générale,Soins de base,Vaccination,Soins infirmiers"
S.M'hamed Akhdim,Casablanca-Settat,El Jadida,Sidi M'Hamed Akhdim,CSR-1,Centre de Santé Rural niveau 1,Soins primaires,"Médecine générale,Soins de base,Vaccination,Soins infirmiers"
Ouled Aissa,Casablanca-Settat,El Jadida,Oulad Aissa,CSR-1,Centre de Santé Rural niveau 1,Soins primaires,"Médecine générale,Soins de base,Vaccination,Soins infirmiers"
Ouled Hcine,Casablanca-Settat,El Jadida,Ouled Hcine,CSR-2,Centre de Santé Rural niveau 2,Soins primaires,"Médecine générale,Soins de base,Vaccination,Soins infirmiers"
Ouled Ghadbane,Casablanca-Settat,El Jadida,My Abdellah,DR,Dispensaire Rural,Soins primaires,"Soins de base,Soins d'urgence élémentaires"
Sidi Abed,Casablanca-Settat,El Jadida,Sidi Abed,CSR-1,Centre de Santé Rural niveau 1,Soins primaires,"Médecine générale,Soins de base,Vaccination,Soins infirmiers"
Boucedra,Casablanca-Settat,El Jadida,Oulad Rahmoune,DR,Dispensaire Rural,Soins primaires,"Soins de base,Soins d'urgence élémentaires"
Oulad Rahmoune,Casablanca-Settat,El Jadida,Oulad Rahmoune,CSR-1,Centre de Santé Rural niveau 1,Soins primaires,"Médecine générale,Soins de base,Vaccination,Soins infirmiers"
Souk Jemaa,Casablanca-Settat,El Jadida,Oulad Rahmoune,DR,Dispensaire Rural,Soins primaires,"Soins de base,Soins d'urgence élémentaires"
Haouzia (Tikni),Casablanca-Settat,El Jadida,Haouzia,CSR-1,Centre de Santé Rural niveau 1,Soins primaires,"Médecine générale,Soins de base,Vaccination,Soins infirmiers"
S.Ali B.Youssef(El Aoujate),Casablanca-Settat,El Jadida,Oulad Sidi Ali Ben Youssef,CSR-1,Centre de Santé Rural niveau 1,Soins primaires,"Médecine générale,Soins de base,Vaccination,Soins infirmiers"
Zaouiat Saiss,Casablanca-Settat,El Jadida,Zaouiat Saiss,CSR-1,Centre de Santé Rural niveau 1,Soins primaires,"Médecine générale,Soins de base,Vaccination,Soins infirmiers"
Sidi Smail,Casablanca-Settat,El Jadida,Sidi Smail,CSR-2,Centre de Santé Rural niveau 2,Soins primaires,"Médecine générale,Soins de base,Vaccination,Soins infirmiers"
Sebt Saiss,Casablanca-Settat,El Jadida,Sebt Saiss,CSR-1,Centre de Santé Rural niveau 1,Soins primaires,"Médecine générale,Soins de base,Vaccination,Soins infirmiers"
Mogress,Casablanca-Settat,El Jadida,Mogress,CSR-1,Centre de Santé Rural niveau 1,Soins primaires,"Médecine générale,Soins de base,Vaccination,Soins infirmiers"
S.Hsain B.Abderah (Bir Babouche),Casablanca-Settat,El Jadida,Si Hsaien Ben Abderrahmane,CSR-1,Centre de Santé Rural niveau 1,Soins primaires,"Médecine générale,Soins de base,Vaccination,Soins infirmiers"
Chaibate,Casablanca-Settat,El Jadida,Chaibate,CSR-1,Centre de Santé Rural niveau 1,Soins primaires,"Médecine générale,Soins de base,Vaccination,Soins infirmiers"
Mettouh,Casablanca-Settat,El Jadida,Mettouh,CSR-2,Centre de Santé Rural niveau 2,Soins primaires,"Médecine générale,Soins de base,Vaccination,Soins infirmiers"
Boulaouane Kasba(Od Ali Boulaouane),Casablanca-Settat,El Jadida,Boulaouane,CSR-1,Centre de Santé Rural niveau 1,Soins primaires,"Médecine générale,Soins de base,Vaccination,Soins infirmiers"
Boulaouane,Casablanca-Settat,El Jadida,Boulaouane,DR,Dispensaire Rural,Soins primaires,"Soins de base,Soins d'urgence élémentaires"
Ouled Frej,Casablanca-Settat,El Jadida,Ouled Frej,CSR-2,Centre de Santé Rural niveau 2,Soins primaires,"Médecine générale,Soins de base,Vaccination,Soins infirmiers"
Kouacem,Casablanca-Settat,El Jadida,Zaouiat Lakouacem,CSR-1,Centre de Santé Rural niveau 1,Soins primaires,"Médecine générale,Soins de base,Vaccination,Soins infirmiers"
Ouled Hamdane,Casablanca-Settat,El Jadida,Oulad Hamdane,CSR-1,Centre de Santé Rural niveau 1,Soins primaires,"Médecine générale,Soins de base,Vaccination,Soins infirmiers"
Lamsaada,Casablanca-Settat,Mediouna,Tit Mellil,CSU-2,Centre de Santé Urbain niveau 2,Soins primaires,"Médecine générale,Soins de base,Vaccination,Planning familial,Consultation infirmière"
Mediouna,Casablanca-Settat,Mediouna,Lahraouyine,CDTMR,Centre de Diagnostic et de Traitement des Maladies Respiratoires,Soins primaires,"Pneumologie,Maladies respiratoires,Tuberculose,CDTMR"
Al Omrane I,Casablanca-Settat,Mediouna,Lahraouyine,CSU-1,Centre de Santé Urbain niveau 1,Soins primaires,"Médecine générale,Soins de base,Vaccination,Planning familial,Consultation infirmière"
Lahraouine (Mediouni),Casablanca-Settat,Mediouna,Lahraouyine,CSU-1,Centre de Santé Urbain niveau 1,Soins primaires,"Médecine générale,Soins de base,Vaccination,Planning familial,Consultation infirmière"
Tit Melil,Casablanca-Settat,Mediouna,Tit Mellil,CSU-2,Centre de Santé Urbain niveau 2,Soins primaires,"Médecine générale,Soins de base,Vaccination,Planning familial,Consultation infirmière"
Mediouna,Casablanca-Settat,Mediouna,Mediouna,CSU-2,Centre de Santé Urbain niveau 2,Soins primaires,"Médecine générale,Soins de base,Vaccination,Planning familial,Consultation infirmière"
Sidi Hajjaj (Ouled Bouaziz),Casablanca-Settat,Mediouna,Sidi Hajjaj Oued Hassar,CSR-1,Centre de Santé Rural niveau 1,Soins primaires,"Médecine générale,Soins de base,Vaccination,Soins infirmiers"
Majjatia,Casablanca-Settat,Mediouna,Al Majjatia Oulad Taleb,CSR-1,Centre de Santé Rural niveau 1,Soins primaires,"Médecine générale,Soins de base,Vaccination,Soins infirmiers"
Al Abrar (Ex.Lahmadate),Casablanca-Settat,Mediouna,Al Majjatia Oulad Taleb,CSR-1,Centre de Santé Rural niveau 1,Soins primaires,"Médecine générale,Soins de base,Vaccination,Soins infirmiers"
Al Hamd,Casablanca-Settat,Mediouna,Al Majjatia Oulad Taleb,CSR-1,Centre de Santé Rural niveau 1,Soins primaires,"Médecine générale,Soins de base,Vaccination,Soins infirmiers"
Al Badr,Casablanca-Settat,Mediouna,Sidi Hajjaj Oued Hassar,CSR-1,Centre de Santé Rural niveau 1,Soins primaires,"Médecine générale,Soins de base,Vaccination,Soins infirmiers"
Riad Al Omrane,Casablanca-Settat,Mediouna,Sidi Hajjaj Oued Hassar,CSR-1,Centre de Santé Rural niveau 1,Soins primaires,"Médecine générale,Soins de base,Vaccination,Soins infirmiers"
Riad 3,Casablanca-Settat,Mediouna,Sidi Hajjaj Oued Hassar,CSR-1,Centre de Santé Rural niveau 1,Soins primaires,"Médecine générale,Soins de base,Vaccination,Soins infirmiers"
Arrachad 2,Casablanca-Settat,Mediouna,Al Majjatia Oulad Taleb,CSR-1,Centre de Santé Rural niveau 1,Soins primaires,"Médecine générale,Soins de base,Vaccination,Soins infirmiers"
Jnan Zenata,Casablanca-Settat,Mohammedia,Ain Harrouda,CSU-1,Centre de Santé Urbain niveau 1,Soins primaires,"Médecine générale,Soins de base,Vaccination,Planning familial,Consultation infirmière"
Assafa,Casablanca-Settat,Mohammedia,Ech-challalate,CSU-1,Centre de Santé Urbain niveau 1,Soins primaires,"Médecine générale,Soins de base,Vaccination,Planning familial,Consultation infirmière"
Riad,Casablanca-Settat,Mohammedia,Mohammadia,CSU-1,Centre de Santé Urbain niveau 1,Soins primaires,"Médecine générale,Soins de base,Vaccination,Planning familial,Consultation infirmière"
CHABAB (El Alia),Casablanca-Settat,Mohammedia,Mohammadia,CSU-1,Centre de Santé Urbain niveau 1,Soins primaires,"Médecine générale,Soins de base,Vaccination,Planning familial,Consultation infirmière"
Kasbah,Casablanca-Settat,Mohammedia,Mohammadia,CSU-1,Centre de Santé Urbain niveau 1,Soins primaires,"Médecine générale,Soins de base,Vaccination,Planning familial,Consultation infirmière"
Bradaa,Casablanca-Settat,Mohammedia,Mohammadia,CSU-2,Centre de Santé Urbain niveau 2,Soins primaires,"Médecine générale,Soins de base,Vaccination,Planning familial,Consultation infirmière"
Hassania (Jabir Ibn Hayane),Casablanca-Settat,Mohammedia,Mohammadia,CSU-1,Centre de Santé Urbain niveau 1,Soins primaires,"Médecine générale,Soins de base,Vaccination,Planning familial,Consultation infirmière"
A.Harrouda,Casablanca-Settat,Mohammedia,Ain Harrouda,CSU-2,Centre de Santé Urbain niveau 2,Soins primaires,"Médecine générale,Soins de base,Vaccination,Planning familial,Consultation infirmière"
Sihame,Casablanca-Settat,Mohammedia,Ain Harrouda,CSU-1,Centre de Santé Urbain niveau 1,Soins primaires,"Médecine générale,Soins de base,Vaccination,Planning familial,Consultation infirmière"
Bni Yakhlef,Casablanca-Settat,Mohammedia,Bni Yakhlef (Mun),CSU-1,Centre de Santé Urbain niveau 1,Soins primaires,"Médecine générale,Soins de base,Vaccination,Planning familial,Consultation infirmière"
Ain Tekki,Casablanca-Settat,Mohammedia,Bni Yakhlef (Mun),CSU-1,Centre de Santé Urbain niveau 1,Soins primaires,"Médecine générale,Soins de base,Vaccination,Planning familial,Consultation infirmière"
Al Marwa,Casablanca-Settat,Mohammedia,Ech-challalate,CSU-2,Centre de Santé Urbain niveau 2,Soins primaires,"Médecine générale,Soins de base,Vaccination,Planning familial,Consultation infirmière"
El Aliaa,Casablanca-Settat,Mohammedia,Mohammadia,CRSR,Centre de Référence en Santé de Reproduction,Soins primaires,"Gynécologie,Santé de la reproduction,Planification familiale,Maternité"
El Alia,Casablanca-Settat,Mohammedia,Mohammadia,CDTMR,Centre de Diagnostic et de Traitement des Maladies Respiratoires,Soins primaires,"Pneumologie,Maladies respiratoires,Tuberculose,CDTMR"
Fath 2,Casablanca-Settat,Mohammedia,Bni Yakhlef (Mun),CSU-1,Centre de Santé Urbain niveau 1,Soins primaires,"Médecine générale,Soins de base,Vaccination,Planning familial,Consultation infirmière"
Diar Mansour,Casablanca-Settat,Mohammedia,Ain Harrouda,CSU-1,Centre de Santé Urbain niveau 1,Soins primaires,"Médecine générale,Soins de base,Vaccination,Planning familial,Consultation infirmière"
Ba Hmad,Casablanca-Settat,Mohammedia,Sidi Moussa Majdoub,CSR-1,Centre de Santé Rural niveau 1,Soins primaires,"Médecine générale,Soins de base,Vaccination,Soins infirmiers"
S.Moussa Ben Ali,Casablanca-Settat,Mohammedia,Sidi Moussa Ben Ali,CSR-1,Centre de Santé Rural niveau 1,Soins primaires,"Médecine générale,Soins de base,Vaccination,Soins infirmiers"
Fath 1,Casablanca-Settat,Mohammedia,Sidi Moussa Majdoub,CSR-2,Centre de Santé Rural niveau 2,Soins primaires,"Médecine générale,Soins de base,Vaccination,Soins infirmiers"
S.Moussa L'majdoub,Casablanca-Settat,Mohammedia,Sidi Moussa Majdoub,CSR-1,Centre de Santé Rural niveau 1,Soins primaires,"Médecine générale,Soins de base,Vaccination,Soins infirmiers"
Ouled Aissa,Casablanca-Settat,Nouaceur,Oulad Azzouz,CSU-1,Centre de Santé Urbain niveau 1,Soins primaires,"Médecine générale,Soins de base,Vaccination,Planning familial,Consultation infirmière"
My Thami (Ouled Azzouz),Casablanca-Settat,Nouaceur,Oulad Azzouz,CSU-1,Centre de Santé Urbain niveau 1,Soins primaires,"Médecine générale,Soins de base,Vaccination,Planning familial,Consultation infirmière"
Ain Jemaa (Boufaid Od Si Massaoud),Casablanca-Settat,Nouaceur,Oulad Azzouz,CSU-1,Centre de Santé Urbain niveau 1,Soins primaires,"Médecine générale,Soins de base,Vaccination,Planning familial,Consultation infirmière"
Ouled Malek,Casablanca-Settat,Nouaceur,Bouskoura,CSU-1,Centre de Santé Urbain niveau 1,Soins primaires,"Médecine générale,Soins de base,Vaccination,Planning familial,Consultation infirmière"
Boujaadia,Casablanca-Settat,Nouaceur,Bouskoura,CSU-1,Centre de Santé Urbain niveau 1,Soins primaires,"Médecine générale,Soins de base,Vaccination,Planning familial,Consultation infirmière"
Lemkansa-Sud,Casablanca-Settat,Nouaceur,Bouskoura,CSU-1,Centre de Santé Urbain niveau 1,Soins primaires,"Médecine générale,Soins de base,Vaccination,Planning familial,Consultation infirmière"
Errahma III,Casablanca-Settat,Nouaceur,Dar Bouazza,CSU-1,Centre de Santé Urbain niveau 1,Soins primaires,"Médecine générale,Soins de base,Vaccination,Planning familial,Consultation infirmière"
Ennassr 1,Casablanca-Settat,Nouaceur,Oulad Salah,CSU-2,Centre de Santé Urbain niveau 2,Soins primaires,"Médecine générale,Soins de base,Vaccination,Planning familial,Consultation infirmière"
Ouled Salah,Casablanca-Settat,Nouaceur,Oulad Salah,CSU-1,Centre de Santé Urbain niveau 1,Soins primaires,"Médecine générale,Soins de base,Vaccination,Planning familial,Consultation infirmière"
Laamamra,Casablanca-Settat,Nouaceur,Oulad Salah,CSU-2,Centre de Santé Urbain niveau 2,Soins primaires,"Médecine générale,Soins de base,Vaccination,Planning familial,Consultation infirmière"
Izdihar,Casablanca-Settat,Nouaceur,Bouskoura,CSU-1,Centre de Santé Urbain niveau 1,Soins primaires,"Médecine générale,Soins de base,Vaccination,Planning familial,Consultation infirmière"
Bouskoura,Casablanca-Settat,Nouaceur,Bouskoura,CSU-1,Centre de Santé Urbain niveau 1,Soins primaires,"Médecine générale,Soins de base,Vaccination,Planning familial,Consultation infirmière"
Errahma,Casablanca-Settat,Nouaceur,Dar Bouazza,CDTMR,Centre de Diagnostic et de Traitement des Maladies Respiratoires,Soins primaires,"Pneumologie,Maladies respiratoires,Tuberculose,CDTMR"
Ben Abid,Casablanca-Settat,Nouaceur,Dar Bouazza,CSU-1,Centre de Santé Urbain niveau 1,Soins primaires,"Médecine générale,Soins de base,Vaccination,Planning familial,Consultation infirmière"
Errahma II,Casablanca-Settat,Nouaceur,Dar Bouazza,CSU-1,Centre de Santé Urbain niveau 1,Soins primaires,"Médecine générale,Soins de base,Vaccination,Planning familial,Consultation infirmière"
Errahma I,Casablanca-Settat,Nouaceur,Dar Bouazza,CSU-1,Centre de Santé Urbain niveau 1,Soins primaires,"Médecine générale,Soins de base,Vaccination,Planning familial,Consultation infirmière"
Dar Bouazza,Casablanca-Settat,Nouaceur,Dar Bouazza,CSU-1,Centre de Santé Urbain niveau 1,Soins primaires,"Médecine générale,Soins de base,Vaccination,Planning familial,Consultation infirmière"
Lamaarif,Casablanca-Settat,Nouaceur,Nouaceur,CSU-1,Centre de Santé Urbain niveau 1,Soins primaires,"Médecine générale,Soins de base,Vaccination,Planning familial,Consultation infirmière"
Al Amal  (Zaouia),Casablanca-Settat,Nouaceur,Nouaceur,CSU-1,Centre de Santé Urbain niveau 1,Soins primaires,"Médecine générale,Soins de base,Vaccination,Planning familial,Consultation infirmière"
Nouaceur,Casablanca-Settat,Nouaceur,Nouaceur,CSU-1,Centre de Santé Urbain niveau 1,Soins primaires,"Médecine générale,Soins de base,Vaccination,Planning familial,Consultation infirmière"
Rahma,Casablanca-Settat,Nouaceur,Dar Bouazza,CRSR,Centre de Référence en Santé de Reproduction,Soins primaires,"Gynécologie,Santé de la reproduction,Planification familiale,Maternité"
Rahma Cmp,Casablanca-Settat,Nouaceur,Dar Bouazza,CSU-1,Centre de Santé Urbain niveau 1,Soins primaires,"Médecine générale,Soins de base,Vaccination,Planning familial,Consultation infirmière"
Al Baraka,Casablanca-Settat,Nouaceur,Dar Bouazza,CSU-1,Centre de Santé Urbain niveau 1,Soins primaires,"Médecine générale,Soins de base,Vaccination,Planning familial,Consultation infirmière"
Sidi Abdelkerim,Casablanca-Settat,Settat,Settat,CSU-1,Centre de Santé Urbain niveau 1,Soins primaires,"Médecine générale,Soins de base,Vaccination,Planning familial,Consultation infirmière"
Atlas,Casablanca-Settat,Settat,Settat,CSU-2,Centre de Santé Urbain niveau 2,Soins primaires,"Médecine générale,Soins de base,Vaccination,Planning familial,Consultation infirmière"
Dakhla,Casablanca-Settat,Settat,Settat,CSU-1,Centre de Santé Urbain niveau 1,Soins primaires,"Médecine générale,Soins de base,Vaccination,Planning familial,Consultation infirmière"
P.A.M,Casablanca-Settat,Settat,Settat,CSU-1,Centre de Santé Urbain niveau 1,Soins primaires,"Médecine générale,Soins de base,Vaccination,Planning familial,Consultation infirmière"
El Kassam,Casablanca-Settat,Settat,Settat,CSU-1,Centre de Santé Urbain niveau 1,Soins primaires,"Médecine générale,Soins de base,Vaccination,Planning familial,Consultation infirmière"
Smaala,Casablanca-Settat,Settat,Settat,CSU-2,Centre de Santé Urbain niveau 2,Soins primaires,"Médecine générale,Soins de base,Vaccination,Planning familial,Consultation infirmière"
Sidi Hajjaj,Casablanca-Settat,Settat,Oulad M'Rah,CSU-2,Centre de Santé Urbain niveau 2,Soins primaires,"Médecine générale,Soins de base,Vaccination,Planning familial,Consultation infirmière"
Tlet Loulad,Casablanca-Settat,Settat,Loulad,CSU-2,Centre de Santé Urbain niveau 2,Soins primaires,"Médecine générale,Soins de base,Vaccination,Planning familial,Consultation infirmière"
El Borouj,Casablanca-Settat,Settat,El Borouj,CSU-2,Centre de Santé Urbain niveau 2,Soins primaires,"Médecine générale,Soins de base,Vaccination,Planning familial,Consultation infirmière"
Ben Ahmed,Casablanca-Settat,Settat,Ben Ahmed,CSU-1,Centre de Santé Urbain niveau 1,Soins primaires,"Médecine générale,Soins de base,Vaccination,Planning familial,Consultation infirmière"
El Khair,Casablanca-Settat,Settat,Settat,CSU-1,Centre de Santé Urbain niveau 1,Soins primaires,"Médecine générale,Soins de base,Vaccination,Planning familial,Consultation infirmière"
Labo. Epidemiologique,Casablanca-Settat,Settat,Settat,LSP,Laboratoire de Santé Publique,Soins primaires,Laboratoire d'analyses médicales
Dechra,Casablanca-Settat,Settat,Ben Ahmed,CSU-1,Centre de Santé Urbain niveau 1,Soins primaires,"Médecine générale,Soins de base,Vaccination,Planning familial,Consultation infirmière"
Ben Ahmed,Casablanca-Settat,Settat,Ben Ahmed,CDTMR,Centre de Diagnostic et de Traitement des Maladies Respiratoires,Soins primaires,"Pneumologie,Maladies respiratoires,Tuberculose,CDTMR"
Settat,Casablanca-Settat,Settat,Settat,CDTMR,Centre de Diagnostic et de Traitement des Maladies Respiratoires,Soins primaires,"Pneumologie,Maladies respiratoires,Tuberculose,CDTMR"
Mimouna,Casablanca-Settat,Settat,Settat,CSU-1,Centre de Santé Urbain niveau 1,Soins primaires,"Médecine générale,Soins de base,Vaccination,Planning familial,Consultation infirmière"
Ain Rbah,Casablanca-Settat,Settat,Lakhzazra,CSR-1,Centre de Santé Rural niveau 1,Soins primaires,"Médecine générale,Soins de base,Vaccination,Soins infirmiers"
Ain Baida,Casablanca-Settat,Settat,Lakhzazra,DR,Dispensaire Rural,Soins primaires,"Soins de base,Soins d'urgence élémentaires"
Laghzaouna,Casablanca-Settat,Settat,Sidi Abdelkrim,CSR-1,Centre de Santé Rural niveau 1,Soins primaires,"Médecine générale,Soins de base,Vaccination,Soins infirmiers"
El Gaada,Casablanca-Settat,Settat,Bouguargouh,DR,Dispensaire Rural,Soins primaires,"Soins de base,Soins d'urgence élémentaires"
Bouguargouh,Casablanca-Settat,Settat,Bouguargouh,CSR-1,Centre de Santé Rural niveau 1,Soins primaires,"Médecine générale,Soins de base,Vaccination,Soins infirmiers"
Lahlaf,Casablanca-Settat,Settat,Ain Dorbane-Lahlaf,CSR-1,Centre de Santé Rural niveau 1,Soins primaires,"Médecine générale,Soins de base,Vaccination,Soins infirmiers"
Ain Dorbane,Casablanca-Settat,Settat,Ain Dorbane-Lahlaf,CSR-1,Centre de Santé Rural niveau 1,Soins primaires,"Médecine générale,Soins de base,Vaccination,Soins infirmiers"
Sidi Dahbi,Casablanca-Settat,Settat,Sidi Dahbi,CSR-1,Centre de Santé Rural niveau 1,Soins primaires,"Médecine générale,Soins de base,Vaccination,Soins infirmiers"
Od ZIRG,Casablanca-Settat,Settat,Oulad M'Hamed,DR,Dispensaire Rural,Soins primaires,"Soins de base,Soins d'urgence élémentaires"
Ouled M'hammed,Casablanca-Settat,Settat,Oulad M'Hamed,CSR-1,Centre de Santé Rural niveau 1,Soins primaires,"Médecine générale,Soins de base,Vaccination,Soins infirmiers"
Melgou,Casablanca-Settat,Settat,N'Khila,DR,Dispensaire Rural,Soins primaires,"Soins de base,Soins d'urgence élémentaires"
N'khila,Casablanca-Settat,Settat,N'Khila,CSR-1,Centre de Santé Rural niveau 1,Soins primaires,"Médecine générale,Soins de base,Vaccination,Soins infirmiers"
Bir M'rah,Casablanca-Settat,Settat,M'Garto,DR,Dispensaire Rural,Soins primaires,"Soins de base,Soins d'urgence élémentaires"
M'garto,Casablanca-Settat,Settat,M'Garto,CSR-2,Centre de Santé Rural niveau 2,Soins primaires,"Médecine générale,Soins de base,Vaccination,Soins infirmiers"
Sidi Sbaa,Casablanca-Settat,Settat,M'Garto,DR,Dispensaire Rural,Soins primaires,"Soins de base,Soins d'urgence élémentaires"
Laqraqra,Casablanca-Settat,Settat,Laqraqra,CSR-1,Centre de Santé Rural niveau 1,Soins primaires,"Médecine générale,Soins de base,Vaccination,Soins infirmiers"
El Harcha,Casablanca-Settat,Settat,Laqraqra,DR,Dispensaire Rural,Soins primaires,"Soins de base,Soins d'urgence élémentaires"
Meskoura,Casablanca-Settat,Settat,Meskoura,CSR-1,Centre de Santé Rural niveau 1,Soins primaires,"Médecine générale,Soins de base,Vaccination,Soins infirmiers"
Ouled Hammou,Casablanca-Settat,Settat,Meskoura,DR,Dispensaire Rural,Soins primaires,"Soins de base,Soins d'urgence élémentaires"
Ait Hachem,Casablanca-Settat,Settat,Oulad Amer,CSR-1,Centre de Santé Rural niveau 1,Soins primaires,"Médecine générale,Soins de base,Vaccination,Soins infirmiers"
Od BOUALI,Casablanca-Settat,Settat,Oulad Bouali Nouaja,CSR-1,Centre de Santé Rural niveau 1,Soins primaires,"Médecine générale,Soins de base,Vaccination,Soins infirmiers"
Od GHALEM,Casablanca-Settat,Settat,Oulad Fares El Halla,CSR-1,Centre de Santé Rural niveau 1,Soins primaires,"Médecine générale,Soins de base,Vaccination,Soins infirmiers"
Ain Blal,Casablanca-Settat,Settat,Ain Blal,CSR-1,Centre de Santé Rural niveau 1,Soins primaires,"Médecine générale,Soins de base,Vaccination,Soins infirmiers"
Bni Khloug,Casablanca-Settat,Settat,Bni Khloug,CSR-2,Centre de Santé Rural niveau 2,Soins primaires,"Médecine générale,Soins de base,Vaccination,Soins infirmiers"
Od SALEM,Casablanca-Settat,Settat,Bni Khloug,DR,Dispensaire Rural,Soins primaires,"Soins de base,Soins d'urgence élémentaires"
Dar Chaffai,Casablanca-Settat,Settat,Dar Chaffai,CSR-2,Centre de Santé Rural niveau 2,Soins primaires,"Médecine générale,Soins de base,Vaccination,Soins infirmiers"
Od. SI MASSAOUD,Casablanca-Settat,Settat,Dar Chaffai,DR,Dispensaire Rural,Soins primaires,"Soins de base,Soins d'urgence élémentaires"
Oulad Freiha,Casablanca-Settat,Settat,Oulad Freiha,CSR-1,Centre de Santé Rural niveau 1,Soins primaires,"Médecine générale,Soins de base,Vaccination,Soins infirmiers"
Od SI MOUSSA,Casablanca-Settat,Settat,Sidi Ahmed El Khadir,CSR-1,Centre de Santé Rural niveau 1,Soins primaires,"Médecine générale,Soins de base,Vaccination,Soins infirmiers"
Laatoucha,Casablanca-Settat,Settat,Sidi Ahmed El Khadir,DR,Dispensaire Rural,Soins primaires,"Soins de base,Soins d'urgence élémentaires"
O.S.Abdellah Od.,Casablanca-Settat,Settat,Sidi Ahmed El Khadir,DR,Dispensaire Rural,Soins primaires,"Soins de base,Soins d'urgence élémentaires"
Loukarfa,Casablanca-Settat,Settat,Sidi Ahmed El Khadir,DR,Dispensaire Rural,Soins primaires,"Soins de base,Soins d'urgence élémentaires"
Od NJIMA,Casablanca-Settat,Settat,Sidi Boumehdi,CSR-1,Centre de Santé Rural niveau 1,Soins primaires,"Médecine générale,Soins de base,Vaccination,Soins infirmiers"
Khemisset,Casablanca-Settat,Settat,Khemisset Chaouia,CSR-1,Centre de Santé Rural niveau 1,Soins primaires,"Médecine générale,Soins de base,Vaccination,Soins infirmiers"
Haddada,Casablanca-Settat,Settat,Mzoura,DR,Dispensaire Rural,Soins primaires,"Soins de base,Soins d'urgence élémentaires"
Mzoura,Casablanca-Settat,Settat,Mzoura,CSR-1,Centre de Santé Rural niveau 1,Soins primaires,"Médecine générale,Soins de base,Vaccination,Soins infirmiers"
Oulad Said,Casablanca-Settat,Settat,Oulad Said,CSR-2,Centre de Santé Rural niveau 2,Soins primaires,"Médecine générale,Soins de base,Vaccination,Soins infirmiers"
Lahouaza,Casablanca-Settat,Settat,Lahouaza,CSR-1,Centre de Santé Rural niveau 1,Soins primaires,"Médecine générale,Soins de base,Vaccination,Soins infirmiers"
Zmamra,Casablanca-Settat,Settat,Khemisset Chaouia,DR,Dispensaire Rural,Soins primaires,"Soins de base,Soins d'urgence élémentaires"
Gdana,Casablanca-Settat,Settat,Gdana,CSR-1,Centre de Santé Rural niveau 1,Soins primaires,"Médecine générale,Soins de base,Vaccination,Soins infirmiers"
Lourarka,Casablanca-Settat,Settat,Sidi El Aidi,DR,Dispensaire Rural,Soins primaires,"Soins de base,Soins d'urgence élémentaires"
Mnasra,Casablanca-Settat,Settat,Mzamza Janoubia,CSR-1,Centre de Santé Rural niveau 1,Soins primaires,"Médecine générale,Soins de base,Vaccination,Soins infirmiers"
Zaoua NEZZAGHIA,Casablanca-Settat,Settat,Mzamza Janoubia,DR,Dispensaire Rural,Soins primaires,"Soins de base,Soins d'urgence élémentaires"
Od AZZOUZ,Casablanca-Settat,Settat,Mzamza Janoubia,CSR-1,Centre de Santé Rural niveau 1,Soins primaires,"Médecine générale,Soins de base,Vaccination,Soins infirmiers"
LABNA,Casablanca-Settat,Settat,Mzamza Janoubia,CSR-1,Centre de Santé Rural niveau 1,Soins primaires,"Médecine générale,Soins de base,Vaccination,Soins infirmiers"
Sidi El Aidi,Casablanca-Settat,Settat,Sidi El Aidi,CSR-2,Centre de Santé Rural niveau 2,Soins primaires,"Médecine générale,Soins de base,Vaccination,Soins infirmiers"
Ras El Ain,Casablanca-Settat,Settat,Ras El Ain Chaouia,CSR-2,Centre de Santé Rural niveau 2,Soins primaires,"Médecine générale,Soins de base,Vaccination,Soins infirmiers"
Nkhila,Casablanca-Settat,Settat,Oued Naanaa,DR,Dispensaire Rural,Soins primaires,"Soins de base,Soins d'urgence élémentaires"
Oulad Chbana,Casablanca-Settat,Settat,Oulad Chbana,CSR-1,Centre de Santé Rural niveau 1,Soins primaires,"Médecine générale,Soins de base,Vaccination,Soins infirmiers"
Mrizigue,Casablanca-Settat,Settat,Mrizigue,CSR-1,Centre de Santé Rural niveau 1,Soins primaires,"Médecine générale,Soins de base,Vaccination,Soins infirmiers"
Chraouka,Casablanca-Settat,Settat,Oued Naanaa,CSR-1,Centre de Santé Rural niveau 1,Soins primaires,"Médecine générale,Soins de base,Vaccination,Soins infirmiers"
Od NACER,Casablanca-Settat,Settat,Sidi Hajjaj,DR,Dispensaire Rural,Soins primaires,"Soins de base,Soins d'urgence élémentaires"
Ouled  Hajjaj,Casablanca-Settat,Settat,Sidi Hajjaj,CSR-1,Centre de Santé Rural niveau 1,Soins primaires,"Médecine générale,Soins de base,Vaccination,Soins infirmiers"
Laazayze,Casablanca-Settat,Settat,Mniaa,DR,Dispensaire Rural,Soins primaires,"Soins de base,Soins d'urgence élémentaires"
Bir Jmouha,Casablanca-Settat,Settat,Mniaa,CSR-1,Centre de Santé Rural niveau 1,Soins primaires,"Médecine générale,Soins de base,Vaccination,Soins infirmiers"
Sidi Belkacem,Casablanca-Settat,Settat,Sgamna,DR,Dispensaire Rural,Soins primaires,"Soins de base,Soins d'urgence élémentaires"
Od AYAD,Casablanca-Settat,Settat,Sgamna,DR,Dispensaire Rural,Soins primaires,"Soins de base,Soins d'urgence élémentaires"
Sgamna,Casablanca-Settat,Settat,Sgamna,CSR-1,Centre de Santé Rural niveau 1,Soins primaires,"Médecine générale,Soins de base,Vaccination,Soins infirmiers"
Od MOUSSA HARRAR,Casablanca-Settat,Settat,Oulad Fares,DR,Dispensaire Rural,Soins primaires,"Soins de base,Soins d'urgence élémentaires"
Oulad Fares,Casablanca-Settat,Settat,Oulad Fares,CSR-2,Centre de Santé Rural niveau 2,Soins primaires,"Médecine générale,Soins de base,Vaccination,Soins infirmiers"
Lissouf,Casablanca-Settat,Settat,Mrizigue,DR,Dispensaire Rural,Soins primaires,"Soins de base,Soins d'urgence élémentaires"
Rima,Casablanca-Settat,Settat,Rima,CSR-1,Centre de Santé Rural niveau 1,Soins primaires,"Médecine générale,Soins de base,Vaccination,Soins infirmiers"
Talouaite,Casablanca-Settat,Settat,Oulad Sghir,DR,Dispensaire Rural,Soins primaires,"Soins de base,Soins d'urgence élémentaires"
Od AAFIF,Casablanca-Settat,Settat,Oulad Sghir,DR,Dispensaire Rural,Soins primaires,"Soins de base,Soins d'urgence élémentaires"
Oulad Sghir,Casablanca-Settat,Settat,Oulad Sghir,CSR-1,Centre de Santé Rural niveau 1,Soins primaires,"Médecine générale,Soins de base,Vaccination,Soins infirmiers"
Guisser,Casablanca-Settat,Settat,Guisser,CSR-2,Centre de Santé Rural niveau 2,Soins primaires,"Médecine générale,Soins de base,Vaccination,Soins infirmiers"
Souakka,Casablanca-Settat,Settat,Machraa Ben Abbou,DR,Dispensaire Rural,Soins primaires,"Soins de base,Soins d'urgence élémentaires"
Bni Yagrine,Casablanca-Settat,Settat,Bni Yagrine,CSR-1,Centre de Santé Rural niveau 1,Soins primaires,"Médecine générale,Soins de base,Vaccination,Soins infirmiers"
Tnine Toualet,Casablanca-Settat,Settat,Toualet,CSR-1,Centre de Santé Rural niveau 1,Soins primaires,"Médecine générale,Soins de base,Vaccination,Soins infirmiers"
Mellita,Casablanca-Settat,Settat,Toualet,DR,Dispensaire Rural,Soins primaires,"Soins de base,Soins d'urgence élémentaires"
Mechraa B. Abbou,Casablanca-Settat,Settat,Machraa Ben Abbou,CSR-1,Centre de Santé Rural niveau 1,Soins primaires,"Médecine générale,Soins de base,Vaccination,Soins infirmiers"
Od BOUZIRI,Casablanca-Settat,Settat,Sidi Mohammed Ben Rahal,CSR-2,Centre de Santé Rural niveau 2,Soins primaires,"Médecine générale,Soins de base,Vaccination,Soins infirmiers"
Gnazra,Casablanca-Settat,Settat,Rima,DR,Dispensaire Rural,Soins primaires,"Soins de base,Soins d'urgence élémentaires"
Sidi Bennour,Casablanca-Settat,Sidi Bennour,Sidi Bennour,CSU-1,Centre de Santé Urbain niveau 1,Soins primaires,"Médecine générale,Soins de base,Vaccination,Planning familial,Consultation infirmière"
Loualidia,Casablanca-Settat,Sidi Bennour,Loualidia,CSU-2,Centre de Santé Urbain niveau 2,Soins primaires,"Médecine générale,Soins de base,Vaccination,Planning familial,Consultation infirmière"
Al Karia (Bouhmane II),Casablanca-Settat,Sidi Bennour,Sidi Bennour,CSU-1,Centre de Santé Urbain niveau 1,Soins primaires,"Médecine générale,Soins de base,Vaccination,Planning familial,Consultation infirmière"
Hay Mohammadi,Casablanca-Settat,Sidi Bennour,Zemamra,CSU-1,Centre de Santé Urbain niveau 1,Soins primaires,"Médecine générale,Soins de base,Vaccination,Planning familial,Consultation infirmière"
Essalam,Casablanca-Settat,Sidi Bennour,Zemamra,CSU-1,Centre de Santé Urbain niveau 1,Soins primaires,"Médecine générale,Soins de base,Vaccination,Planning familial,Consultation infirmière"
Dakhla,Casablanca-Settat,Sidi Bennour,Sidi Bennour,CDTMR,Centre de Diagnostic et de Traitement des Maladies Respiratoires,Soins primaires,"Pneumologie,Maladies respiratoires,Tuberculose,CDTMR"
Sidi Bennour,Casablanca-Settat,Sidi Bennour,Sidi Bennour,CRSR,Centre de Référence en Santé de Reproduction,Soins primaires,"Gynécologie,Santé de la reproduction,Planification familiale,Maternité"
Riouni,Casablanca-Settat,Sidi Bennour,Lmechrek,CSR-1,Centre de Santé Rural niveau 1,Soins primaires,"Médecine générale,Soins de base,Vaccination,Soins infirmiers"
Laatatra,Casablanca-Settat,Sidi Bennour,Laatatra,CSR-1,Centre de Santé Rural niveau 1,Soins primaires,"Médecine générale,Soins de base,Vaccination,Soins infirmiers"
Bouhmame,Casablanca-Settat,Sidi Bennour,Bouhmame,CSR-1,Centre de Santé Rural niveau 1,Soins primaires,"Médecine générale,Soins de base,Vaccination,Soins infirmiers"
Mtal,Casablanca-Settat,Sidi Bennour,M'Tal,CSR-1,Centre de Santé Rural niveau 1,Soins primaires,"Médecine générale,Soins de base,Vaccination,Soins infirmiers"
Jabria,Casablanca-Settat,Sidi Bennour,Jabria,CSR-1,Centre de Santé Rural niveau 1,Soins primaires,"Médecine générale,Soins de base,Vaccination,Soins infirmiers"
Oulad Si Bouhya,Casablanca-Settat,Sidi Bennour,Oulad Si Bouhya,CSR-1,Centre de Santé Rural niveau 1,Soins primaires,"Médecine générale,Soins de base,Vaccination,Soins infirmiers"
El Machrak,Casablanca-Settat,Sidi Bennour,Lmechrek,CSR-1,Centre de Santé Rural niveau 1,Soins primaires,"Médecine générale,Soins de base,Vaccination,Soins infirmiers"
Laatamna,Casablanca-Settat,Sidi Bennour,Oulad Si Bouhya,DR,Dispensaire Rural,Soins primaires,"Soins de base,Soins d'urgence élémentaires"
Saniat Berguig,Casablanca-Settat,Sidi Bennour,Saniat Berguig,CSR-1,Centre de Santé Rural niveau 1,Soins primaires,"Médecine générale,Soins de base,Vaccination,Soins infirmiers"
Lghnadra,Casablanca-Settat,Sidi Bennour,Laghnadra,CSR-1,Centre de Santé Rural niveau 1,Soins primaires,"Médecine générale,Soins de base,Vaccination,Soins infirmiers"
Oulad Sbaita,Casablanca-Settat,Sidi Bennour,Oulad Sbaita,CSR-1,Centre de Santé Rural niveau 1,Soins primaires,"Médecine générale,Soins de base,Vaccination,Soins infirmiers"
Lgharbia,Casablanca-Settat,Sidi Bennour,Lgharbia,CSR-1,Centre de Santé Rural niveau 1,Soins primaires,"Médecine générale,Soins de base,Vaccination,Soins infirmiers"
Chouaoucha (Lghnadra II),Casablanca-Settat,Sidi Bennour,Laghnadra,DR,Dispensaire Rural,Soins primaires,"Soins de base,Soins d'urgence élémentaires"
Benyeffou,Casablanca-Settat,Sidi Bennour,Lgharbia,CSR-1,Centre de Santé Rural niveau 1,Soins primaires,"Médecine générale,Soins de base,Vaccination,Soins infirmiers"
Bni Tsiriss,Casablanca-Settat,Sidi Bennour,Bni Tsiriss,CSR-1,Centre de Santé Rural niveau 1,Soins primaires,"Médecine générale,Soins de base,Vaccination,Soins infirmiers"
Metrane,Casablanca-Settat,Sidi Bennour,Metrane,CSR-2,Centre de Santé Rural niveau 2,Soins primaires,"Médecine générale,Soins de base,Vaccination,Soins infirmiers"
Ksiba,Casablanca-Settat,Sidi Bennour,Khmis Ksiba,CSR-1,Centre de Santé Rural niveau 1,Soins primaires,"Médecine générale,Soins de base,Vaccination,Soins infirmiers"
Od Boussaken(Od Nacer),Casablanca-Settat,Sidi Bennour,Oulad Boussaken,CSR-1,Centre de Santé Rural niveau 1,Soins primaires,"Médecine générale,Soins de base,Vaccination,Soins infirmiers"
Laaounate,Casablanca-Settat,Sidi Bennour,Laaounate,CSR-2,Centre de Santé Rural niveau 2,Soins primaires,"Médecine générale,Soins de base,Vaccination,Soins infirmiers"
Laamria,Casablanca-Settat,Sidi Bennour,Laamria,CSR-1,Centre de Santé Rural niveau 1,Soins primaires,"Médecine générale,Soins de base,Vaccination,Soins infirmiers"
Bni Hilal,Casablanca-Settat,Sidi Bennour,Bni Hilal,CSR-2,Centre de Santé Rural niveau 2,Soins primaires,"Médecine générale,Soins de base,Vaccination,Soins infirmiers"
Kridid,Casablanca-Settat,Sidi Bennour,Kridid,CSR-1,Centre de Santé Rural niveau 1,Soins primaires,"Médecine générale,Soins de base,Vaccination,Soins infirmiers"
Laagagcha,Casablanca-Settat,Sidi Bennour,Laagagcha,CSR-1,Centre de Santé Rural niveau 1,Soins primaires,"Médecine générale,Soins de base,Vaccination,Soins infirmiers"
Tamda(S.Abdellah),Casablanca-Settat,Sidi Bennour,Tamda,CSR-1,Centre de Santé Rural niveau 1,Soins primaires,"Médecine générale,Soins de base,Vaccination,Soins infirmiers"
Oulad Amrane,Casablanca-Settat,Sidi Bennour,Oulad Amrane,CSR-2,Centre de Santé Rural niveau 2,Soins primaires,"Médecine générale,Soins de base,Vaccination,Soins infirmiers"
Koudiat B.Dghough,Casablanca-Settat,Sidi Bennour,Koudiat Bni Dghough,CSR-1,Centre de Santé Rural niveau 1,Soins primaires,"Médecine générale,Soins de base,Vaccination,Soins infirmiers"
Ibn Sina,Casablanca-Settat,Casablanca Anfa,El Maarif,LSP,Laboratoire de Santé Publique,Soins primaires,Laboratoire d'analyses médicales
My YOUSSEF,Casablanca-Settat,Casablanca Anfa,Sidi Belyout,CSU-1,Centre de Santé Urbain niveau 1,Soins primaires,"Médecine générale,Soins de base,Vaccination,Planning familial,Consultation infirmière"
Bin El Ouidan,Casablanca-Settat,Casablanca Anfa,Sidi Belyout,CSU-1,Centre de Santé Urbain niveau 1,Soins primaires,"Médecine générale,Soins de base,Vaccination,Planning familial,Consultation infirmière"
Bousmara,Casablanca-Settat,Casablanca Anfa,Sidi Belyout,CSU-1,Centre de Santé Urbain niveau 1,Soins primaires,"Médecine générale,Soins de base,Vaccination,Planning familial,Consultation infirmière"
09-juil.,Casablanca-Settat,Casablanca Anfa,Sidi Belyout,CSU-2,Centre de Santé Urbain niveau 2,Soins primaires,"Médecine générale,Soins de base,Vaccination,Planning familial,Consultation infirmière"
Docteur  Faraj,Casablanca-Settat,Casablanca Anfa,El Maarif,CSU-1,Centre de Santé Urbain niveau 1,Soins primaires,"Médecine générale,Soins de base,Vaccination,Planning familial,Consultation infirmière"
Ibnou Zouhair,Casablanca-Settat,Casablanca Anfa,El Maarif,CSU-1,Centre de Santé Urbain niveau 1,Soins primaires,"Médecine générale,Soins de base,Vaccination,Planning familial,Consultation infirmière"
Villon,Casablanca-Settat,Casablanca Anfa,El Maarif,CSU-1,Centre de Santé Urbain niveau 1,Soins primaires,"Médecine générale,Soins de base,Vaccination,Planning familial,Consultation infirmière"
GHALLEF(Roudani),Casablanca-Settat,Casablanca Anfa,El Maarif,CSU-1,Centre de Santé Urbain niveau 1,Soins primaires,"Médecine générale,Soins de base,Vaccination,Planning familial,Consultation infirmière"
Puget,Casablanca-Settat,Casablanca Anfa,El Maarif,CSU-1,Centre de Santé Urbain niveau 1,Soins primaires,"Médecine générale,Soins de base,Vaccination,Planning familial,Consultation infirmière"
Ibnou Sina,Casablanca-Settat,Casablanca Anfa,El Maarif,CSU-1,Centre de Santé Urbain niveau 1,Soins primaires,"Médecine générale,Soins de base,Vaccination,Planning familial,Consultation infirmière"
Badre,Casablanca-Settat,Casablanca Anfa,El Maarif,CSU-1,Centre de Santé Urbain niveau 1,Soins primaires,"Médecine générale,Soins de base,Vaccination,Planning familial,Consultation infirmière"
IBNOU NAFISS (S. ABDERHMANE),Casablanca-Settat,Casablanca Anfa,Anfa,CSU-1,Centre de Santé Urbain niveau 1,Soins primaires,"Médecine générale,Soins de base,Vaccination,Planning familial,Consultation infirmière"
Ouhoud,Casablanca-Settat,Casablanca Anfa,Anfa,CSU-1,Centre de Santé Urbain niveau 1,Soins primaires,"Médecine générale,Soins de base,Vaccination,Planning familial,Consultation infirmière"
El Hank,Casablanca-Settat,Casablanca Anfa,Anfa,CSU-2,Centre de Santé Urbain niveau 2,Soins primaires,"Médecine générale,Soins de base,Vaccination,Planning familial,Consultation infirmière"
Bin El Ouidan,Casablanca-Settat,Casablanca Anfa,Sidi Belyout,CDTMR,Centre de Diagnostic et de Traitement des Maladies Respiratoires,Soins primaires,"Pneumologie,Maladies respiratoires,Tuberculose,CDTMR"
Sidi Maarouf,Casablanca-Settat,Al Fida-Mers Sultan,Al-Fida,CSU-1,Centre de Santé Urbain niveau 1,Soins primaires,"Médecine générale,Soins de base,Vaccination,Planning familial,Consultation infirmière"
Ibn Tofail,Casablanca-Settat,Al Fida-Mers Sultan,Al-Fida,CSU-1,Centre de Santé Urbain niveau 1,Soins primaires,"Médecine générale,Soins de base,Vaccination,Planning familial,Consultation infirmière"
Omar Ibn Khattab (Derb Milan),Casablanca-Settat,Al Fida-Mers Sultan,Al-Fida,CSU-1,Centre de Santé Urbain niveau 1,Soins primaires,"Médecine générale,Soins de base,Vaccination,Planning familial,Consultation infirmière"
Grande Ceinture,Casablanca-Settat,Al Fida-Mers Sultan,Al-Fida,CSU-1,Centre de Santé Urbain niveau 1,Soins primaires,"Médecine générale,Soins de base,Vaccination,Planning familial,Consultation infirmière"
El Massira,Casablanca-Settat,Al Fida-Mers Sultan,Al-Fida,CSU-1,Centre de Santé Urbain niveau 1,Soins primaires,"Médecine générale,Soins de base,Vaccination,Planning familial,Consultation infirmière"
Al Fida,Casablanca-Settat,Al Fida-Mers Sultan,Al-Fida,CSU-2,Centre de Santé Urbain niveau 2,Soins primaires,"Médecine générale,Soins de base,Vaccination,Planning familial,Consultation infirmière"
Zellaka,Casablanca-Settat,Al Fida-Mers Sultan,Mechouar de Casablanca,CSU-2,Centre de Santé Urbain niveau 2,Soins primaires,"Médecine générale,Soins de base,Vaccination,Planning familial,Consultation infirmière"
Nouvelle Medina,Casablanca-Settat,Al Fida-Mers Sultan,Mers-Sultan,CSU-1,Centre de Santé Urbain niveau 1,Soins primaires,"Médecine générale,Soins de base,Vaccination,Planning familial,Consultation infirmière"
Carlotti,Casablanca-Settat,Al Fida-Mers Sultan,Mers-Sultan,CSU-1,Centre de Santé Urbain niveau 1,Soins primaires,"Médecine générale,Soins de base,Vaccination,Planning familial,Consultation infirmière"
Pepiniere,Casablanca-Settat,Al Fida-Mers Sultan,Mers-Sultan,CSU-1,Centre de Santé Urbain niveau 1,Soins primaires,"Médecine générale,Soins de base,Vaccination,Planning familial,Consultation infirmière"
Mers Sultan (Bouchentouf),Casablanca-Settat,Al Fida-Mers Sultan,Mers-Sultan,CSU-1,Centre de Santé Urbain niveau 1,Soins primaires,"Médecine générale,Soins de base,Vaccination,Planning familial,Consultation infirmière"
Nouvelle Medina,Casablanca-Settat,Al Fida-Mers Sultan,Mers-Sultan,CDTMR,Centre de Diagnostic et de Traitement des Maladies Respiratoires,Soins primaires,"Pneumologie,Maladies respiratoires,Tuberculose,CDTMR"
CRSR Al fida,Casablanca-Settat,Al Fida-Mers Sultan,Al-Fida,CRSR,Centre de Référence en Santé de Reproduction,Soins primaires,"Gynécologie,Santé de la reproduction,Planification familiale,Maternité"
My HASSAN,Casablanca-Settat,Al Fida-Mers Sultan,Al-Fida,CSU-2,Centre de Santé Urbain niveau 2,Soins primaires,"Médecine générale,Soins de base,Vaccination,Planning familial,Consultation infirmière"
Koudiat Ecole,Casablanca-Settat,Aïn Sebaâ-Hay Mohammadi,Hay Mohammadi,CSU-1,Centre de Santé Urbain niveau 1,Soins primaires,"Médecine générale,Soins de base,Vaccination,Planning familial,Consultation infirmière"
Hay Jamal,Casablanca-Settat,Aïn Sebaâ-Hay Mohammadi,Assoukhour Assawda,CSU-2,Centre de Santé Urbain niveau 2,Soins primaires,"Médecine générale,Soins de base,Vaccination,Planning familial,Consultation infirmière"
Riad,Casablanca-Settat,Aïn Sebaâ-Hay Mohammadi,Hay Mohammadi,CSU-1,Centre de Santé Urbain niveau 1,Soins primaires,"Médecine générale,Soins de base,Vaccination,Planning familial,Consultation infirmière"
11-janv.,Casablanca-Settat,Aïn Sebaâ-Hay Mohammadi,Hay Mohammadi,CSU-1,Centre de Santé Urbain niveau 1,Soins primaires,"Médecine générale,Soins de base,Vaccination,Planning familial,Consultation infirmière"
La Villette,Casablanca-Settat,Aïn Sebaâ-Hay Mohammadi,Assoukhour Assawda,CSU-1,Centre de Santé Urbain niveau 1,Soins primaires,"Médecine générale,Soins de base,Vaccination,Planning familial,Consultation infirmière"
La Gare,Casablanca-Settat,Aïn Sebaâ-Hay Mohammadi,Assoukhour Assawda,CSU-1,Centre de Santé Urbain niveau 1,Soins primaires,"Médecine générale,Soins de base,Vaccination,Planning familial,Consultation infirmière"
Roches Noires,Casablanca-Settat,Aïn Sebaâ-Hay Mohammadi,Hay Mohammadi,CSU-1,Centre de Santé Urbain niveau 1,Soins primaires,"Médecine générale,Soins de base,Vaccination,Planning familial,Consultation infirmière"
Ain Sebaa,Casablanca-Settat,Aïn Sebaâ-Hay Mohammadi,Aîn-Sebaâ,CSU-2,Centre de Santé Urbain niveau 2,Soins primaires,"Médecine générale,Soins de base,Vaccination,Planning familial,Consultation infirmière"
Palmiers,Casablanca-Settat,Aïn Sebaâ-Hay Mohammadi,Aîn-Sebaâ,CSU-1,Centre de Santé Urbain niveau 1,Soins primaires,"Médecine générale,Soins de base,Vaccination,Planning familial,Consultation infirmière"
Hay Mohammadi,Casablanca-Settat,Aïn Sebaâ-Hay Mohammadi,Hay Mohammadi,CDTMR,Centre de Diagnostic et de Traitement des Maladies Respiratoires,Soins primaires,"Pneumologie,Maladies respiratoires,Tuberculose,CDTMR"
C.Reference (Hop.Med.V),Casablanca-Settat,Aïn Sebaâ-Hay Mohammadi,Hay Mohammadi,CRSR,Centre de Référence en Santé de Reproduction,Soins primaires,"Gynécologie,Santé de la reproduction,Planification familiale,Maternité"
Koudiat Centre,Casablanca-Settat,Aïn Sebaâ-Hay Mohammadi,Hay Mohammadi,CSU-2,Centre de Santé Urbain niveau 2,Soins primaires,"Médecine générale,Soins de base,Vaccination,Planning familial,Consultation infirmière"
Cite Mohammadi (Saada),Casablanca-Settat,Aïn Sebaâ-Hay Mohammadi,Hay Mohammadi,CSU-2,Centre de Santé Urbain niveau 2,Soins primaires,"Médecine générale,Soins de base,Vaccination,Planning familial,Consultation infirmière"
Beausite,Casablanca-Settat,Aïn Sebaâ-Hay Mohammadi,Aîn-Sebaâ,CSU-1,Centre de Santé Urbain niveau 1,Soins primaires,"Médecine générale,Soins de base,Vaccination,Planning familial,Consultation infirmière"
Derb M.Chrif,Casablanca-Settat,Aïn Sebaâ-Hay Mohammadi,Hay Mohammadi,CSU-1,Centre de Santé Urbain niveau 1,Soins primaires,"Médecine générale,Soins de base,Vaccination,Planning familial,Consultation infirmière"
C.Diagnostique et Traitement MR,Casablanca-Settat,Hay Hassani,Hay-Hassani,CDTMR,Centre de Diagnostic et de Traitement des Maladies Respiratoires,Soins primaires,"Pneumologie,Maladies respiratoires,Tuberculose,CDTMR"
Hay Hassani,Casablanca-Settat,Hay Hassani,Hay-Hassani,CSU-1,Centre de Santé Urbain niveau 1,Soins primaires,"Médecine générale,Soins de base,Vaccination,Planning familial,Consultation infirmière"
Al Wahda,Casablanca-Settat,Hay Hassani,Hay-Hassani,CSU-1,Centre de Santé Urbain niveau 1,Soins primaires,"Médecine générale,Soins de base,Vaccination,Planning familial,Consultation infirmière"
Acharaf,Casablanca-Settat,Hay Hassani,Hay-Hassani,CSU-1,Centre de Santé Urbain niveau 1,Soins primaires,"Médecine générale,Soins de base,Vaccination,Planning familial,Consultation infirmière"
Hay Hassani,Casablanca-Settat,Hay Hassani,Hay-Hassani,CRSR,Centre de Référence en Santé de Reproduction,Soins primaires,"Gynécologie,Santé de la reproduction,Planification familiale,Maternité"
Jnane Louz,Casablanca-Settat,Hay Hassani,Hay-Hassani,CSU-1,Centre de Santé Urbain niveau 1,Soins primaires,"Médecine générale,Soins de base,Vaccination,Planning familial,Consultation infirmière"
El Azhar,Casablanca-Settat,Hay Hassani,Hay-Hassani,CSU-1,Centre de Santé Urbain niveau 1,Soins primaires,"Médecine générale,Soins de base,Vaccination,Planning familial,Consultation infirmière"
El Fajr,Casablanca-Settat,Hay Hassani,Hay-Hassani,CSU-2,Centre de Santé Urbain niveau 2,Soins primaires,"Médecine générale,Soins de base,Vaccination,Planning familial,Consultation infirmière"
Farah,Casablanca-Settat,Hay Hassani,Hay-Hassani,CSU-1,Centre de Santé Urbain niveau 1,Soins primaires,"Médecine générale,Soins de base,Vaccination,Planning familial,Consultation infirmière"
Sidi Khadir,Casablanca-Settat,Hay Hassani,Hay-Hassani,CSU-1,Centre de Santé Urbain niveau 1,Soins primaires,"Médecine générale,Soins de base,Vaccination,Planning familial,Consultation infirmière"
Riad oulfa,Casablanca-Settat,Hay Hassani,Hay-Hassani,CSU-1,Centre de Santé Urbain niveau 1,Soins primaires,"Médecine générale,Soins de base,Vaccination,Planning familial,Consultation infirmière"
Azhari,Casablanca-Settat,Hay Hassani,Hay-Hassani,CSU-1,Centre de Santé Urbain niveau 1,Soins primaires,"Médecine générale,Soins de base,Vaccination,Planning familial,Consultation infirmière"
Nassim,Casablanca-Settat,Hay Hassani,Hay-Hassani,CSU-1,Centre de Santé Urbain niveau 1,Soins primaires,"Médecine générale,Soins de base,Vaccination,Planning familial,Consultation infirmière"
Lissasfa I (Lissasfa Oulia),Casablanca-Settat,Hay Hassani,Hay-Hassani,CSU-1,Centre de Santé Urbain niveau 1,Soins primaires,"Médecine générale,Soins de base,Vaccination,Planning familial,Consultation infirmière"
Essaada,Casablanca-Settat,Hay Hassani,Hay-Hassani,CSU-1,Centre de Santé Urbain niveau 1,Soins primaires,"Médecine générale,Soins de base,Vaccination,Planning familial,Consultation infirmière"
Lissasfa II,Casablanca-Settat,Hay Hassani,Hay-Hassani,CSU-2,Centre de Santé Urbain niveau 2,Soins primaires,"Médecine générale,Soins de base,Vaccination,Planning familial,Consultation infirmière"
Al moustakbal,Casablanca-Settat,Aïn Chok,Aîn-Chock,CSU-2,Centre de Santé Urbain niveau 2,Soins primaires,"Médecine générale,Soins de base,Vaccination,Planning familial,Consultation infirmière"
Al adarissa,Casablanca-Settat,Aïn Chok,Aîn-Chock,CSU-1,Centre de Santé Urbain niveau 1,Soins primaires,"Médecine générale,Soins de base,Vaccination,Planning familial,Consultation infirmière"
Sidi Massoud,Casablanca-Settat,Aïn Chok,Aîn-Chock,CSU-1,Centre de Santé Urbain niveau 1,Soins primaires,"Médecine générale,Soins de base,Vaccination,Planning familial,Consultation infirmière"
Ain Chock,Casablanca-Settat,Aïn Chok,Aîn-Chock,CDTMR,Centre de Diagnostic et de Traitement des Maladies Respiratoires,Soins primaires,"Pneumologie,Maladies respiratoires,Tuberculose,CDTMR"
Sidi Maarouf,Casablanca-Settat,Aïn Chok,Aîn-Chock,CSU-1,Centre de Santé Urbain niveau 1,Soins primaires,"Médecine générale,Soins de base,Vaccination,Planning familial,Consultation infirmière"
Les Cretes,Casablanca-Settat,Aïn Chok,Aîn-Chock,CSU-1,Centre de Santé Urbain niveau 1,Soins primaires,"Médecine générale,Soins de base,Vaccination,Planning familial,Consultation infirmière"
Panoramique,Casablanca-Settat,Aïn Chok,Aîn-Chock,CSU-2,Centre de Santé Urbain niveau 2,Soins primaires,"Médecine générale,Soins de base,Vaccination,Planning familial,Consultation infirmière"
Laayoune,Casablanca-Settat,Aïn Chok,Aîn-Chock,CSU-1,Centre de Santé Urbain niveau 1,Soins primaires,"Médecine générale,Soins de base,Vaccination,Planning familial,Consultation infirmière"
Ennour,Casablanca-Settat,Aïn Chok,Aîn-Chock,CSU-2,Centre de Santé Urbain niveau 2,Soins primaires,"Médecine générale,Soins de base,Vaccination,Planning familial,Consultation infirmière"
Dakhla,Casablanca-Settat,Aïn Chok,Aîn-Chock,CSU-1,Centre de Santé Urbain niveau 1,Soins primaires,"Médecine générale,Soins de base,Vaccination,Planning familial,Consultation infirmière"
Derb Elkheir,Casablanca-Settat,Aïn Chok,Aîn-Chock,CSU-2,Centre de Santé Urbain niveau 2,Soins primaires,"Médecine générale,Soins de base,Vaccination,Planning familial,Consultation infirmière"
Hay Chrifa (Inara),Casablanca-Settat,Aïn Chok,Aîn-Chock,CSU-1,Centre de Santé Urbain niveau 1,Soins primaires,"Médecine générale,Soins de base,Vaccination,Planning familial,Consultation infirmière"
Lamkansa Nord,Casablanca-Settat,Aïn Chok,Aîn-Chock,CSU-1,Centre de Santé Urbain niveau 1,Soins primaires,"Médecine générale,Soins de base,Vaccination,Planning familial,Consultation infirmière"
Riad El Bernoussi,Casablanca-Settat,Sidi Bernoussi,Sidi Bernoussi,CSU-1,Centre de Santé Urbain niveau 1,Soins primaires,"Médecine générale,Soins de base,Vaccination,Planning familial,Consultation infirmière"
Amal II,Casablanca-Settat,Sidi Bernoussi,Sidi Bernoussi,CSU-1,Centre de Santé Urbain niveau 1,Soins primaires,"Médecine générale,Soins de base,Vaccination,Planning familial,Consultation infirmière"
Bernoussi,Casablanca-Settat,Sidi Bernoussi,Sidi Bernoussi,CSU-1,Centre de Santé Urbain niveau 1,Soins primaires,"Médecine générale,Soins de base,Vaccination,Planning familial,Consultation infirmière"
Ahl Logglam I (Azhar ),Casablanca-Settat,Sidi Bernoussi,Sidi Moumen,CSU-1,Centre de Santé Urbain niveau 1,Soins primaires,"Médecine générale,Soins de base,Vaccination,Planning familial,Consultation infirmière"
Anassi,Casablanca-Settat,Sidi Bernoussi,Sidi Moumen,CSU-1,Centre de Santé Urbain niveau 1,Soins primaires,"Médecine générale,Soins de base,Vaccination,Planning familial,Consultation infirmière"
Sidi Moumen,Casablanca-Settat,Sidi Bernoussi,Sidi Moumen,CSU-2,Centre de Santé Urbain niveau 2,Soins primaires,"Médecine générale,Soins de base,Vaccination,Planning familial,Consultation infirmière"
Ahl Logglam II,Casablanca-Settat,Sidi Bernoussi,Sidi Moumen,CSU-1,Centre de Santé Urbain niveau 1,Soins primaires,"Médecine générale,Soins de base,Vaccination,Planning familial,Consultation infirmière"
Walaa (Tacharouk),Casablanca-Settat,Sidi Bernoussi,Sidi Moumen,CSU-2,Centre de Santé Urbain niveau 2,Soins primaires,"Médecine générale,Soins de base,Vaccination,Planning familial,Consultation infirmière"
Wahaa,Casablanca-Settat,Sidi Bernoussi,Sidi Moumen,CSU-2,Centre de Santé Urbain niveau 2,Soins primaires,"Médecine générale,Soins de base,Vaccination,Planning familial,Consultation infirmière"
Qods,Casablanca-Settat,Sidi Bernoussi,Sidi Bernoussi,CSU-1,Centre de Santé Urbain niveau 1,Soins primaires,"Médecine générale,Soins de base,Vaccination,Planning familial,Consultation infirmière"
C. Diagnostique et Traitement MR,Casablanca-Settat,Sidi Bernoussi,Sidi Moumen,CDTMR,Centre de Diagnostic et de Traitement des Maladies Respiratoires,Soins primaires,"Pneumologie,Maladies respiratoires,Tuberculose,CDTMR"
Essalam II,Casablanca-Settat,Sidi Bernoussi,Sidi Moumen,CSU-1,Centre de Santé Urbain niveau 1,Soins primaires,"Médecine générale,Soins de base,Vaccination,Planning familial,Consultation infirmière"
Attacharouk,Casablanca-Settat,Sidi Bernoussi,Sidi Moumen,CSU-1,Centre de Santé Urbain niveau 1,Soins primaires,"Médecine générale,Soins de base,Vaccination,Planning familial,Consultation infirmière"
Aabir,Casablanca-Settat,Sidi Bernoussi,Sidi Moumen,CSU-1,Centre de Santé Urbain niveau 1,Soins primaires,"Médecine générale,Soins de base,Vaccination,Planning familial,Consultation infirmière"
Essalam,Casablanca-Settat,Sidi Bernoussi,Sidi Moumen,CSU-1,Centre de Santé Urbain niveau 1,Soins primaires,"Médecine générale,Soins de base,Vaccination,Planning familial,Consultation infirmière"
Cite Djemaa,Casablanca-Settat,Ben Msick,Ben M'Sick,CSU-2,Centre de Santé Urbain niveau 2,Soins primaires,"Médecine générale,Soins de base,Vaccination,Planning familial,Consultation infirmière"
Annasr,Casablanca-Settat,Ben Msick,Sbata,CSU-1,Centre de Santé Urbain niveau 1,Soins primaires,"Médecine générale,Soins de base,Vaccination,Planning familial,Consultation infirmière"
Bir Anzarane,Casablanca-Settat,Ben Msick,Sbata,CDTMR,Centre de Diagnostic et de Traitement des Maladies Respiratoires,Soins primaires,"Pneumologie,Maladies respiratoires,Tuberculose,CDTMR"
Hay Jawadi,Casablanca-Settat,Ben Msick,Ben M'Sick,CSU-1,Centre de Santé Urbain niveau 1,Soins primaires,"Médecine générale,Soins de base,Vaccination,Planning familial,Consultation infirmière"
Bir Anzarane (Boujdour),Casablanca-Settat,Ben Msick,Sbata,CSU-1,Centre de Santé Urbain niveau 1,Soins primaires,"Médecine générale,Soins de base,Vaccination,Planning familial,Consultation infirmière"
Hassania (Ifriquia),Casablanca-Settat,Ben Msick,Ben M'Sick,CSU-1,Centre de Santé Urbain niveau 1,Soins primaires,"Médecine générale,Soins de base,Vaccination,Planning familial,Consultation infirmière"
Derb Laadam,Casablanca-Settat,Ben Msick,Ben M'Sick,CSU-1,Centre de Santé Urbain niveau 1,Soins primaires,"Médecine générale,Soins de base,Vaccination,Planning familial,Consultation infirmière"
Sbata (Jamila 7),Casablanca-Settat,Ben Msick,Sbata,CSU-1,Centre de Santé Urbain niveau 1,Soins primaires,"Médecine générale,Soins de base,Vaccination,Planning familial,Consultation infirmière"
Ksar Labher,Casablanca-Settat,Ben Msick,Ben M'Sick,CSU-1,Centre de Santé Urbain niveau 1,Soins primaires,"Médecine générale,Soins de base,Vaccination,Planning familial,Consultation infirmière"
Albaraka,Casablanca-Settat,Moulay Rachid,Moulay Rachid,CSU-1,Centre de Santé Urbain niveau 1,Soins primaires,"Médecine générale,Soins de base,Vaccination,Planning familial,Consultation infirmière"
Al Fadl,Casablanca-Settat,Moulay Rachid,Moulay Rachid,CSU-1,Centre de Santé Urbain niveau 1,Soins primaires,"Médecine générale,Soins de base,Vaccination,Planning familial,Consultation infirmière"
Baladia,Casablanca-Settat,Moulay Rachid,Sidi Othmane,CRSR,Centre de Référence en Santé de Reproduction,Soins primaires,"Gynécologie,Santé de la reproduction,Planification familiale,Maternité"
Essalama 3,Casablanca-Settat,Moulay Rachid,Sidi Othmane,CSU-2,Centre de Santé Urbain niveau 2,Soins primaires,"Médecine générale,Soins de base,Vaccination,Planning familial,Consultation infirmière"
My Rachid,Casablanca-Settat,Moulay Rachid,Moulay Rachid,CDTMR,Centre de Diagnostic et de Traitement des Maladies Respiratoires,Soins primaires,"Pneumologie,Maladies respiratoires,Tuberculose,CDTMR"
Baladia,Casablanca-Settat,Moulay Rachid,Sidi Othmane,CSU-1,Centre de Santé Urbain niveau 1,Soins primaires,"Médecine générale,Soins de base,Vaccination,Planning familial,Consultation infirmière"
Essalama,Casablanca-Settat,Moulay Rachid,Sidi Othmane,CSU-1,Centre de Santé Urbain niveau 1,Soins primaires,"Médecine générale,Soins de base,Vaccination,Planning familial,Consultation infirmière"
Lalla Meryem,Casablanca-Settat,Moulay Rachid,Sidi Othmane,CSU-2,Centre de Santé Urbain niveau 2,Soins primaires,"Médecine générale,Soins de base,Vaccination,Planning familial,Consultation infirmière"
Cite M'barka,Casablanca-Settat,Moulay Rachid,Sidi Othmane,CSU-2,Centre de Santé Urbain niveau 2,Soins primaires,"Médecine générale,Soins de base,Vaccination,Planning familial,Consultation infirmière"
Derb S.Othmane,Casablanca-Settat,Moulay Rachid,Sidi Othmane,CSU-1,Centre de Santé Urbain niveau 1,Soins primaires,"Médecine générale,Soins de base,Vaccination,Planning familial,Consultation infirmière"
Salmia (1),Casablanca-Settat,Moulay Rachid,Sidi Othmane,CSU-1,Centre de Santé Urbain niveau 1,Soins primaires,"Médecine générale,Soins de base,Vaccination,Planning familial,Consultation infirmière"
El Ouafa (Bournazil),Casablanca-Settat,Moulay Rachid,Moulay Rachid,CSU-1,Centre de Santé Urbain niveau 1,Soins primaires,"Médecine générale,Soins de base,Vaccination,Planning familial,Consultation infirmière"
Massira II,Casablanca-Settat,Moulay Rachid,Moulay Rachid,CSU-1,Centre de Santé Urbain niveau 1,Soins primaires,"Médecine générale,Soins de base,Vaccination,Planning familial,Consultation infirmière"
Lahraouyine-Od Mellouk,Casablanca-Settat,Moulay Rachid,Sidi Othmane,CSU-1,Centre de Santé Urbain niveau 1,Soins primaires,"Médecine générale,Soins de base,Vaccination,Planning familial,Consultation infirmière"
Al Baida,Casablanca-Settat,Moulay Rachid,Moulay Rachid,CSU-2,Centre de Santé Urbain niveau 2,Soins primaires,"Médecine générale,Soins de base,Vaccination,Planning familial,Consultation infirmière"
Massira I,Casablanca-Settat,Moulay Rachid,Moulay Rachid,CSU-1,Centre de Santé Urbain niveau 1,Soins primaires,"Médecine générale,Soins de base,Vaccination,Planning familial,Consultation infirmière"
Hay Sadri,Casablanca-Settat,Moulay Rachid,Moulay Rachid,CSU-2,Centre de Santé Urbain niveau 2,Soins primaires,"Médecine générale,Soins de base,Vaccination,Planning familial,Consultation infirmière"
Hay My Rchid II,Casablanca-Settat,Moulay Rachid,Moulay Rachid,CSU-1,Centre de Santé Urbain niveau 1,Soins primaires,"Médecine générale,Soins de base,Vaccination,Planning familial,Consultation infirmière"
Lahraouine 2,Casablanca-Settat,Moulay Rachid,Sidi Othmane,CSU-1,Centre de Santé Urbain niveau 1,Soins primaires,"Médecine générale,Soins de base,Vaccination,Planning familial,Consultation infirmière"
Hay My Rchid I,Casablanca-Settat,Moulay Rachid,Moulay Rachid,CSU-1,Centre de Santé Urbain niveau 1,Soins primaires,"Médecine générale,Soins de base,Vaccination,Planning familial,Consultation infirmière"
Ait Ourir,Marrakech-Safi,Al Haouz,Ait Ourir,CSU-2,Centre de Santé Urbain niveau 2,Soins primaires,"Médecine générale,Soins de base,Vaccination,Planning familial,Consultation infirmière"
Tahannaout,Marrakech-Safi,Al Haouz,Tahannaout,CSU-1,Centre de Santé Urbain niveau 1,Soins primaires,"Médecine générale,Soins de base,Vaccination,Planning familial,Consultation infirmière"
Regraga,Marrakech-Safi,Al Haouz,Amizmiz,CSU-1,Centre de Santé Urbain niveau 1,Soins primaires,"Médecine générale,Soins de base,Vaccination,Planning familial,Consultation infirmière"
Tignziouine,Marrakech-Safi,Al Haouz,Amizmiz,CSU-1,Centre de Santé Urbain niveau 1,Soins primaires,"Médecine générale,Soins de base,Vaccination,Planning familial,Consultation infirmière"
Amizmiz,Marrakech-Safi,Al Haouz,Amizmiz,CSU-2,Centre de Santé Urbain niveau 2,Soins primaires,"Médecine générale,Soins de base,Vaccination,Planning familial,Consultation infirmière"
Tahannaout,Marrakech-Safi,Al Haouz,Tahannaout,CDTMR,Centre de Diagnostic et de Traitement des Maladies Respiratoires,Soins primaires,"Pneumologie,Maladies respiratoires,Tuberculose,CDTMR"
Toukhribine,Marrakech-Safi,Al Haouz,Tidili Mesfioua,DR,Dispensaire Rural,Soins primaires,"Soins de base,Soins d'urgence élémentaires"
Ghmate,Marrakech-Safi,Al Haouz,Ghmate,CSR-1,Centre de Santé Rural niveau 1,Soins primaires,"Médecine générale,Soins de base,Vaccination,Soins infirmiers"
Ait Ouanga,Marrakech-Safi,Al Haouz,Iguerferouane,CSR-1,Centre de Santé Rural niveau 1,Soins primaires,"Médecine générale,Soins de base,Vaccination,Soins infirmiers"
Asaka,Marrakech-Safi,Al Haouz,Iguerferouane,DR,Dispensaire Rural,Soins primaires,"Soins de base,Soins d'urgence élémentaires"
S.Abdellah Ghiat,Marrakech-Safi,Al Haouz,Sidi Abdallah Ghiat,CSR-2,Centre de Santé Rural niveau 2,Soins primaires,"Médecine générale,Soins de base,Vaccination,Soins infirmiers"
Tamazouzt,Marrakech-Safi,Al Haouz,Tamazouzte,CSR-1,Centre de Santé Rural niveau 1,Soins primaires,"Médecine générale,Soins de base,Vaccination,Soins infirmiers"
Amanouz,Marrakech-Safi,Al Haouz,Ait Faska,DR,Dispensaire Rural,Soins primaires,"Soins de base,Soins d'urgence élémentaires"
Tidili Mesfioua,Marrakech-Safi,Al Haouz,Tidili Mesfioua,CSR-1,Centre de Santé Rural niveau 1,Soins primaires,"Médecine générale,Soins de base,Vaccination,Soins infirmiers"
Boukhoubza,Marrakech-Safi,Al Haouz,Ait Sidi Daoud,CSR-1,Centre de Santé Rural niveau 1,Soins primaires,"Médecine générale,Soins de base,Vaccination,Soins infirmiers"
Ait Faska,Marrakech-Safi,Al Haouz,Ait Faska,CSR-1,Centre de Santé Rural niveau 1,Soins primaires,"Médecine générale,Soins de base,Vaccination,Soins infirmiers"
Sidi Rahou,Marrakech-Safi,Al Haouz,Ait Sidi Daoud,DR,Dispensaire Rural,Soins primaires,"Soins de base,Soins d'urgence élémentaires"
Sidi Bouyahya,Marrakech-Safi,Al Haouz,Ghmate,DR,Dispensaire Rural,Soins primaires,"Soins de base,Soins d'urgence élémentaires"
Chouiter,Marrakech-Safi,Al Haouz,Sidi Abdallah Ghiat,DR,Dispensaire Rural,Soins primaires,"Soins de base,Soins d'urgence élémentaires"
Ait Abdesslam,Marrakech-Safi,Al Haouz,Tidili Mesfioua,DR,Dispensaire Rural,Soins primaires,"Soins de base,Soins d'urgence élémentaires"
Dar Jamaa,Marrakech-Safi,Al Haouz,Dar Jamaa,CSR-1,Centre de Santé Rural niveau 1,Soins primaires,"Médecine générale,Soins de base,Vaccination,Soins infirmiers"
Tizguine,Marrakech-Safi,Al Haouz,Tizguine,CSR-1,Centre de Santé Rural niveau 1,Soins primaires,"Médecine générale,Soins de base,Vaccination,Soins infirmiers"
Lalla Takarkoust,Marrakech-Safi,Al Haouz,Lalla Takarkoust,CSR-1,Centre de Santé Rural niveau 1,Soins primaires,"Médecine générale,Soins de base,Vaccination,Soins infirmiers"
Ouzguita (Frass ),Marrakech-Safi,Al Haouz,Ouazguita,CSR-1,Centre de Santé Rural niveau 1,Soins primaires,"Médecine générale,Soins de base,Vaccination,Soins infirmiers"
Igoudar,Marrakech-Safi,Al Haouz,Oulad Mtaa,CSR-1,Centre de Santé Rural niveau 1,Soins primaires,"Médecine générale,Soins de base,Vaccination,Soins infirmiers"
El Marja,Marrakech-Safi,Al Haouz,Oulad Mtaa,DR,Dispensaire Rural,Soins primaires,"Soins de base,Soins d'urgence élémentaires"
Sidi Badhaj,Marrakech-Safi,Al Haouz,Sidi Badhaj,CSR-1,Centre de Santé Rural niveau 1,Soins primaires,"Médecine générale,Soins de base,Vaccination,Soins infirmiers"
Toulkine,Marrakech-Safi,Al Haouz,Azgour,DR,Dispensaire Rural,Soins primaires,"Soins de base,Soins d'urgence élémentaires"
Amghras,Marrakech-Safi,Al Haouz,Amghras,CSR-1,Centre de Santé Rural niveau 1,Soins primaires,"Médecine générale,Soins de base,Vaccination,Soins infirmiers"
Anougal,Marrakech-Safi,Al Haouz,Anougal,CSR-1,Centre de Santé Rural niveau 1,Soins primaires,"Médecine générale,Soins de base,Vaccination,Soins infirmiers"
Azgour,Marrakech-Safi,Al Haouz,Azgour,CSR-1,Centre de Santé Rural niveau 1,Soins primaires,"Médecine générale,Soins de base,Vaccination,Soins infirmiers"
Lamdinate,Marrakech-Safi,Al Haouz,Azgour,DR,Dispensaire Rural,Soins primaires,"Soins de base,Soins d'urgence élémentaires"
Asni,Marrakech-Safi,Al Haouz,Asni,CSR-2,Centre de Santé Rural niveau 2,Soins primaires,"Médecine générale,Soins de base,Vaccination,Soins infirmiers"
Imlil,Marrakech-Safi,Al Haouz,Asni,CSR-1,Centre de Santé Rural niveau 1,Soins primaires,"Médecine générale,Soins de base,Vaccination,Soins infirmiers"
Tamguiste,Marrakech-Safi,Al Haouz,Asni,DR,Dispensaire Rural,Soins primaires,"Soins de base,Soins d'urgence élémentaires"
Mouldikht,Marrakech-Safi,Al Haouz,Talat N'Yaaqoub,DR,Dispensaire Rural,Soins primaires,"Soins de base,Soins d'urgence élémentaires"
Tlat N'yaaqoub,Marrakech-Safi,Al Haouz,Talat N'Yaaqoub,CSR-2,Centre de Santé Rural niveau 2,Soins primaires,"Médecine générale,Soins de base,Vaccination,Soins infirmiers"
Ijoukak,Marrakech-Safi,Al Haouz,Ijoukak,CSR-1,Centre de Santé Rural niveau 1,Soins primaires,"Médecine générale,Soins de base,Vaccination,Soins infirmiers"
Ighil,Marrakech-Safi,Al Haouz,Ighil,CSR-1,Centre de Santé Rural niveau 1,Soins primaires,"Médecine générale,Soins de base,Vaccination,Soins infirmiers"
Aghbar,Marrakech-Safi,Al Haouz,Aghbar,CSR-1,Centre de Santé Rural niveau 1,Soins primaires,"Médecine générale,Soins de base,Vaccination,Soins infirmiers"
MARIGHA,Marrakech-Safi,Al Haouz,Ouirgane,DR,Dispensaire Rural,Soins primaires,"Soins de base,Soins d'urgence élémentaires"
Azzaden,Marrakech-Safi,Al Haouz,Ouirgane,DR,Dispensaire Rural,Soins primaires,"Soins de base,Soins d'urgence élémentaires"
Ouirgane,Marrakech-Safi,Al Haouz,Ouirgane,CSR-1,Centre de Santé Rural niveau 1,Soins primaires,"Médecine générale,Soins de base,Vaccination,Soins infirmiers"
Tizimlil,Marrakech-Safi,Al Haouz,Imgdal,DR,Dispensaire Rural,Soins primaires,"Soins de base,Soins d'urgence élémentaires"
Imegdal,Marrakech-Safi,Al Haouz,Imgdal,CSR-1,Centre de Santé Rural niveau 1,Soins primaires,"Médecine générale,Soins de base,Vaccination,Soins infirmiers"
Imsker,Marrakech-Safi,Al Haouz,Asni,DR,Dispensaire Rural,Soins primaires,"Soins de base,Soins d'urgence élémentaires"
Sidi Fars,Marrakech-Safi,Al Haouz,Asni,DR,Dispensaire Rural,Soins primaires,"Soins de base,Soins d'urgence élémentaires"
Ahmed Chefquaoui,Marrakech-Safi,Al Haouz,Sti Fadma,CSR-1,Centre de Santé Rural niveau 1,Soins primaires,"Médecine générale,Soins de base,Vaccination,Soins infirmiers"
Ben  Kabour,Marrakech-Safi,Al Haouz,Aghouatim,DR,Dispensaire Rural,Soins primaires,"Soins de base,Soins d'urgence élémentaires"
Tameslohte,Marrakech-Safi,Al Haouz,Tameslohte,CSR-2,Centre de Santé Rural niveau 2,Soins primaires,"Médecine générale,Soins de base,Vaccination,Soins infirmiers"
Tiouli N'Kik,Marrakech-Safi,Al Haouz,Moulay Brahim,DR,Dispensaire Rural,Soins primaires,"Soins de base,Soins d'urgence élémentaires"
Oulad Yahia,Marrakech-Safi,Al Haouz,Tameslohte,CSR-1,Centre de Santé Rural niveau 1,Soins primaires,"Médecine générale,Soins de base,Vaccination,Soins infirmiers"
Oumnaste,Marrakech-Safi,Al Haouz,Tameslohte,DR,Dispensaire Rural,Soins primaires,"Soins de base,Soins d'urgence élémentaires"
Tidrara,Marrakech-Safi,Al Haouz,Aghouatim,DR,Dispensaire Rural,Soins primaires,"Soins de base,Soins d'urgence élémentaires"
Ben  Cheikh,Marrakech-Safi,Al Haouz,Aghouatim,CSR-1,Centre de Santé Rural niveau 1,Soins primaires,"Médecine générale,Soins de base,Vaccination,Soins infirmiers"
Agadir Tassaout,Marrakech-Safi,Al Haouz,Moulay Brahim,DR,Dispensaire Rural,Soins primaires,"Soins de base,Soins d'urgence élémentaires"
Moulay Brahim,Marrakech-Safi,Al Haouz,Moulay Brahim,CSR-1,Centre de Santé Rural niveau 1,Soins primaires,"Médecine générale,Soins de base,Vaccination,Soins infirmiers"
Timenkar,Marrakech-Safi,Al Haouz,Sti Fadma,DR,Dispensaire Rural,Soins primaires,"Soins de base,Soins d'urgence élémentaires"
Assagaouer,Marrakech-Safi,Al Haouz,Sti Fadma,DR,Dispensaire Rural,Soins primaires,"Soins de base,Soins d'urgence élémentaires"
Anammer,Marrakech-Safi,Al Haouz,Sti Fadma,DR,Dispensaire Rural,Soins primaires,"Soins de base,Soins d'urgence élémentaires"
Amekhlij,Marrakech-Safi,Al Haouz,Ourika,DR,Dispensaire Rural,Soins primaires,"Soins de base,Soins d'urgence élémentaires"
Ourika,Marrakech-Safi,Al Haouz,Ourika,CSR-2,Centre de Santé Rural niveau 2,Soins primaires,"Médecine générale,Soins de base,Vaccination,Soins infirmiers"
Tikhfiste (Oukaimden),Marrakech-Safi,Al Haouz,Oukaimden,CSR-1,Centre de Santé Rural niveau 1,Soins primaires,"Médecine générale,Soins de base,Vaccination,Soins infirmiers"
Taourart,Marrakech-Safi,Al Haouz,Tamaguert,DR,Dispensaire Rural,Soins primaires,"Soins de base,Soins d'urgence élémentaires"
Ait Aadel,Marrakech-Safi,Al Haouz,Ait Aadel,CSR-1,Centre de Santé Rural niveau 1,Soins primaires,"Médecine générale,Soins de base,Vaccination,Soins infirmiers"
Sahrij,Marrakech-Safi,Al Haouz,Abadou,DR,Dispensaire Rural,Soins primaires,"Soins de base,Soins d'urgence élémentaires"
Idgh,Marrakech-Safi,Al Haouz,Zerkten,DR,Dispensaire Rural,Soins primaires,"Soins de base,Soins d'urgence élémentaires"
Abadou,Marrakech-Safi,Al Haouz,Abadou,CSR-2,Centre de Santé Rural niveau 2,Soins primaires,"Médecine générale,Soins de base,Vaccination,Soins infirmiers"
Tizal Ait Abdellah,Marrakech-Safi,Al Haouz,Tazart,DR,Dispensaire Rural,Soins primaires,"Soins de base,Soins d'urgence élémentaires"
Bouaidel,Marrakech-Safi,Al Haouz,Ait Aadel,DR,Dispensaire Rural,Soins primaires,"Soins de base,Soins d'urgence élémentaires"
Taddarte,Marrakech-Safi,Al Haouz,Zerkten,DR,Dispensaire Rural,Soins primaires,"Soins de base,Soins d'urgence élémentaires"
Izagzaouen (Ighi),Marrakech-Safi,Al Haouz,Zerkten,DR,Dispensaire Rural,Soins primaires,"Soins de base,Soins d'urgence élémentaires"
Tazlida (Zerkten),Marrakech-Safi,Al Haouz,Zerkten,CSR-1,Centre de Santé Rural niveau 1,Soins primaires,"Médecine générale,Soins de base,Vaccination,Soins infirmiers"
Ait Ouahlili,Marrakech-Safi,Al Haouz,Touama,DR,Dispensaire Rural,Soins primaires,"Soins de base,Soins d'urgence élémentaires"
Touama,Marrakech-Safi,Al Haouz,Touama,CSR-2,Centre de Santé Rural niveau 2,Soins primaires,"Médecine générale,Soins de base,Vaccination,Soins infirmiers"
Agoujgal,Marrakech-Safi,Al Haouz,Tamaguert,DR,Dispensaire Rural,Soins primaires,"Soins de base,Soins d'urgence élémentaires"
Ihrissane,Marrakech-Safi,Al Haouz,Tazart,DR,Dispensaire Rural,Soins primaires,"Soins de base,Soins d'urgence élémentaires"
Anzal,Marrakech-Safi,Al Haouz,Tazart,DR,Dispensaire Rural,Soins primaires,"Soins de base,Soins d'urgence élémentaires"
Tazart,Marrakech-Safi,Al Haouz,Tazart,CSR-2,Centre de Santé Rural niveau 2,Soins primaires,"Médecine générale,Soins de base,Vaccination,Soins infirmiers"
Toulouzine,Marrakech-Safi,Al Haouz,Tighedouine,DR,Dispensaire Rural,Soins primaires,"Soins de base,Soins d'urgence élémentaires"
Ait Aacha,Marrakech-Safi,Al Haouz,Tighedouine,DR,Dispensaire Rural,Soins primaires,"Soins de base,Soins d'urgence élémentaires"
Tamaroute,Marrakech-Safi,Al Haouz,Tighedouine,DR,Dispensaire Rural,Soins primaires,"Soins de base,Soins d'urgence élémentaires"
Zat,Marrakech-Safi,Al Haouz,Tighedouine,DR,Dispensaire Rural,Soins primaires,"Soins de base,Soins d'urgence élémentaires"
Tighedouine,Marrakech-Safi,Al Haouz,Tighedouine,CSR-2,Centre de Santé Rural niveau 2,Soins primaires,"Médecine générale,Soins de base,Vaccination,Soins infirmiers"
Ait Hkim-Ait Izid,Marrakech-Safi,Al Haouz,Ait Hkim-Ait Yzid,CSR-1,Centre de Santé Rural niveau 1,Soins primaires,"Médecine générale,Soins de base,Vaccination,Soins infirmiers"
Ait Rbaa,Marrakech-Safi,Al Haouz,Ait Aadel,DR,Dispensaire Rural,Soins primaires,"Soins de base,Soins d'urgence élémentaires"
Taguert,Marrakech-Safi,Al Haouz,Tamaguert,CSR-1,Centre de Santé Rural niveau 1,Soins primaires,"Médecine générale,Soins de base,Vaccination,Soins infirmiers"
CDTMR Chichaoua,Marrakech-Safi,Chichaoua,Chichaoua,CDTMR,Centre de Diagnostic et de Traitement des Maladies Respiratoires,Soins primaires,"Pneumologie,Maladies respiratoires,Tuberculose,CDTMR"
Chichaoua,Marrakech-Safi,Chichaoua,Chichaoua,CSU-1,Centre de Santé Urbain niveau 1,Soins primaires,"Médecine générale,Soins de base,Vaccination,Planning familial,Consultation infirmière"
Zaouit Belmkadem,Marrakech-Safi,Chichaoua,Chichaoua,CSU-1,Centre de Santé Urbain niveau 1,Soins primaires,"Médecine générale,Soins de base,Vaccination,Planning familial,Consultation infirmière"
Imintanoute,Marrakech-Safi,Chichaoua,Imintanoute,CSU-2,Centre de Santé Urbain niveau 2,Soins primaires,"Médecine générale,Soins de base,Vaccination,Planning familial,Consultation infirmière"
LEKHNIG,Marrakech-Safi,Chichaoua,Saidate,DR,Dispensaire Rural,Soins primaires,"Soins de base,Soins d'urgence élémentaires"
Saidate,Marrakech-Safi,Chichaoua,Saidate,DR,Dispensaire Rural,Soins primaires,"Soins de base,Soins d'urgence élémentaires"
Agouidir,Marrakech-Safi,Chichaoua,Saidate,CSR-2,Centre de Santé Rural niveau 2,Soins primaires,"Médecine générale,Soins de base,Vaccination,Soins infirmiers"
Sidi Amara,Marrakech-Safi,Chichaoua,Lamzoudia,DR,Dispensaire Rural,Soins primaires,"Soins de base,Soins d'urgence élémentaires"
Lamzoudia,Marrakech-Safi,Chichaoua,Lamzoudia,CSR-2,Centre de Santé Rural niveau 2,Soins primaires,"Médecine générale,Soins de base,Vaccination,Soins infirmiers"
Moulay brahim raha,Marrakech-Safi,Chichaoua,Sidi Bouzid Arragragui,DR,Dispensaire Rural,Soins primaires,"Soins de base,Soins d'urgence élémentaires"
Sidi Bouzid,Marrakech-Safi,Chichaoua,Sidi Bouzid Arragragui,CSR-1,Centre de Santé Rural niveau 1,Soins primaires,"Médecine générale,Soins de base,Vaccination,Soins infirmiers"
Ait Hadi,Marrakech-Safi,Chichaoua,Ait Hadi,CSR-1,Centre de Santé Rural niveau 1,Soins primaires,"Médecine générale,Soins de base,Vaccination,Soins infirmiers"
LAADILATE,Marrakech-Safi,Chichaoua,Ahdil,DR,Dispensaire Rural,Soins primaires,"Soins de base,Soins d'urgence élémentaires"
Ahdil,Marrakech-Safi,Chichaoua,Ahdil,DR,Dispensaire Rural,Soins primaires,"Soins de base,Soins d'urgence élémentaires"
Houggate,Marrakech-Safi,Chichaoua,Ahdil,CSR-1,Centre de Santé Rural niveau 1,Soins primaires,"Médecine générale,Soins de base,Vaccination,Soins infirmiers"
Laghssasla,Marrakech-Safi,Chichaoua,Saidate,DR,Dispensaire Rural,Soins primaires,"Soins de base,Soins d'urgence élémentaires"
S. Mhamed Dalil (Rouafia),Marrakech-Safi,Chichaoua,Sidi M'Hamed Dalil,CSR-1,Centre de Santé Rural niveau 1,Soins primaires,"Médecine générale,Soins de base,Vaccination,Soins infirmiers"
Lmaissra,Marrakech-Safi,Chichaoua,Sidi M'Hamed Dalil,DR,Dispensaire Rural,Soins primaires,"Soins de base,Soins d'urgence élémentaires"
Oulad Moumna,Marrakech-Safi,Chichaoua,Oulad Moumna,CSR-1,Centre de Santé Rural niveau 1,Soins primaires,"Médecine générale,Soins de base,Vaccination,Soins infirmiers"
Lamzara,Marrakech-Safi,Chichaoua,Sid L'Mokhtar,DR,Dispensaire Rural,Soins primaires,"Soins de base,Soins d'urgence élémentaires"
Sid Lmoukhtar,Marrakech-Safi,Chichaoua,Sid L'Mokhtar,CSR-2,Centre de Santé Rural niveau 2,Soins primaires,"Médecine générale,Soins de base,Vaccination,Soins infirmiers"
Lalla Aaziza,Marrakech-Safi,Chichaoua,Lalla Aaziza,CSR-2,Centre de Santé Rural niveau 2,Soins primaires,"Médecine générale,Soins de base,Vaccination,Soins infirmiers"
Tlat idma,Marrakech-Safi,Chichaoua,Lalla Aaziza,DR,Dispensaire Rural,Soins primaires,"Soins de base,Soins d'urgence élémentaires"
Ait Hadou Youssef,Marrakech-Safi,Chichaoua,Ait Haddou Youssef,CSR-2,Centre de Santé Rural niveau 2,Soins primaires,"Médecine générale,Soins de base,Vaccination,Soins infirmiers"
Ouad L'bour (Imi N'laine),Marrakech-Safi,Chichaoua,Ouad L'bour,CSR-1,Centre de Santé Rural niveau 1,Soins primaires,"Médecine générale,Soins de base,Vaccination,Soins infirmiers"
Nfifa (Aratal),Marrakech-Safi,Chichaoua,Nfifa,CSR-2,Centre de Santé Rural niveau 2,Soins primaires,"Médecine générale,Soins de base,Vaccination,Soins infirmiers"
Imlalene,Marrakech-Safi,Chichaoua,Timezgadiouine,DR,Dispensaire Rural,Soins primaires,"Soins de base,Soins d'urgence élémentaires"
Timezgadiouine,Marrakech-Safi,Chichaoua,Timezgadiouine,CSR-2,Centre de Santé Rural niveau 2,Soins primaires,"Médecine générale,Soins de base,Vaccination,Soins infirmiers"
Tamaroute,Marrakech-Safi,Chichaoua,Irohalen,DR,Dispensaire Rural,Soins primaires,"Soins de base,Soins d'urgence élémentaires"
Irohalen,Marrakech-Safi,Chichaoua,Irohalen,CSR-1,Centre de Santé Rural niveau 1,Soins primaires,"Médecine générale,Soins de base,Vaccination,Soins infirmiers"
Ain Tazitounte,Marrakech-Safi,Chichaoua,Ain Tazitounte,CSR-1,Centre de Santé Rural niveau 1,Soins primaires,"Médecine générale,Soins de base,Vaccination,Soins infirmiers"
Akhfarga,Marrakech-Safi,Chichaoua,Afalla Issen,DR,Dispensaire Rural,Soins primaires,"Soins de base,Soins d'urgence élémentaires"
Afella Issen,Marrakech-Safi,Chichaoua,Afalla Issen,CSR-2,Centre de Santé Rural niveau 2,Soins primaires,"Médecine générale,Soins de base,Vaccination,Soins infirmiers"
Ait lahcen,Marrakech-Safi,Chichaoua,Sidi Ghanem,DR,Dispensaire Rural,Soins primaires,"Soins de base,Soins d'urgence élémentaires"
Sidi Ghanem,Marrakech-Safi,Chichaoua,Sidi Ghanem,CSR-1,Centre de Santé Rural niveau 1,Soins primaires,"Médecine générale,Soins de base,Vaccination,Soins infirmiers"
IGUER KSSAOUEN,Marrakech-Safi,Chichaoua,Ouad L'bour,DR,Dispensaire Rural,Soins primaires,"Soins de base,Soins d'urgence élémentaires"
Adassil,Marrakech-Safi,Chichaoua,Adassil,CSR-2,Centre de Santé Rural niveau 2,Soins primaires,"Médecine générale,Soins de base,Vaccination,Soins infirmiers"
Assif El Mal,Marrakech-Safi,Chichaoua,Assif El Mal,CSR-2,Centre de Santé Rural niveau 2,Soins primaires,"Médecine générale,Soins de base,Vaccination,Soins infirmiers"
Imi N'dounite,Marrakech-Safi,Chichaoua,Imindounit,CSR-1,Centre de Santé Rural niveau 1,Soins primaires,"Médecine générale,Soins de base,Vaccination,Soins infirmiers"
ADOUZ,Marrakech-Safi,Chichaoua,Douirane,DR,Dispensaire Rural,Soins primaires,"Soins de base,Soins d'urgence élémentaires"
Dar Mokhtar,Marrakech-Safi,Chichaoua,Gmassa,DR,Dispensaire Rural,Soins primaires,"Soins de base,Soins d'urgence élémentaires"
Borj,Marrakech-Safi,Chichaoua,Zaouia Annahlia,CSR-1,Centre de Santé Rural niveau 1,Soins primaires,"Médecine générale,Soins de base,Vaccination,Soins infirmiers"
Bouzouga,Marrakech-Safi,Chichaoua,M'Zouda,DR,Dispensaire Rural,Soins primaires,"Soins de base,Soins d'urgence élémentaires"
Douirane,Marrakech-Safi,Chichaoua,Douirane,CSR-2,Centre de Santé Rural niveau 2,Soins primaires,"Médecine générale,Soins de base,Vaccination,Soins infirmiers"
Jorf,Marrakech-Safi,Chichaoua,Gmassa,DR,Dispensaire Rural,Soins primaires,"Soins de base,Soins d'urgence élémentaires"
Majjat,Marrakech-Safi,Chichaoua,Majjat,CSR-2,Centre de Santé Rural niveau 2,Soins primaires,"Médecine générale,Soins de base,Vaccination,Soins infirmiers"
M'zouda,Marrakech-Safi,Chichaoua,M'Zouda,CSR-1,Centre de Santé Rural niveau 1,Soins primaires,"Médecine générale,Soins de base,Vaccination,Soins infirmiers"
Igrn Alla,Marrakech-Safi,Chichaoua,M'Zouda,DR,Dispensaire Rural,Soins primaires,"Soins de base,Soins d'urgence élémentaires"
Gmassa,Marrakech-Safi,Chichaoua,Gmassa,CSR-2,Centre de Santé Rural niveau 2,Soins primaires,"Médecine générale,Soins de base,Vaccination,Soins infirmiers"
S. Abdelmoumen,Marrakech-Safi,Chichaoua,Sidi Abdelmoumen,CSR-2,Centre de Santé Rural niveau 2,Soins primaires,"Médecine générale,Soins de base,Vaccination,Soins infirmiers"
Tirkhat (Rahhala),Marrakech-Safi,Chichaoua,Rahhala,DR,Dispensaire Rural,Soins primaires,"Soins de base,Soins d'urgence élémentaires"
Rahhala,Marrakech-Safi,Chichaoua,Rahhala,CSR-1,Centre de Santé Rural niveau 1,Soins primaires,"Médecine générale,Soins de base,Vaccination,Soins infirmiers"
Souk Anzammer,Marrakech-Safi,Chichaoua,Bouabout Amdlane,CSR-1,Centre de Santé Rural niveau 1,Soins primaires,"Médecine générale,Soins de base,Vaccination,Soins infirmiers"
Bouabout,Marrakech-Safi,Chichaoua,Bouabout,CSR-2,Centre de Santé Rural niveau 2,Soins primaires,"Médecine générale,Soins de base,Vaccination,Soins infirmiers"
Alatass,Marrakech-Safi,Chichaoua,Timlilt,DR,Dispensaire Rural,Soins primaires,"Soins de base,Soins d'urgence élémentaires"
Tazzidra,Marrakech-Safi,Chichaoua,Timlilt,DR,Dispensaire Rural,Soins primaires,"Soins de base,Soins d'urgence élémentaires"
Ichamraren,Marrakech-Safi,Chichaoua,Ichamraren,CSR-2,Centre de Santé Rural niveau 2,Soins primaires,"Médecine générale,Soins de base,Vaccination,Soins infirmiers"
R'bat,Marrakech-Safi,Chichaoua,Ichamraren,DR,Dispensaire Rural,Soins primaires,"Soins de base,Soins d'urgence élémentaires"
Taouloukoult,Marrakech-Safi,Chichaoua,Taouloukoult,CSR-2,Centre de Santé Rural niveau 2,Soins primaires,"Médecine générale,Soins de base,Vaccination,Soins infirmiers"
Timlilte,Marrakech-Safi,Chichaoua,Timlilt,CSR-1,Centre de Santé Rural niveau 1,Soins primaires,"Médecine générale,Soins de base,Vaccination,Soins infirmiers"
Kouzemt,Marrakech-Safi,Chichaoua,Kouzemt,CSR-1,Centre de Santé Rural niveau 1,Soins primaires,"Médecine générale,Soins de base,Vaccination,Soins infirmiers"
Attaouia,Marrakech-Safi,El Kelaa Des Sraghna,Laattaouia,CSU-1,Centre de Santé Urbain niveau 1,Soins primaires,"Médecine générale,Soins de base,Vaccination,Planning familial,Consultation infirmière"
Kelaa des Sraghna,Marrakech-Safi,El Kelaa Des Sraghna,El Kelaâ des Sraghna,CRSR,Centre de Référence en Santé de Reproduction,Soins primaires,"Gynécologie,Santé de la reproduction,Planification familiale,Maternité"
Kelaa des Sraghna,Marrakech-Safi,El Kelaa Des Sraghna,El Kelaâ des Sraghna,LSP,Laboratoire de Santé Publique,Soins primaires,Laboratoire d'analyses médicales
CDTMR,Marrakech-Safi,El Kelaa Des Sraghna,El Kelaâ des Sraghna,CDTMR,Centre de Diagnostic et de Traitement des Maladies Respiratoires,Soins primaires,"Pneumologie,Maladies respiratoires,Tuberculose,CDTMR"
Attaouia Centre,Marrakech-Safi,El Kelaa Des Sraghna,Laattaouia,CSU-2,Centre de Santé Urbain niveau 2,Soins primaires,"Médecine générale,Soins de base,Vaccination,Planning familial,Consultation infirmière"
Sidi Rahal,Marrakech-Safi,El Kelaa Des Sraghna,Sidi Rahhal,CSU-2,Centre de Santé Urbain niveau 2,Soins primaires,"Médecine générale,Soins de base,Vaccination,Planning familial,Consultation infirmière"
El Qods,Marrakech-Safi,El Kelaa Des Sraghna,El Kelaâ des Sraghna,CSU-1,Centre de Santé Urbain niveau 1,Soins primaires,"Médecine générale,Soins de base,Vaccination,Planning familial,Consultation infirmière"
Arsa,Marrakech-Safi,El Kelaa Des Sraghna,El Kelaâ des Sraghna,CSU-1,Centre de Santé Urbain niveau 1,Soins primaires,"Médecine générale,Soins de base,Vaccination,Planning familial,Consultation infirmière"
Quartier Administratif,Marrakech-Safi,El Kelaa Des Sraghna,El Kelaâ des Sraghna,CSU-1,Centre de Santé Urbain niveau 1,Soins primaires,"Médecine générale,Soins de base,Vaccination,Planning familial,Consultation infirmière"
Tamallalt,Marrakech-Safi,El Kelaa Des Sraghna,Tamallalt,CSU-1,Centre de Santé Urbain niveau 1,Soins primaires,"Médecine générale,Soins de base,Vaccination,Planning familial,Consultation infirmière"
Hraoua,Marrakech-Safi,El Kelaa Des Sraghna,Sidi Rahhal,CSU-1,Centre de Santé Urbain niveau 1,Soins primaires,"Médecine générale,Soins de base,Vaccination,Planning familial,Consultation infirmière"
El Hana,Marrakech-Safi,El Kelaa Des Sraghna,El Kelaâ des Sraghna,CSU-1,Centre de Santé Urbain niveau 1,Soins primaires,"Médecine générale,Soins de base,Vaccination,Planning familial,Consultation infirmière"
Ouled Yaacoub,Marrakech-Safi,El Kelaa Des Sraghna,Oulad Yaacoub,CSR-1,Centre de Santé Rural niveau 1,Soins primaires,"Médecine générale,Soins de base,Vaccination,Soins infirmiers"
Od El Garne (Souk Sebt),Marrakech-Safi,El Kelaa Des Sraghna,Oulad El Garne,CSR-2,Centre de Santé Rural niveau 2,Soins primaires,"Médecine générale,Soins de base,Vaccination,Soins infirmiers"
Lounasda,Marrakech-Safi,El Kelaa Des Sraghna,Lounasda,CSR-1,Centre de Santé Rural niveau 1,Soins primaires,"Médecine générale,Soins de base,Vaccination,Soins infirmiers"
Sidi Ali B.Nouiti,Marrakech-Safi,El Kelaa Des Sraghna,Oulad Cherki,DR,Dispensaire Rural,Soins primaires,"Soins de base,Soins d'urgence élémentaires"
Oulad Cherki,Marrakech-Safi,El Kelaa Des Sraghna,Oulad Cherki,CSR-1,Centre de Santé Rural niveau 1,Soins primaires,"Médecine générale,Soins de base,Vaccination,Soins infirmiers"
Od Cheikh Garni,Marrakech-Safi,El Kelaa Des Sraghna,Mayate,DR,Dispensaire Rural,Soins primaires,"Soins de base,Soins d'urgence élémentaires"
Mayate,Marrakech-Safi,El Kelaa Des Sraghna,Mayate,DR,Dispensaire Rural,Soins primaires,"Soins de base,Soins d'urgence élémentaires"
Od SABEUR,Marrakech-Safi,El Kelaa Des Sraghna,Mayate,CSR-1,Centre de Santé Rural niveau 1,Soins primaires,"Médecine générale,Soins de base,Vaccination,Soins infirmiers"
El Marbouh,Marrakech-Safi,El Kelaa Des Sraghna,El Marbouh,CSR-1,Centre de Santé Rural niveau 1,Soins primaires,"Médecine générale,Soins de base,Vaccination,Soins infirmiers"
Ouled Arrach,Marrakech-Safi,El Kelaa Des Sraghna,Hiadna,DR,Dispensaire Rural,Soins primaires,"Soins de base,Soins d'urgence élémentaires"
Od Zarrad (Od Bouhmad),Marrakech-Safi,El Kelaa Des Sraghna,Oulad Zarrad,CSR-1,Centre de Santé Rural niveau 1,Soins primaires,"Médecine générale,Soins de base,Vaccination,Soins infirmiers"
Znada (Draoua),Marrakech-Safi,El Kelaa Des Sraghna,Znada,CSR-1,Centre de Santé Rural niveau 1,Soins primaires,"Médecine générale,Soins de base,Vaccination,Soins infirmiers"
Hiadna,Marrakech-Safi,El Kelaa Des Sraghna,Hiadna,CSR-1,Centre de Santé Rural niveau 1,Soins primaires,"Médecine générale,Soins de base,Vaccination,Soins infirmiers"
Oulad Sbih (Od Ali),Marrakech-Safi,El Kelaa Des Sraghna,Oulad Sbih,CSR-1,Centre de Santé Rural niveau 1,Soins primaires,"Médecine générale,Soins de base,Vaccination,Soins infirmiers"
Od Abbou,Marrakech-Safi,El Kelaa Des Sraghna,Laatamna,DR,Dispensaire Rural,Soins primaires,"Soins de base,Soins d'urgence élémentaires"
Bouya Omar (Bourouta),Marrakech-Safi,El Kelaa Des Sraghna,Bouya Omar,CSR-1,Centre de Santé Rural niveau 1,Soins primaires,"Médecine générale,Soins de base,Vaccination,Soins infirmiers"
Lamnassir,Marrakech-Safi,El Kelaa Des Sraghna,Bouya Omar,DR,Dispensaire Rural,Soins primaires,"Soins de base,Soins d'urgence élémentaires"
Ouargui,Marrakech-Safi,El Kelaa Des Sraghna,Ouargui,CSR-1,Centre de Santé Rural niveau 1,Soins primaires,"Médecine générale,Soins de base,Vaccination,Soins infirmiers"
Choaara(Od Amara),Marrakech-Safi,El Kelaa Des Sraghna,Choara,CSR-1,Centre de Santé Rural niveau 1,Soins primaires,"Médecine générale,Soins de base,Vaccination,Soins infirmiers"
Attaouia Echchaybia,Marrakech-Safi,El Kelaa Des Sraghna,Laattaouia Ech-chaibia,CSR-1,Centre de Santé Rural niveau 1,Soins primaires,"Médecine générale,Soins de base,Vaccination,Soins infirmiers"
Oulad Aarrad(Falah),Marrakech-Safi,El Kelaa Des Sraghna,Oulad Aarrad,CSR-1,Centre de Santé Rural niveau 1,Soins primaires,"Médecine générale,Soins de base,Vaccination,Soins infirmiers"
Dzouz (Sidi Brahim ),Marrakech-Safi,El Kelaa Des Sraghna,Dzouz,CSR-1,Centre de Santé Rural niveau 1,Soins primaires,"Médecine générale,Soins de base,Vaccination,Soins infirmiers"
Freita,Marrakech-Safi,El Kelaa Des Sraghna,Fraita,CSR-1,Centre de Santé Rural niveau 1,Soins primaires,"Médecine générale,Soins de base,Vaccination,Soins infirmiers"
Laatamna (Od Ayoub),Marrakech-Safi,El Kelaa Des Sraghna,Laatamna,CSR-1,Centre de Santé Rural niveau 1,Soins primaires,"Médecine générale,Soins de base,Vaccination,Soins infirmiers"
Jbiel (Chlihate),Marrakech-Safi,El Kelaa Des Sraghna,Jbiel,CSR-1,Centre de Santé Rural niveau 1,Soins primaires,"Médecine générale,Soins de base,Vaccination,Soins infirmiers"
Talghomte,Marrakech-Safi,El Kelaa Des Sraghna,Jbiel,DR,Dispensaire Rural,Soins primaires,"Soins de base,Soins d'urgence élémentaires"
Jouala,Marrakech-Safi,El Kelaa Des Sraghna,Jouala,CSR-1,Centre de Santé Rural niveau 1,Soins primaires,"Médecine générale,Soins de base,Vaccination,Soins infirmiers"
Khnaifare,Marrakech-Safi,El Kelaa Des Sraghna,Jouala,DR,Dispensaire Rural,Soins primaires,"Soins de base,Soins d'urgence élémentaires"
Ouled Gaid,Marrakech-Safi,El Kelaa Des Sraghna,Zemrane Charqia,DR,Dispensaire Rural,Soins primaires,"Soins de base,Soins d'urgence élémentaires"
Bouida,Marrakech-Safi,El Kelaa Des Sraghna,Zemrane Charqia,DR,Dispensaire Rural,Soins primaires,"Soins de base,Soins d'urgence élémentaires"
Z. Charqia (Od Naceur),Marrakech-Safi,El Kelaa Des Sraghna,Zemrane Charqia,CSR-1,Centre de Santé Rural niveau 1,Soins primaires,"Médecine générale,Soins de base,Vaccination,Soins infirmiers"
Zemrane (Lakrarma),Marrakech-Safi,El Kelaa Des Sraghna,Zemrane,CSR-1,Centre de Santé Rural niveau 1,Soins primaires,"Médecine générale,Soins de base,Vaccination,Soins infirmiers"
Ait Aissa,Marrakech-Safi,El Kelaa Des Sraghna,Oulad Bouali Loued,DR,Dispensaire Rural,Soins primaires,"Soins de base,Soins d'urgence élémentaires"
Dechra,Marrakech-Safi,El Kelaa Des Sraghna,Eddachra,CSR-1,Centre de Santé Rural niveau 1,Soins primaires,"Médecine générale,Soins de base,Vaccination,Soins infirmiers"
Sidi Moussa (Oulad Saaid),Marrakech-Safi,El Kelaa Des Sraghna,Sidi Moussa,CSR-2,Centre de Santé Rural niveau 2,Soins primaires,"Médecine générale,Soins de base,Vaccination,Soins infirmiers"
Oulad Msabbel,Marrakech-Safi,El Kelaa Des Sraghna,Oulad Msabbel,CSR-1,Centre de Santé Rural niveau 1,Soins primaires,"Médecine générale,Soins de base,Vaccination,Soins infirmiers"
El Amria (Larbaa Ghazet ),Marrakech-Safi,El Kelaa Des Sraghna,El Aamria,CSR-2,Centre de Santé Rural niveau 2,Soins primaires,"Médecine générale,Soins de base,Vaccination,Soins infirmiers"
Boujniba,Marrakech-Safi,El Kelaa Des Sraghna,Oulad Aamer,DR,Dispensaire Rural,Soins primaires,"Soins de base,Soins d'urgence élémentaires"
Od Tarraf,Marrakech-Safi,El Kelaa Des Sraghna,Oulad Msabbel,DR,Dispensaire Rural,Soins primaires,"Soins de base,Soins d'urgence élémentaires"
Taouzint (Ait Si Abdellah),Marrakech-Safi,El Kelaa Des Sraghna,Taouzint,CSR-1,Centre de Santé Rural niveau 1,Soins primaires,"Médecine générale,Soins de base,Vaccination,Soins infirmiers"
Lakhlafna,Marrakech-Safi,El Kelaa Des Sraghna,Sidi El Hattab,DR,Dispensaire Rural,Soins primaires,"Soins de base,Soins d'urgence élémentaires"
Sidi  Hattab (Laazaba),Marrakech-Safi,El Kelaa Des Sraghna,Sidi El Hattab,CSR-1,Centre de Santé Rural niveau 1,Soins primaires,"Médecine générale,Soins de base,Vaccination,Soins infirmiers"
Errafiaya (Qant. Tassaout),Marrakech-Safi,El Kelaa Des Sraghna,Errafiaya,CSR-1,Centre de Santé Rural niveau 1,Soins primaires,"Médecine générale,Soins de base,Vaccination,Soins infirmiers"
Chtaiba,Marrakech-Safi,El Kelaa Des Sraghna,Chtaiba,CSR-1,Centre de Santé Rural niveau 1,Soins primaires,"Médecine générale,Soins de base,Vaccination,Soins infirmiers"
Od Massaoud (Hal L'qoba),Marrakech-Safi,El Kelaa Des Sraghna,Oulad Massaoud,CSR-1,Centre de Santé Rural niveau 1,Soins primaires,"Médecine générale,Soins de base,Vaccination,Soins infirmiers"
Oulad Aamer,Marrakech-Safi,El Kelaa Des Sraghna,Oulad Aamer,CSR-1,Centre de Santé Rural niveau 1,Soins primaires,"Médecine générale,Soins de base,Vaccination,Soins infirmiers"
Od Bouali Loued (Od Klib),Marrakech-Safi,El Kelaa Des Sraghna,Oulad Bouali Loued,CSR-1,Centre de Santé Rural niveau 1,Soins primaires,"Médecine générale,Soins de base,Vaccination,Soins infirmiers"
Lahmadna,Marrakech-Safi,El Kelaa Des Sraghna,Assahrij,DR,Dispensaire Rural,Soins primaires,"Soins de base,Soins d'urgence élémentaires"
Sahrij,Marrakech-Safi,El Kelaa Des Sraghna,Assahrij,CSR-2,Centre de Santé Rural niveau 2,Soins primaires,"Médecine générale,Soins de base,Vaccination,Soins infirmiers"
Od ALI JAMOUAA,Marrakech-Safi,El Kelaa Des Sraghna,Sidi Aissa Ben Slimane,DR,Dispensaire Rural,Soins primaires,"Soins de base,Soins d'urgence élémentaires"
Oulad khallouf Zouitina,Marrakech-Safi,El Kelaa Des Sraghna,Oulad Khallouf,CSR-1,Centre de Santé Rural niveau 1,Soins primaires,"Médecine générale,Soins de base,Vaccination,Soins infirmiers"
Louad Lakhdar(Madiaque),Marrakech-Safi,El Kelaa Des Sraghna,Louad Lakhdar,CSR-2,Centre de Santé Rural niveau 2,Soins primaires,"Médecine générale,Soins de base,Vaccination,Soins infirmiers"
Sidi Driss,Marrakech-Safi,El Kelaa Des Sraghna,Sour El Aaz,DR,Dispensaire Rural,Soins primaires,"Soins de base,Soins d'urgence élémentaires"
S.Aissa B.Slimane,Marrakech-Safi,El Kelaa Des Sraghna,Sidi Aissa Ben Slimane,CSR-1,Centre de Santé Rural niveau 1,Soins primaires,"Médecine générale,Soins de base,Vaccination,Soins infirmiers"
Od S. M'HAMED TOUMI,Marrakech-Safi,El Kelaa Des Sraghna,M'Zem Sanhaja,DR,Dispensaire Rural,Soins primaires,"Soins de base,Soins d'urgence élémentaires"
Ouled Abdellah,Marrakech-Safi,El Kelaa Des Sraghna,Sidi Aissa Ben Slimane,DR,Dispensaire Rural,Soins primaires,"Soins de base,Soins d'urgence élémentaires"
Oulad Khallouf,Marrakech-Safi,El Kelaa Des Sraghna,Oulad Khallouf,DR,Dispensaire Rural,Soins primaires,"Soins de base,Soins d'urgence élémentaires"
Sour El Aaz,Marrakech-Safi,El Kelaa Des Sraghna,Sour El Aaz,CSR-1,Centre de Santé Rural niveau 1,Soins primaires,"Médecine générale,Soins de base,Vaccination,Soins infirmiers"
Tlata Mzem,Marrakech-Safi,El Kelaa Des Sraghna,M'Zem Sanhaja,CSR-2,Centre de Santé Rural niveau 2,Soins primaires,"Médecine générale,Soins de base,Vaccination,Soins infirmiers"
El Ghazoua,Marrakech-Safi,Essaouira,Essaouira,CSU-1,Centre de Santé Urbain niveau 1,Soins primaires,"Médecine générale,Soins de base,Vaccination,Planning familial,Consultation infirmière"
S.Med B. Abdellah,Marrakech-Safi,Essaouira,Essaouira,LSP,Laboratoire de Santé Publique,Soins primaires,Laboratoire d'analyses médicales
Med  B. Ahmed El Bekkal,Marrakech-Safi,Essaouira,Essaouira,CDTMR,Centre de Diagnostic et de Traitement des Maladies Respiratoires,Soins primaires,"Pneumologie,Maladies respiratoires,Tuberculose,CDTMR"
Larbi B.Ahm.L'bennay,Marrakech-Safi,Essaouira,Essaouira,CSU-1,Centre de Santé Urbain niveau 1,Soins primaires,"Médecine générale,Soins de base,Vaccination,Planning familial,Consultation infirmière"
Allal B.Ahmed Amkik,Marrakech-Safi,Essaouira,Essaouira,CSU-1,Centre de Santé Urbain niveau 1,Soins primaires,"Médecine générale,Soins de base,Vaccination,Planning familial,Consultation infirmière"
Rahal B.Ahmed,Marrakech-Safi,Essaouira,Essaouira,CSU-1,Centre de Santé Urbain niveau 1,Soins primaires,"Médecine générale,Soins de base,Vaccination,Planning familial,Consultation infirmière"
La Lagune,Marrakech-Safi,Essaouira,Essaouira,CSU-1,Centre de Santé Urbain niveau 1,Soins primaires,"Médecine générale,Soins de base,Vaccination,Planning familial,Consultation infirmière"
Talmest,Marrakech-Safi,Essaouira,Talmest,CSU-2,Centre de Santé Urbain niveau 2,Soins primaires,"Médecine générale,Soins de base,Vaccination,Planning familial,Consultation infirmière"
Tamanar,Marrakech-Safi,Essaouira,Tamanar,CSU-2,Centre de Santé Urbain niveau 2,Soins primaires,"Médecine générale,Soins de base,Vaccination,Planning familial,Consultation infirmière"
Ait Daoud,Marrakech-Safi,Essaouira,Ait Daoud,CSU-2,Centre de Santé Urbain niveau 2,Soins primaires,"Médecine générale,Soins de base,Vaccination,Planning familial,Consultation infirmière"
El Hanchane,Marrakech-Safi,Essaouira,El Hanchane,CSU-2,Centre de Santé Urbain niveau 2,Soins primaires,"Médecine générale,Soins de base,Vaccination,Planning familial,Consultation infirmière"
Ounagha,Marrakech-Safi,Essaouira,Ounagha,CSR-1,Centre de Santé Rural niveau 1,Soins primaires,"Médecine générale,Soins de base,Vaccination,Soins infirmiers"
Had Dra,Marrakech-Safi,Essaouira,Had Dra,CSR-2,Centre de Santé Rural niveau 2,Soins primaires,"Médecine générale,Soins de base,Vaccination,Soins infirmiers"
Jbilat,Marrakech-Safi,Essaouira,Takate,DR,Dispensaire Rural,Soins primaires,"Soins de base,Soins d'urgence élémentaires"
Takate,Marrakech-Safi,Essaouira,Takate,CSR-1,Centre de Santé Rural niveau 1,Soins primaires,"Médecine générale,Soins de base,Vaccination,Soins infirmiers"
Souk Aame,Marrakech-Safi,Essaouira,Sidi Ishaq,CSR-1,Centre de Santé Rural niveau 1,Soins primaires,"Médecine générale,Soins de base,Vaccination,Soins infirmiers"
Sidi Ali El Korati,Marrakech-Safi,Essaouira,Sidi Ali El Korati,CSR-1,Centre de Santé Rural niveau 1,Soins primaires,"Médecine générale,Soins de base,Vaccination,Soins infirmiers"
Zaouiat Ben Hmida,Marrakech-Safi,Essaouira,Zaouiat Ben Hmida,CSR-1,Centre de Santé Rural niveau 1,Soins primaires,"Médecine générale,Soins de base,Vaccination,Soins infirmiers"
Berrakt Radi,Marrakech-Safi,Essaouira,M'Khalif,CSR-1,Centre de Santé Rural niveau 1,Soins primaires,"Médecine générale,Soins de base,Vaccination,Soins infirmiers"
Akermoud,Marrakech-Safi,Essaouira,Aquermoud,CSR-2,Centre de Santé Rural niveau 2,Soins primaires,"Médecine générale,Soins de base,Vaccination,Soins infirmiers"
Ait Tahria,Marrakech-Safi,Essaouira,Moulay Bouzarqtoune,CSR-1,Centre de Santé Rural niveau 1,Soins primaires,"Médecine générale,Soins de base,Vaccination,Soins infirmiers"
Sidi Abdeljalil,Marrakech-Safi,Essaouira,Sidi Abdeljalil,CSR-1,Centre de Santé Rural niveau 1,Soins primaires,"Médecine générale,Soins de base,Vaccination,Soins infirmiers"
Sidi Laaroussi,Marrakech-Safi,Essaouira,Sidi Laaroussi,CSR-1,Centre de Santé Rural niveau 1,Soins primaires,"Médecine générale,Soins de base,Vaccination,Soins infirmiers"
Skiate,Marrakech-Safi,Essaouira,Sidi Laaroussi,DR,Dispensaire Rural,Soins primaires,"Soins de base,Soins d'urgence élémentaires"
Bir M'zouri,Marrakech-Safi,Essaouira,Ounagha,DR,Dispensaire Rural,Soins primaires,"Soins de base,Soins d'urgence élémentaires"
Targante,Marrakech-Safi,Essaouira,Targante,CSR-1,Centre de Santé Rural niveau 1,Soins primaires,"Médecine générale,Soins de base,Vaccination,Soins infirmiers"
Imerdidsene,Marrakech-Safi,Essaouira,Timizguida-Ouftas,CSR-1,Centre de Santé Rural niveau 1,Soins primaires,"Médecine générale,Soins de base,Vaccination,Soins infirmiers"
Ida Ougourd,Marrakech-Safi,Essaouira,Aguerd,CSR-1,Centre de Santé Rural niveau 1,Soins primaires,"Médecine générale,Soins de base,Vaccination,Soins infirmiers"
Ida ouazza (Toughniste),Marrakech-Safi,Essaouira,Ida Ou Aazza,CSR-1,Centre de Santé Rural niveau 1,Soins primaires,"Médecine générale,Soins de base,Vaccination,Soins infirmiers"
Imi-N'tlit,Marrakech-Safi,Essaouira,Imi N'Tlit,CSR-1,Centre de Santé Rural niveau 1,Soins primaires,"Médecine générale,Soins de base,Vaccination,Soins infirmiers"
S.Ahmed Essayeh,Marrakech-Safi,Essaouira,Sidi Ahmed Essayeh,CSR-1,Centre de Santé Rural niveau 1,Soins primaires,"Médecine générale,Soins de base,Vaccination,Soins infirmiers"
Neknafa,Marrakech-Safi,Essaouira,Sidi El Jazouli,CSR-1,Centre de Santé Rural niveau 1,Soins primaires,"Médecine générale,Soins de base,Vaccination,Soins infirmiers"
S.H'mad Ou Hmed,Marrakech-Safi,Essaouira,Sidi Hmad Ou Hamed,CSR-1,Centre de Santé Rural niveau 1,Soins primaires,"Médecine générale,Soins de base,Vaccination,Soins infirmiers"
Sidi Kaouki,Marrakech-Safi,Essaouira,Sidi Kaouki,CSR-1,Centre de Santé Rural niveau 1,Soins primaires,"Médecine générale,Soins de base,Vaccination,Soins infirmiers"
Smimou,Marrakech-Safi,Essaouira,Smimou,CSR-2,Centre de Santé Rural niveau 2,Soins primaires,"Médecine générale,Soins de base,Vaccination,Soins infirmiers"
Tafedna,Marrakech-Safi,Essaouira,Tafedna,CSR-1,Centre de Santé Rural niveau 1,Soins primaires,"Médecine générale,Soins de base,Vaccination,Soins infirmiers"
Tigoudar,Marrakech-Safi,Essaouira,Tidzi,CSR-1,Centre de Santé Rural niveau 1,Soins primaires,"Médecine générale,Soins de base,Vaccination,Soins infirmiers"
Ait Aissi,Marrakech-Safi,Essaouira,Ait Aissi Ihahane,CSR-1,Centre de Santé Rural niveau 1,Soins primaires,"Médecine générale,Soins de base,Vaccination,Soins infirmiers"
Ida Ouguilloul,Marrakech-Safi,Essaouira,Ida Ou Guelloul,CSR-1,Centre de Santé Rural niveau 1,Soins primaires,"Médecine générale,Soins de base,Vaccination,Soins infirmiers"
Ida Ou Kazzou,Marrakech-Safi,Essaouira,Ida Ou Kazzou,CSR-1,Centre de Santé Rural niveau 1,Soins primaires,"Médecine générale,Soins de base,Vaccination,Soins infirmiers"
Dhar,Marrakech-Safi,Essaouira,Imgrade,CSR-1,Centre de Santé Rural niveau 1,Soins primaires,"Médecine générale,Soins de base,Vaccination,Soins infirmiers"
Tizougate,Marrakech-Safi,Essaouira,Imgrade,DR,Dispensaire Rural,Soins primaires,"Soins de base,Soins d'urgence élémentaires"
Idaoutrouma,Marrakech-Safi,Essaouira,Sidi H'Mad Ou M'Barek,CSR-1,Centre de Santé Rural niveau 1,Soins primaires,"Médecine générale,Soins de base,Vaccination,Soins infirmiers"
Mejji,Marrakech-Safi,Essaouira,Mejji,CSR-1,Centre de Santé Rural niveau 1,Soins primaires,"Médecine générale,Soins de base,Vaccination,Soins infirmiers"
Mouarid,Marrakech-Safi,Essaouira,Mouarid,CSR-1,Centre de Santé Rural niveau 1,Soins primaires,"Médecine générale,Soins de base,Vaccination,Soins infirmiers"
Meskala,Marrakech-Safi,Essaouira,Meskala,CSR-1,Centre de Santé Rural niveau 1,Soins primaires,"Médecine générale,Soins de base,Vaccination,Soins infirmiers"
Korimate,Marrakech-Safi,Essaouira,Korimate,CSR-1,Centre de Santé Rural niveau 1,Soins primaires,"Médecine générale,Soins de base,Vaccination,Soins infirmiers"
Lahsinate,Marrakech-Safi,Essaouira,Lahsinate,CSR-1,Centre de Santé Rural niveau 1,Soins primaires,"Médecine générale,Soins de base,Vaccination,Soins infirmiers"
Lagdadra,Marrakech-Safi,Essaouira,Lagdadra,CSR-1,Centre de Santé Rural niveau 1,Soins primaires,"Médecine générale,Soins de base,Vaccination,Soins infirmiers"
Ait El Haj,Marrakech-Safi,Essaouira,Ait Said,CSR-1,Centre de Santé Rural niveau 1,Soins primaires,"Médecine générale,Soins de base,Vaccination,Soins infirmiers"
Tafetachte,Marrakech-Safi,Essaouira,Tafetachte,CSR-2,Centre de Santé Rural niveau 2,Soins primaires,"Médecine générale,Soins de base,Vaccination,Soins infirmiers"
S.Mhamed Oumarzouq,Marrakech-Safi,Essaouira,Sidi M'Hamed Ou Marzouq,CSR-1,Centre de Santé Rural niveau 1,Soins primaires,"Médecine générale,Soins de base,Vaccination,Soins infirmiers"
Fej Rih,Marrakech-Safi,Essaouira,Sidi Boulaalam,CSR-1,Centre de Santé Rural niveau 1,Soins primaires,"Médecine générale,Soins de base,Vaccination,Soins infirmiers"
Nairat,Marrakech-Safi,Essaouira,Sidi Aissa Regragui,CSR-1,Centre de Santé Rural niveau 1,Soins primaires,"Médecine générale,Soins de base,Vaccination,Soins infirmiers"
Oulad Said,Marrakech-Safi,Essaouira,Oulad M'Rabet,CSR-1,Centre de Santé Rural niveau 1,Soins primaires,"Médecine générale,Soins de base,Vaccination,Soins infirmiers"
Kechoula (Sidi Larbi ),Marrakech-Safi,Essaouira,Kechoula,CSR-1,Centre de Santé Rural niveau 1,Soins primaires,"Médecine générale,Soins de base,Vaccination,Soins infirmiers"
Tabarda,Marrakech-Safi,Essaouira,Mouarid,DR,Dispensaire Rural,Soins primaires,"Soins de base,Soins d'urgence élémentaires"
Mzilate,Marrakech-Safi,Essaouira,Mzilate,CSR-1,Centre de Santé Rural niveau 1,Soins primaires,"Médecine générale,Soins de base,Vaccination,Soins infirmiers"
M'ramer,Marrakech-Safi,Essaouira,M'Ramer,CSR-1,Centre de Santé Rural niveau 1,Soins primaires,"Médecine générale,Soins de base,Vaccination,Soins infirmiers"
Bouzemmour,Marrakech-Safi,Essaouira,Bouzemmour,CSR-1,Centre de Santé Rural niveau 1,Soins primaires,"Médecine générale,Soins de base,Vaccination,Soins infirmiers"
Assais Akrarou,Marrakech-Safi,Essaouira,Assais,CSR-2,Centre de Santé Rural niveau 2,Soins primaires,"Médecine générale,Soins de base,Vaccination,Soins infirmiers"
Aglif,Marrakech-Safi,Essaouira,Aglif,CSR-1,Centre de Santé Rural niveau 1,Soins primaires,"Médecine générale,Soins de base,Vaccination,Soins infirmiers"
Artnan,Marrakech-Safi,Essaouira,Adaghas,DR,Dispensaire Rural,Soins primaires,"Soins de base,Soins d'urgence élémentaires"
Adaghas,Marrakech-Safi,Essaouira,Adaghas,CSR-1,Centre de Santé Rural niveau 1,Soins primaires,"Médecine générale,Soins de base,Vaccination,Soins infirmiers"
Bizdad,Marrakech-Safi,Essaouira,Bizdad,CSR-2,Centre de Santé Rural niveau 2,Soins primaires,"Médecine générale,Soins de base,Vaccination,Soins infirmiers"
Tahelouante,Marrakech-Safi,Essaouira,Tahelouante,CSR-1,Centre de Santé Rural niveau 1,Soins primaires,"Médecine générale,Soins de base,Vaccination,Soins infirmiers"
Ait Zelten,Marrakech-Safi,Essaouira,Sidi Ghaneme,CSR-1,Centre de Santé Rural niveau 1,Soins primaires,"Médecine générale,Soins de base,Vaccination,Soins infirmiers"
Ezzaouite Issoukine,Marrakech-Safi,Essaouira,Ezzaouite,CSR-1,Centre de Santé Rural niveau 1,Soins primaires,"Médecine générale,Soins de base,Vaccination,Soins infirmiers"
Ait Bayoud,Marrakech-Safi,Essaouira,Bizdad,DR,Dispensaire Rural,Soins primaires,"Soins de base,Soins d'urgence élémentaires"
Idaouzemzem,Marrakech-Safi,Essaouira,Bizdad,DR,Dispensaire Rural,Soins primaires,"Soins de base,Soins d'urgence élémentaires"
Takoucht,Marrakech-Safi,Essaouira,Takoucht,CSR-1,Centre de Santé Rural niveau 1,Soins primaires,"Médecine générale,Soins de base,Vaccination,Soins infirmiers"
Sidi Amara,Marrakech-Safi,Marrakech,Méchouar-Kasba,CSU-1,Centre de Santé Urbain niveau 1,Soins primaires,"Médecine générale,Soins de base,Vaccination,Planning familial,Consultation infirmière"
Sraghna,Marrakech-Safi,Marrakech,Gueliz,CSU-1,Centre de Santé Urbain niveau 1,Soins primaires,"Médecine générale,Soins de base,Vaccination,Planning familial,Consultation infirmière"
Iziki,Marrakech-Safi,Marrakech,Ménara,CSU-1,Centre de Santé Urbain niveau 1,Soins primaires,"Médecine générale,Soins de base,Vaccination,Planning familial,Consultation infirmière"
Sidi Moussa,Marrakech-Safi,Marrakech,Tassoultante,CSU-1,Centre de Santé Urbain niveau 1,Soins primaires,"Médecine générale,Soins de base,Vaccination,Planning familial,Consultation infirmière"
Centre De Reference,Marrakech-Safi,Marrakech,Gueliz,CRSR,Centre de Référence en Santé de Reproduction,Soins primaires,"Gynécologie,Santé de la reproduction,Planification familiale,Maternité"
Labo.  Epidemiologique,Marrakech-Safi,Marrakech,Gueliz,LSP,Laboratoire de Santé Publique,Soins primaires,Laboratoire d'analyses médicales
Medina,Marrakech-Safi,Marrakech,Marrakech-Médina,CDTMR,Centre de Diagnostic et de Traitement des Maladies Respiratoires,Soins primaires,"Pneumologie,Maladies respiratoires,Tuberculose,CDTMR"
Chrifia,Marrakech-Safi,Marrakech,Tassoultante,CSU-1,Centre de Santé Urbain niveau 1,Soins primaires,"Médecine générale,Soins de base,Vaccination,Planning familial,Consultation infirmière"
Massira III,Marrakech-Safi,Marrakech,Ménara,CSU-1,Centre de Santé Urbain niveau 1,Soins primaires,"Médecine générale,Soins de base,Vaccination,Planning familial,Consultation infirmière"
Mhamid 9,Marrakech-Safi,Marrakech,Ménara,CSU-1,Centre de Santé Urbain niveau 1,Soins primaires,"Médecine générale,Soins de base,Vaccination,Planning familial,Consultation infirmière"
Ennakhil,Marrakech-Safi,Marrakech,Annakhil,CSU-1,Centre de Santé Urbain niveau 1,Soins primaires,"Médecine générale,Soins de base,Vaccination,Planning familial,Consultation infirmière"
Sidi Youssef Ben Ali,Marrakech-Safi,Marrakech,Sidi Youssef Ben Ali,CSU-1,Centre de Santé Urbain niveau 1,Soins primaires,"Médecine générale,Soins de base,Vaccination,Planning familial,Consultation infirmière"
Houmane El Fetouaki (Askjour),Marrakech-Safi,Marrakech,Ménara,CSU-1,Centre de Santé Urbain niveau 1,Soins primaires,"Médecine générale,Soins de base,Vaccination,Planning familial,Consultation infirmière"
Koudia,Marrakech-Safi,Marrakech,Gueliz,CSU-1,Centre de Santé Urbain niveau 1,Soins primaires,"Médecine générale,Soins de base,Vaccination,Planning familial,Consultation infirmière"
Dar Tounsi,Marrakech-Safi,Marrakech,Annakhil,CSU-1,Centre de Santé Urbain niveau 1,Soins primaires,"Médecine générale,Soins de base,Vaccination,Planning familial,Consultation infirmière"
Ain Itti,Marrakech-Safi,Marrakech,Annakhil,CSU-1,Centre de Santé Urbain niveau 1,Soins primaires,"Médecine générale,Soins de base,Vaccination,Planning familial,Consultation infirmière"
Fekhara,Marrakech-Safi,Marrakech,Annakhil,CSU-1,Centre de Santé Urbain niveau 1,Soins primaires,"Médecine générale,Soins de base,Vaccination,Planning familial,Consultation infirmière"
Hay Mohammadi,Marrakech-Safi,Marrakech,Gueliz,CSU-1,Centre de Santé Urbain niveau 1,Soins primaires,"Médecine générale,Soins de base,Vaccination,Planning familial,Consultation infirmière"
Mohammadia,Marrakech-Safi,Marrakech,Gueliz,CSU-1,Centre de Santé Urbain niveau 1,Soins primaires,"Médecine générale,Soins de base,Vaccination,Planning familial,Consultation infirmière"
Kadi Ayyad,Marrakech-Safi,Marrakech,Gueliz,CSU-1,Centre de Santé Urbain niveau 1,Soins primaires,"Médecine générale,Soins de base,Vaccination,Planning familial,Consultation infirmière"
Bab Doukkala,Marrakech-Safi,Marrakech,Gueliz,CSU-1,Centre de Santé Urbain niveau 1,Soins primaires,"Médecine générale,Soins de base,Vaccination,Planning familial,Consultation infirmière"
Sidi Chanem,Marrakech-Safi,Marrakech,Ménara,CSU-1,Centre de Santé Urbain niveau 1,Soins primaires,"Médecine générale,Soins de base,Vaccination,Planning familial,Consultation infirmière"
Houmane Fetouaki,Marrakech-Safi,Marrakech,Marrakech-Médina,CSU-1,Centre de Santé Urbain niveau 1,Soins primaires,"Médecine générale,Soins de base,Vaccination,Planning familial,Consultation infirmière"
Arsat Moha,Marrakech-Safi,Marrakech,Marrakech-Médina,CSU-1,Centre de Santé Urbain niveau 1,Soins primaires,"Médecine générale,Soins de base,Vaccination,Planning familial,Consultation infirmière"
Bahia,Marrakech-Safi,Marrakech,Marrakech-Médina,CSU-1,Centre de Santé Urbain niveau 1,Soins primaires,"Médecine générale,Soins de base,Vaccination,Planning familial,Consultation infirmière"
Agdal Ba Ahmed,Marrakech-Safi,Marrakech,Marrakech-Médina,CSU-1,Centre de Santé Urbain niveau 1,Soins primaires,"Médecine générale,Soins de base,Vaccination,Planning familial,Consultation infirmière"
Bab Aylane,Marrakech-Safi,Marrakech,Marrakech-Médina,CSU-1,Centre de Santé Urbain niveau 1,Soins primaires,"Médecine générale,Soins de base,Vaccination,Planning familial,Consultation infirmière"
Mouassine,Marrakech-Safi,Marrakech,Marrakech-Médina,CSU-1,Centre de Santé Urbain niveau 1,Soins primaires,"Médecine générale,Soins de base,Vaccination,Planning familial,Consultation infirmière"
Mokef,Marrakech-Safi,Marrakech,Marrakech-Médina,CSU-1,Centre de Santé Urbain niveau 1,Soins primaires,"Médecine générale,Soins de base,Vaccination,Planning familial,Consultation infirmière"
Bab Taghzout,Marrakech-Safi,Marrakech,Marrakech-Médina,CSU-1,Centre de Santé Urbain niveau 1,Soins primaires,"Médecine générale,Soins de base,Vaccination,Planning familial,Consultation infirmière"
Morstane,Marrakech-Safi,Marrakech,Marrakech-Médina,CSU-1,Centre de Santé Urbain niveau 1,Soins primaires,"Médecine générale,Soins de base,Vaccination,Planning familial,Consultation infirmière"
Abbassy,Marrakech-Safi,Marrakech,Marrakech-Médina,CSU-1,Centre de Santé Urbain niveau 1,Soins primaires,"Médecine générale,Soins de base,Vaccination,Planning familial,Consultation infirmière"
Zraib,Marrakech-Safi,Marrakech,Marrakech-Médina,CSU-1,Centre de Santé Urbain niveau 1,Soins primaires,"Médecine générale,Soins de base,Vaccination,Planning familial,Consultation infirmière"
Ryad Laarouss,Marrakech-Safi,Marrakech,Marrakech-Médina,CSU-1,Centre de Santé Urbain niveau 1,Soins primaires,"Médecine générale,Soins de base,Vaccination,Planning familial,Consultation infirmière"
Dar El Bacha,Marrakech-Safi,Marrakech,Marrakech-Médina,CSU-1,Centre de Santé Urbain niveau 1,Soins primaires,"Médecine générale,Soins de base,Vaccination,Planning familial,Consultation infirmière"
Massira I,Marrakech-Safi,Marrakech,Ménara,CSU-2,Centre de Santé Urbain niveau 2,Soins primaires,"Médecine générale,Soins de base,Vaccination,Planning familial,Consultation infirmière"
Hay Hassani,Marrakech-Safi,Marrakech,Ménara,CSU-1,Centre de Santé Urbain niveau 1,Soins primaires,"Médecine générale,Soins de base,Vaccination,Planning familial,Consultation infirmière"
Castor,Marrakech-Safi,Marrakech,Ménara,CSU-1,Centre de Santé Urbain niveau 1,Soins primaires,"Médecine générale,Soins de base,Vaccination,Planning familial,Consultation infirmière"
Mhamid,Marrakech-Safi,Marrakech,Ménara,CSU-1,Centre de Santé Urbain niveau 1,Soins primaires,"Médecine générale,Soins de base,Vaccination,Planning familial,Consultation infirmière"
Akiod,Marrakech-Safi,Marrakech,Gueliz,CSU-1,Centre de Santé Urbain niveau 1,Soins primaires,"Médecine générale,Soins de base,Vaccination,Planning familial,Consultation infirmière"
Azli,Marrakech-Safi,Marrakech,Ménara,CSU-1,Centre de Santé Urbain niveau 1,Soins primaires,"Médecine générale,Soins de base,Vaccination,Planning familial,Consultation infirmière"
Maatallah,Marrakech-Safi,Marrakech,Ménara,CSU-1,Centre de Santé Urbain niveau 1,Soins primaires,"Médecine générale,Soins de base,Vaccination,Planning familial,Consultation infirmière"
Azzouzia,Marrakech-Safi,Marrakech,Ménara,CSU-1,Centre de Santé Urbain niveau 1,Soins primaires,"Médecine générale,Soins de base,Vaccination,Planning familial,Consultation infirmière"
Massira II,Marrakech-Safi,Marrakech,Ménara,CSU-1,Centre de Santé Urbain niveau 1,Soins primaires,"Médecine générale,Soins de base,Vaccination,Planning familial,Consultation infirmière"
Youssef  B.Tachfine,Marrakech-Safi,Marrakech,Sidi Youssef Ben Ali,CSU-2,Centre de Santé Urbain niveau 2,Soins primaires,"Médecine générale,Soins de base,Vaccination,Planning familial,Consultation infirmière"
Kobba,Marrakech-Safi,Marrakech,Sidi Youssef Ben Ali,CSU-1,Centre de Santé Urbain niveau 1,Soins primaires,"Médecine générale,Soins de base,Vaccination,Planning familial,Consultation infirmière"
Oasis,Marrakech-Safi,Marrakech,Sidi Youssef Ben Ali,CSU-1,Centre de Santé Urbain niveau 1,Soins primaires,"Médecine générale,Soins de base,Vaccination,Planning familial,Consultation infirmière"
Chouhada,Marrakech-Safi,Marrakech,Sidi Youssef Ben Ali,CSU-1,Centre de Santé Urbain niveau 1,Soins primaires,"Médecine générale,Soins de base,Vaccination,Planning familial,Consultation infirmière"
Mellah,Marrakech-Safi,Marrakech,Marrakech-Médina,CSU-2,Centre de Santé Urbain niveau 2,Soins primaires,"Médecine générale,Soins de base,Vaccination,Planning familial,Consultation infirmière"
El Kasbah,Marrakech-Safi,Marrakech,Méchouar-Kasba,CSU-1,Centre de Santé Urbain niveau 1,Soins primaires,"Médecine générale,Soins de base,Vaccination,Planning familial,Consultation infirmière"
Ouahat S.Brahim (Oulad Belaaguid),Marrakech-Safi,Marrakech,Ouahat Sidi Brahim,CSR-2,Centre de Santé Rural niveau 2,Soins primaires,"Médecine générale,Soins de base,Vaccination,Soins infirmiers"
Zaouit Ben Sassi,Marrakech-Safi,Marrakech,Oulad Hassoune,DR,Dispensaire Rural,Soins primaires,"Soins de base,Soins d'urgence élémentaires"
Oulad Mezzoug,Marrakech-Safi,Marrakech,Oulad Hassoune,DR,Dispensaire Rural,Soins primaires,"Soins de base,Soins d'urgence élémentaires"
Oulad Hassoune,Marrakech-Safi,Marrakech,Oulad Hassoune,DR,Dispensaire Rural,Soins primaires,"Soins de base,Soins d'urgence élémentaires"
Mhamdia,Marrakech-Safi,Marrakech,Alouidane,DR,Dispensaire Rural,Soins primaires,"Soins de base,Soins d'urgence élémentaires"
Beggara,Marrakech-Safi,Marrakech,Alouidane,DR,Dispensaire Rural,Soins primaires,"Soins de base,Soins d'urgence élémentaires"
Touihina,Marrakech-Safi,Marrakech,Alouidane,DR,Dispensaire Rural,Soins primaires,"Soins de base,Soins d'urgence élémentaires"
Chouiter,Marrakech-Safi,Marrakech,Alouidane,CSR-1,Centre de Santé Rural niveau 1,Soins primaires,"Médecine générale,Soins de base,Vaccination,Soins infirmiers"
Ouad Lahjar,Marrakech-Safi,Marrakech,Oulad Hassoune,CSR-2,Centre de Santé Rural niveau 2,Soins primaires,"Médecine générale,Soins de base,Vaccination,Soins infirmiers"
Kettara,Marrakech-Safi,Marrakech,M'Nabha,CSR-2,Centre de Santé Rural niveau 2,Soins primaires,"Médecine générale,Soins de base,Vaccination,Soins infirmiers"
Azib Sid Zouine,Marrakech-Safi,Marrakech,Ouled Dlim,DR,Dispensaire Rural,Soins primaires,"Soins de base,Soins d'urgence élémentaires"
Abda Scarna,Marrakech-Safi,Marrakech,Ouled Dlim,DR,Dispensaire Rural,Soins primaires,"Soins de base,Soins d'urgence élémentaires"
Hayyane,Marrakech-Safi,Marrakech,Ouled Dlim,DR,Dispensaire Rural,Soins primaires,"Soins de base,Soins d'urgence élémentaires"
Ouled Dlim,Marrakech-Safi,Marrakech,Ouled Dlim,DR,Dispensaire Rural,Soins primaires,"Soins de base,Soins d'urgence élémentaires"
Centre 44,Marrakech-Safi,Marrakech,Ouled Dlim,CSR-1,Centre de Santé Rural niveau 1,Soins primaires,"Médecine générale,Soins de base,Vaccination,Soins infirmiers"
Tamansourt-B,Marrakech-Safi,Marrakech,Harbil,CSR-1,Centre de Santé Rural niveau 1,Soins primaires,"Médecine générale,Soins de base,Vaccination,Soins infirmiers"
Ait Bella Ousaid,Marrakech-Safi,Marrakech,Harbil,DR,Dispensaire Rural,Soins primaires,"Soins de base,Soins d'urgence élémentaires"
Harbil (Nzalt Lharmel ),Marrakech-Safi,Marrakech,Harbil,CSR-1,Centre de Santé Rural niveau 1,Soins primaires,"Médecine générale,Soins de base,Vaccination,Soins infirmiers"
Had Mnabha,Marrakech-Safi,Marrakech,M'Nabha,DR,Dispensaire Rural,Soins primaires,"Soins de base,Soins d'urgence élémentaires"
Tamansourt A,Marrakech-Safi,Marrakech,Harbil,CSU-1,Centre de Santé Urbain niveau 1,Soins primaires,"Médecine générale,Soins de base,Vaccination,Planning familial,Consultation infirmière"
Ait Daoud (Agafai),Marrakech-Safi,Marrakech,Agafay,CSR-1,Centre de Santé Rural niveau 1,Soins primaires,"Médecine générale,Soins de base,Vaccination,Soins infirmiers"
Sid Zouine,Marrakech-Safi,Marrakech,Sid Zouine,CSR-2,Centre de Santé Rural niveau 2,Soins primaires,"Médecine générale,Soins de base,Vaccination,Soins infirmiers"
Loudaya,Marrakech-Safi,Marrakech,Loudaya,CSR-2,Centre de Santé Rural niveau 2,Soins primaires,"Médecine générale,Soins de base,Vaccination,Soins infirmiers"
Ait Imour,Marrakech-Safi,Marrakech,Ait Imour,CSR-2,Centre de Santé Rural niveau 2,Soins primaires,"Médecine générale,Soins de base,Vaccination,Soins infirmiers"
SAADA I (Taaouniat El Fath),Marrakech-Safi,Marrakech,Saada,CSR-1,Centre de Santé Rural niveau 1,Soins primaires,"Médecine générale,Soins de base,Vaccination,Soins infirmiers"
Souihla,Marrakech-Safi,Marrakech,Souihla,CSR-1,Centre de Santé Rural niveau 1,Soins primaires,"Médecine générale,Soins de base,Vaccination,Soins infirmiers"
Saada Iii (Harbil),Marrakech-Safi,Marrakech,Saada,DR,Dispensaire Rural,Soins primaires,"Soins de base,Soins d'urgence élémentaires"
Saada Ii (Ferme Laaraj),Marrakech-Safi,Marrakech,Saada,DR,Dispensaire Rural,Soins primaires,"Soins de base,Soins d'urgence élémentaires"
Melouane,Marrakech-Safi,Marrakech,Souihla,DR,Dispensaire Rural,Soins primaires,"Soins de base,Soins d'urgence élémentaires"
Dar Essalam(Amira),Marrakech-Safi,Marrakech,Saada,DR,Dispensaire Rural,Soins primaires,"Soins de base,Soins d'urgence élémentaires"
Ryad,Marrakech-Safi,Rehamena,Ben Guerir,CSU-1,Centre de Santé Urbain niveau 1,Soins primaires,"Médecine générale,Soins de base,Vaccination,Planning familial,Consultation infirmière"
Benguerir,Marrakech-Safi,Rehamena,Ben Guerir,CRSR,Centre de Référence en Santé de Reproduction,Soins primaires,"Gynécologie,Santé de la reproduction,Planification familiale,Maternité"
Takaddoum (Ben Guerir),Marrakech-Safi,Rehamena,Ben Guerir,CSU-1,Centre de Santé Urbain niveau 1,Soins primaires,"Médecine générale,Soins de base,Vaccination,Planning familial,Consultation infirmière"
Ifriquia 2,Marrakech-Safi,Rehamena,Ben Guerir,CDTMR,Centre de Diagnostic et de Traitement des Maladies Respiratoires,Soins primaires,"Pneumologie,Maladies respiratoires,Tuberculose,CDTMR"
Chems,Marrakech-Safi,Rehamena,Sidi Bou Othmane,CSU-1,Centre de Santé Urbain niveau 1,Soins primaires,"Médecine générale,Soins de base,Vaccination,Planning familial,Consultation infirmière"
Sidi Bou Othmane,Marrakech-Safi,Rehamena,Sidi Bou Othmane,CSU-2,Centre de Santé Urbain niveau 2,Soins primaires,"Médecine générale,Soins de base,Vaccination,Planning familial,Consultation infirmière"
Ifriquia,Marrakech-Safi,Rehamena,Ben Guerir,CSU-1,Centre de Santé Urbain niveau 1,Soins primaires,"Médecine générale,Soins de base,Vaccination,Planning familial,Consultation infirmière"
Od El Hadj,Marrakech-Safi,Rehamena,Labrikiyne,DR,Dispensaire Rural,Soins primaires,"Soins de base,Soins d'urgence élémentaires"
Ait Taleb,Marrakech-Safi,Rehamena,Ait Taleb,CSR-1,Centre de Santé Rural niveau 1,Soins primaires,"Médecine générale,Soins de base,Vaccination,Soins infirmiers"
Tadlate,Marrakech-Safi,Rehamena,Ait Taleb,DR,Dispensaire Rural,Soins primaires,"Soins de base,Soins d'urgence élémentaires"
Skhour Rhamna,Marrakech-Safi,Rehamena,Skhour Rehamna,CSR-2,Centre de Santé Rural niveau 2,Soins primaires,"Médecine générale,Soins de base,Vaccination,Soins infirmiers"
Od AMER TIZMARINE,Marrakech-Safi,Rehamena,Oulad Aamer Tizmarine,CSR-1,Centre de Santé Rural niveau 1,Soins primaires,"Médecine générale,Soins de base,Vaccination,Soins infirmiers"
Ait Hammou,Marrakech-Safi,Rehamena,Ait Hammou,CSR-1,Centre de Santé Rural niveau 1,Soins primaires,"Médecine générale,Soins de base,Vaccination,Soins infirmiers"
Oulad Abid Hommad,Marrakech-Safi,Rehamena,Ait Hammou,DR,Dispensaire Rural,Soins primaires,"Soins de base,Soins d'urgence élémentaires"
Sidi Abdellah,Marrakech-Safi,Rehamena,Sidi Abdallah,CSR-1,Centre de Santé Rural niveau 1,Soins primaires,"Médecine générale,Soins de base,Vaccination,Soins infirmiers"
Skoura Lhadra (Od Z. Nass),Marrakech-Safi,Rehamena,Skoura Lhadra,DR,Dispensaire Rural,Soins primaires,"Soins de base,Soins d'urgence élémentaires"
Skoura Laananat,Marrakech-Safi,Rehamena,Skoura Lhadra,CSR-2,Centre de Santé Rural niveau 2,Soins primaires,"Médecine générale,Soins de base,Vaccination,Soins infirmiers"
Labrikiyne,Marrakech-Safi,Rehamena,Labrikiyne,CSR-2,Centre de Santé Rural niveau 2,Soins primaires,"Médecine générale,Soins de base,Vaccination,Soins infirmiers"
Od HASSOUNE,Marrakech-Safi,Rehamena,Oulad Hassoune Hamri,CSR-1,Centre de Santé Rural niveau 1,Soins primaires,"Médecine générale,Soins de base,Vaccination,Soins infirmiers"
S.Ali Labrahla,Marrakech-Safi,Rehamena,Sidi Ali Labrahla,CSR-1,Centre de Santé Rural niveau 1,Soins primaires,"Médecine générale,Soins de base,Vaccination,Soins infirmiers"
Sidi  Mansour,Marrakech-Safi,Rehamena,Sidi Mansour,CSR-1,Centre de Santé Rural niveau 1,Soins primaires,"Médecine générale,Soins de base,Vaccination,Soins infirmiers"
S. Ghanem (Ouled Abbou),Marrakech-Safi,Rehamena,Sidi Ghanem,CSR-2,Centre de Santé Rural niveau 2,Soins primaires,"Médecine générale,Soins de base,Vaccination,Soins infirmiers"
Bouchane,Marrakech-Safi,Rehamena,Bouchane,CSR-2,Centre de Santé Rural niveau 2,Soins primaires,"Médecine générale,Soins de base,Vaccination,Soins infirmiers"
Jaafra,Marrakech-Safi,Rehamena,Jaafra,CSR-1,Centre de Santé Rural niveau 1,Soins primaires,"Médecine générale,Soins de base,Vaccination,Soins infirmiers"
Jbilate,Marrakech-Safi,Rehamena,Jbilate,CSR-1,Centre de Santé Rural niveau 1,Soins primaires,"Médecine générale,Soins de base,Vaccination,Soins infirmiers"
Lamharra,Marrakech-Safi,Rehamena,Lamharra,CSR-2,Centre de Santé Rural niveau 2,Soins primaires,"Médecine générale,Soins de base,Vaccination,Soins infirmiers"
Od ZBAIR,Marrakech-Safi,Rehamena,Sidi Boubker,DR,Dispensaire Rural,Soins primaires,"Soins de base,Soins d'urgence élémentaires"
Sidi Boubker,Marrakech-Safi,Rehamena,Sidi Boubker,CSR-1,Centre de Santé Rural niveau 1,Soins primaires,"Médecine générale,Soins de base,Vaccination,Soins infirmiers"
Bourrous,Marrakech-Safi,Rehamena,Bourrous,CSR-1,Centre de Santé Rural niveau 1,Soins primaires,"Médecine générale,Soins de base,Vaccination,Soins infirmiers"
Ras  El Ain,Marrakech-Safi,Rehamena,Ras Ain Rhamna,CSR-2,Centre de Santé Rural niveau 2,Soins primaires,"Médecine générale,Soins de base,Vaccination,Soins infirmiers"
Jaidate,Marrakech-Safi,Rehamena,Jaidate,CSR-1,Centre de Santé Rural niveau 1,Soins primaires,"Médecine générale,Soins de base,Vaccination,Soins infirmiers"
Tlauh,Marrakech-Safi,Rehamena,Tlauh,CSR-1,Centre de Santé Rural niveau 1,Soins primaires,"Médecine générale,Soins de base,Vaccination,Soins infirmiers"
Akarma,Marrakech-Safi,Rehamena,Akarma,CSR-1,Centre de Santé Rural niveau 1,Soins primaires,"Médecine générale,Soins de base,Vaccination,Soins infirmiers"
Oulad Imloul,Marrakech-Safi,Rehamena,Oulad Imloul,CSR-1,Centre de Santé Rural niveau 1,Soins primaires,"Médecine générale,Soins de base,Vaccination,Soins infirmiers"
Nzalat Laadam,Marrakech-Safi,Rehamena,Nzalat Laadam,CSR-2,Centre de Santé Rural niveau 2,Soins primaires,"Médecine générale,Soins de base,Vaccination,Soins infirmiers"
Centre De Reference,Marrakech-Safi,Safi,Safi,CRSR,Centre de Référence en Santé de Reproduction,Soins primaires,"Gynécologie,Santé de la reproduction,Planification familiale,Maternité"
Labo. Epidemiologique,Marrakech-Safi,Safi,Safi,LSP,Laboratoire de Santé Publique,Soins primaires,Laboratoire d'analyses médicales
Jrifat,Marrakech-Safi,Safi,Safi,CSU-1,Centre de Santé Urbain niveau 1,Soins primaires,"Médecine générale,Soins de base,Vaccination,Planning familial,Consultation infirmière"
Oukba Ibnou Nafia,Marrakech-Safi,Safi,Safi,CSU-1,Centre de Santé Urbain niveau 1,Soins primaires,"Médecine générale,Soins de base,Vaccination,Planning familial,Consultation infirmière"
Sfa,Marrakech-Safi,Safi,Safi,CSU-1,Centre de Santé Urbain niveau 1,Soins primaires,"Médecine générale,Soins de base,Vaccination,Planning familial,Consultation infirmière"
Medina,Marrakech-Safi,Safi,Safi,CSU-1,Centre de Santé Urbain niveau 1,Soins primaires,"Médecine générale,Soins de base,Vaccination,Planning familial,Consultation infirmière"
Anass,Marrakech-Safi,Safi,Safi,CSU-1,Centre de Santé Urbain niveau 1,Soins primaires,"Médecine générale,Soins de base,Vaccination,Planning familial,Consultation infirmière"
Sidi Ouassel,Marrakech-Safi,Safi,Safi,CSU-1,Centre de Santé Urbain niveau 1,Soins primaires,"Médecine générale,Soins de base,Vaccination,Planning familial,Consultation infirmière"
Kawki,Marrakech-Safi,Safi,Safi,CSU-1,Centre de Santé Urbain niveau 1,Soins primaires,"Médecine générale,Soins de base,Vaccination,Planning familial,Consultation infirmière"
Kolea,Marrakech-Safi,Safi,Safi,CSU-1,Centre de Santé Urbain niveau 1,Soins primaires,"Médecine générale,Soins de base,Vaccination,Planning familial,Consultation infirmière"
Zin El Aabidine,Marrakech-Safi,Safi,Safi,CSU-1,Centre de Santé Urbain niveau 1,Soins primaires,"Médecine générale,Soins de base,Vaccination,Planning familial,Consultation infirmière"
Sebt Gzoula,Marrakech-Safi,Safi,Sebt Gzoula,CSU-2,Centre de Santé Urbain niveau 2,Soins primaires,"Médecine générale,Soins de base,Vaccination,Planning familial,Consultation infirmière"
Jamaat Shaim,Marrakech-Safi,Safi,Jamaat Shaim,CSU-2,Centre de Santé Urbain niveau 2,Soins primaires,"Médecine générale,Soins de base,Vaccination,Planning familial,Consultation infirmière"
Ibn Rochd,Marrakech-Safi,Safi,Safi,CSU-1,Centre de Santé Urbain niveau 1,Soins primaires,"Médecine générale,Soins de base,Vaccination,Planning familial,Consultation infirmière"
Kariat Chems,Marrakech-Safi,Safi,Safi,CSU-1,Centre de Santé Urbain niveau 1,Soins primaires,"Médecine générale,Soins de base,Vaccination,Planning familial,Consultation infirmière"
Sidi Bouzid,Marrakech-Safi,Safi,Safi,CSU-1,Centre de Santé Urbain niveau 1,Soins primaires,"Médecine générale,Soins de base,Vaccination,Planning familial,Consultation infirmière"
Sidi Abdelkrim,Marrakech-Safi,Safi,Safi,CSU-1,Centre de Santé Urbain niveau 1,Soins primaires,"Médecine générale,Soins de base,Vaccination,Planning familial,Consultation infirmière"
Biyada,Marrakech-Safi,Safi,Safi,CSU-1,Centre de Santé Urbain niveau 1,Soins primaires,"Médecine générale,Soins de base,Vaccination,Planning familial,Consultation infirmière"
C.Diagnostic Tuberculose,Marrakech-Safi,Safi,Safi,CDTMR,Centre de Diagnostic et de Traitement des Maladies Respiratoires,Soins primaires,"Pneumologie,Maladies respiratoires,Tuberculose,CDTMR"
Aviation (Al Matar),Marrakech-Safi,Safi,Safi,CSU-1,Centre de Santé Urbain niveau 1,Soins primaires,"Médecine générale,Soins de base,Vaccination,Planning familial,Consultation infirmière"
Azib Darai,Marrakech-Safi,Safi,Safi,CSU-1,Centre de Santé Urbain niveau 1,Soins primaires,"Médecine générale,Soins de base,Vaccination,Planning familial,Consultation infirmière"
labkhati,Marrakech-Safi,Safi,Labkhati,CSR-1,Centre de Santé Rural niveau 1,Soins primaires,"Médecine générale,Soins de base,Vaccination,Soins infirmiers"
Lamsabih,Marrakech-Safi,Safi,Lamsabih,CSR-1,Centre de Santé Rural niveau 1,Soins primaires,"Médecine générale,Soins de base,Vaccination,Soins infirmiers"
El Gourani,Marrakech-Safi,Safi,El Gouraani,CSR-1,Centre de Santé Rural niveau 1,Soins primaires,"Médecine générale,Soins de base,Vaccination,Soins infirmiers"
sidi Aissa,Marrakech-Safi,Safi,Sidi Aissa,CSR-1,Centre de Santé Rural niveau 1,Soins primaires,"Médecine générale,Soins de base,Vaccination,Soins infirmiers"
Lamrasla,Marrakech-Safi,Safi,Lamrasla,CSR-1,Centre de Santé Rural niveau 1,Soins primaires,"Médecine générale,Soins de base,Vaccination,Soins infirmiers"
Sidi Ettijji,Marrakech-Safi,Safi,Sidi Ettiji,CSR-1,Centre de Santé Rural niveau 1,Soins primaires,"Médecine générale,Soins de base,Vaccination,Soins infirmiers"
Chahda,Marrakech-Safi,Safi,Chahda,CSR-1,Centre de Santé Rural niveau 1,Soins primaires,"Médecine générale,Soins de base,Vaccination,Soins infirmiers"
Bouguedra,Marrakech-Safi,Safi,Bouguedra,CSR-2,Centre de Santé Rural niveau 2,Soins primaires,"Médecine générale,Soins de base,Vaccination,Soins infirmiers"
Lahdar,Marrakech-Safi,Safi,Lahdar,CSR-1,Centre de Santé Rural niveau 1,Soins primaires,"Médecine générale,Soins de base,Vaccination,Soins infirmiers"
El Ghiate,Marrakech-Safi,Safi,El Ghiate,CSR-2,Centre de Santé Rural niveau 2,Soins primaires,"Médecine générale,Soins de base,Vaccination,Soins infirmiers"
Od AISSA,Marrakech-Safi,Safi,El Ghiate,DR,Dispensaire Rural,Soins primaires,"Soins de base,Soins d'urgence élémentaires"
Hall Louad,Marrakech-Safi,Safi,Lamaachate,DR,Dispensaire Rural,Soins primaires,"Soins de base,Soins d'urgence élémentaires"
Souiria Kdima,Marrakech-Safi,Safi,Lamaachate,CSR-1,Centre de Santé Rural niveau 1,Soins primaires,"Médecine générale,Soins de base,Vaccination,Soins infirmiers"
Atouabet,Marrakech-Safi,Safi,Atouabet,DR,Dispensaire Rural,Soins primaires,"Soins de base,Soins d'urgence élémentaires"
Dar Lamine,Marrakech-Safi,Safi,Atouabet,CSR-1,Centre de Santé Rural niveau 1,Soins primaires,"Médecine générale,Soins de base,Vaccination,Soins infirmiers"
Mostafa Zargui,Marrakech-Safi,Safi,Nagga,CSR-2,Centre de Santé Rural niveau 2,Soins primaires,"Médecine générale,Soins de base,Vaccination,Soins infirmiers"
Khatazakane,Marrakech-Safi,Safi,Khatazakane,CSR-1,Centre de Santé Rural niveau 1,Soins primaires,"Médecine générale,Soins de base,Vaccination,Soins infirmiers"
Od SALMAN (SIDI SAID),Marrakech-Safi,Safi,Ouled Salmane,CSR-1,Centre de Santé Rural niveau 1,Soins primaires,"Médecine générale,Soins de base,Vaccination,Soins infirmiers"
Bouderaa,Marrakech-Safi,Safi,Laamamra,CSR-1,Centre de Santé Rural niveau 1,Soins primaires,"Médecine générale,Soins de base,Vaccination,Soins infirmiers"
Laghouizate,Marrakech-Safi,Safi,Laamamra,DR,Dispensaire Rural,Soins primaires,"Soins de base,Soins d'urgence élémentaires"
Dar El Caid,Marrakech-Safi,Safi,Dar Si Aissa,CSR-1,Centre de Santé Rural niveau 1,Soins primaires,"Médecine générale,Soins de base,Vaccination,Soins infirmiers"
El Beddouza,Marrakech-Safi,Safi,El Beddouza,CSR-2,Centre de Santé Rural niveau 2,Soins primaires,"Médecine générale,Soins de base,Vaccination,Soins infirmiers"
Moul El Bergui,Marrakech-Safi,Safi,Moul El Bergui,CSR-1,Centre de Santé Rural niveau 1,Soins primaires,"Médecine générale,Soins de base,Vaccination,Soins infirmiers"
Hrara,Marrakech-Safi,Safi,Hrara,CSR-2,Centre de Santé Rural niveau 2,Soins primaires,"Médecine générale,Soins de base,Vaccination,Soins infirmiers"
Loulad,Marrakech-Safi,Safi,Saadla,CSR-1,Centre de Santé Rural niveau 1,Soins primaires,"Médecine générale,Soins de base,Vaccination,Soins infirmiers"
Laakarta,Marrakech-Safi,Safi,Ayir,CSR-1,Centre de Santé Rural niveau 1,Soins primaires,"Médecine générale,Soins de base,Vaccination,Soins infirmiers"
Youssoufia,Marrakech-Safi,Youssoufia,Youssoufia,CRSR,Centre de Référence en Santé de Reproduction,Soins primaires,"Gynécologie,Santé de la reproduction,Planification familiale,Maternité"
Essalam,Marrakech-Safi,Youssoufia,Youssoufia,CSU-1,Centre de Santé Urbain niveau 1,Soins primaires,"Médecine générale,Soins de base,Vaccination,Planning familial,Consultation infirmière"
Raya,Marrakech-Safi,Youssoufia,Youssoufia,CSU-1,Centre de Santé Urbain niveau 1,Soins primaires,"Médecine générale,Soins de base,Vaccination,Planning familial,Consultation infirmière"
Youssoufia,Marrakech-Safi,Youssoufia,Youssoufia,CSU-1,Centre de Santé Urbain niveau 1,Soins primaires,"Médecine générale,Soins de base,Vaccination,Planning familial,Consultation infirmière"
Echemmaia,Marrakech-Safi,Youssoufia,Echemmaia,CSU-2,Centre de Santé Urbain niveau 2,Soins primaires,"Médecine générale,Soins de base,Vaccination,Planning familial,Consultation infirmière"
Sidi Chiker,Marrakech-Safi,Youssoufia,Sidi Chiker,CSR-2,Centre de Santé Rural niveau 2,Soins primaires,"Médecine générale,Soins de base,Vaccination,Soins infirmiers"
Ighoud,Marrakech-Safi,Youssoufia,Ighoud,CSR-2,Centre de Santé Rural niveau 2,Soins primaires,"Médecine générale,Soins de base,Vaccination,Soins infirmiers"
Jdour,Marrakech-Safi,Youssoufia,Jdour,CSR-1,Centre de Santé Rural niveau 1,Soins primaires,"Médecine générale,Soins de base,Vaccination,Soins infirmiers"
Jnane Bouih,Marrakech-Safi,Youssoufia,Jnane Bouih,CSR-1,Centre de Santé Rural niveau 1,Soins primaires,"Médecine générale,Soins de base,Vaccination,Soins infirmiers"
Msabih Talaa,Marrakech-Safi,Youssoufia,Sidi Chiker,DR,Dispensaire Rural,Soins primaires,"Soins de base,Soins d'urgence élémentaires"
Labdadgha,Marrakech-Safi,Youssoufia,Ras El Ain,DR,Dispensaire Rural,Soins primaires,"Soins de base,Soins d'urgence élémentaires"
Atiamim,Marrakech-Safi,Youssoufia,Atiamim,CSR-1,Centre de Santé Rural niveau 1,Soins primaires,"Médecine générale,Soins de base,Vaccination,Soins infirmiers"
Louihate,Marrakech-Safi,Youssoufia,Lakhoualqa,DR,Dispensaire Rural,Soins primaires,"Soins de base,Soins d'urgence élémentaires"
Lakhoualqa,Marrakech-Safi,Youssoufia,Lakhoualqa,CSR-1,Centre de Santé Rural niveau 1,Soins primaires,"Médecine générale,Soins de base,Vaccination,Soins infirmiers"
Sidi Ahmed,Marrakech-Safi,Youssoufia,El Gantour,CSR-1,Centre de Santé Rural niveau 1,Soins primaires,"Médecine générale,Soins de base,Vaccination,Soins infirmiers"
ZAOUIT BOUTAYEB,Marrakech-Safi,Youssoufia,Esbiaat,DR,Dispensaire Rural,Soins primaires,"Soins de base,Soins d'urgence élémentaires"
Fouraa,Marrakech-Safi,Youssoufia,Esbiaat,CSR-1,Centre de Santé Rural niveau 1,Soins primaires,"Médecine générale,Soins de base,Vaccination,Soins infirmiers"
Ras El Ain,Marrakech-Safi,Youssoufia,Ras El Ain,CSR-2,Centre de Santé Rural niveau 2,Soins primaires,"Médecine générale,Soins de base,Vaccination,Soins infirmiers"
Sijilmassa (Kakou Hammou Dada),Drâa-Tafilalet,Errachidia,Moulay Ali Cherif,CSU-2,Centre de Santé Urbain niveau 2,Soins primaires,"Médecine générale,Soins de base,Vaccination,Planning familial,Consultation infirmière"
Moulaye Ali Cherif,Drâa-Tafilalet,Errachidia,Moulay Ali Cherif,CSU-1,Centre de Santé Urbain niveau 1,Soins primaires,"Médecine générale,Soins de base,Vaccination,Planning familial,Consultation infirmière"
Amraoui Brahim,Drâa-Tafilalet,Errachidia,Tinejdad,CSU-2,Centre de Santé Urbain niveau 2,Soins primaires,"Médecine générale,Soins de base,Vaccination,Planning familial,Consultation infirmière"
Hassan Eddakhil,Drâa-Tafilalet,Errachidia,Arfoud,CSU-1,Centre de Santé Urbain niveau 1,Soins primaires,"Médecine générale,Soins de base,Vaccination,Planning familial,Consultation infirmière"
Boudnib,Drâa-Tafilalet,Errachidia,Boudnib,CSU-2,Centre de Santé Urbain niveau 2,Soins primaires,"Médecine générale,Soins de base,Vaccination,Planning familial,Consultation infirmière"
Abderrahmane Sahraoui,Drâa-Tafilalet,Errachidia,Errachidia,CSU-1,Centre de Santé Urbain niveau 1,Soins primaires,"Médecine générale,Soins de base,Vaccination,Planning familial,Consultation infirmière"
Med Zerktouni,Drâa-Tafilalet,Errachidia,Errachidia,CSU-1,Centre de Santé Urbain niveau 1,Soins primaires,"Médecine générale,Soins de base,Vaccination,Planning familial,Consultation infirmière"
Mustapha Maani,Drâa-Tafilalet,Errachidia,Errachidia,CSU-1,Centre de Santé Urbain niveau 1,Soins primaires,"Médecine générale,Soins de base,Vaccination,Planning familial,Consultation infirmière"
Allal Ben Abdellah,Drâa-Tafilalet,Errachidia,Errachidia,CSU-1,Centre de Santé Urbain niveau 1,Soins primaires,"Médecine générale,Soins de base,Vaccination,Planning familial,Consultation infirmière"
El Qods,Drâa-Tafilalet,Errachidia,Errachidia,CSU-1,Centre de Santé Urbain niveau 1,Soins primaires,"Médecine générale,Soins de base,Vaccination,Planning familial,Consultation infirmière"
Guoulmima,Drâa-Tafilalet,Errachidia,Goulmima,CSU-1,Centre de Santé Urbain niveau 1,Soins primaires,"Médecine générale,Soins de base,Vaccination,Planning familial,Consultation infirmière"
Centre de Référence,Drâa-Tafilalet,Errachidia,Errachidia,CRSR,Centre de Référence en Santé de Reproduction,Soins primaires,"Gynécologie,Santé de la reproduction,Planification familiale,Maternité"
Errachidia,Drâa-Tafilalet,Errachidia,Errachidia,CDTMR,Centre de Diagnostic et de Traitement des Maladies Respiratoires,Soins primaires,"Pneumologie,Maladies respiratoires,Tuberculose,CDTMR"
Errachidia,Drâa-Tafilalet,Errachidia,Errachidia,LSP,Laboratoire de Santé Publique,Soins primaires,Laboratoire d'analyses médicales
Jorf,Drâa-Tafilalet,Errachidia,Jorf,CSU-2,Centre de Santé Urbain niveau 2,Soins primaires,"Médecine générale,Soins de base,Vaccination,Planning familial,Consultation infirmière"
Hannabou,Drâa-Tafilalet,Errachidia,Aarab Sebbah Gheris,CSR-1,Centre de Santé Rural niveau 1,Soins primaires,"Médecine générale,Soins de base,Vaccination,Soins infirmiers"
Es-Sifa,Drâa-Tafilalet,Errachidia,Es-sifa,CSR-2,Centre de Santé Rural niveau 2,Soins primaires,"Médecine générale,Soins de base,Vaccination,Soins infirmiers"
Oulad Zahra,Drâa-Tafilalet,Errachidia,Aarab Sebbah Ziz,CSR-1,Centre de Santé Rural niveau 1,Soins primaires,"Médecine générale,Soins de base,Vaccination,Soins infirmiers"
Fezna,Drâa-Tafilalet,Errachidia,Fezna,CSR-1,Centre de Santé Rural niveau 1,Soins primaires,"Médecine générale,Soins de base,Vaccination,Soins infirmiers"
oulad maatallah(ouald bhar),Drâa-Tafilalet,Errachidia,Aarab Sebbah Ziz,CSR-1,Centre de Santé Rural niveau 1,Soins primaires,"Médecine générale,Soins de base,Vaccination,Soins infirmiers"
Maadid,Drâa-Tafilalet,Errachidia,Aarab Sebbah Ziz,DR,Dispensaire Rural,Soins primaires,"Soins de base,Soins d'urgence élémentaires"
Ksar Jdid (Kasba),Drâa-Tafilalet,Errachidia,Chorfa M'Daghra,DR,Dispensaire Rural,Soins primaires,"Soins de base,Soins d'urgence élémentaires"
Oulad Bounaji (Ouled Lhaj),Drâa-Tafilalet,Errachidia,Chorfa M'Daghra,CSR-1,Centre de Santé Rural niveau 1,Soins primaires,"Médecine générale,Soins de base,Vaccination,Soins infirmiers"
Bni Ouziem,Drâa-Tafilalet,Errachidia,Oued Naam,DR,Dispensaire Rural,Soins primaires,"Soins de base,Soins d'urgence élémentaires"
Tazougarte,Drâa-Tafilalet,Errachidia,Oued Naam,DR,Dispensaire Rural,Soins primaires,"Soins de base,Soins d'urgence élémentaires"
Sahli,Drâa-Tafilalet,Errachidia,Oued Naam,CSR-1,Centre de Santé Rural niveau 1,Soins primaires,"Médecine générale,Soins de base,Vaccination,Soins infirmiers"
Ait Atmane,Drâa-Tafilalet,Errachidia,Lkheng,DR,Dispensaire Rural,Soins primaires,"Soins de base,Soins d'urgence élémentaires"
Lkheng,Drâa-Tafilalet,Errachidia,Lkheng,CSR-1,Centre de Santé Rural niveau 1,Soins primaires,"Médecine générale,Soins de base,Vaccination,Soins infirmiers"
Meski,Drâa-Tafilalet,Errachidia,Chorfa M'Daghra,CSR-1,Centre de Santé Rural niveau 1,Soins primaires,"Médecine générale,Soins de base,Vaccination,Soins infirmiers"
Bni Moussi (Chorfa M'daghra),Drâa-Tafilalet,Errachidia,Chorfa M'Daghra,CSR-1,Centre de Santé Rural niveau 1,Soins primaires,"Médecine générale,Soins de base,Vaccination,Soins infirmiers"
Douira,Drâa-Tafilalet,Errachidia,Er-rteb,DR,Dispensaire Rural,Soins primaires,"Soins de base,Soins d'urgence élémentaires"
Zrigate,Drâa-Tafilalet,Errachidia,Er-rteb,CSR-2,Centre de Santé Rural niveau 2,Soins primaires,"Médecine générale,Soins de base,Vaccination,Soins infirmiers"
Zaouia Jdida,Drâa-Tafilalet,Errachidia,Er-rteb,CSR-1,Centre de Santé Rural niveau 1,Soins primaires,"Médecine générale,Soins de base,Vaccination,Soins infirmiers"
Oulad Chaker,Drâa-Tafilalet,Errachidia,Aoufous,DR,Dispensaire Rural,Soins primaires,"Soins de base,Soins d'urgence élémentaires"
Zaouit Amelkis,Drâa-Tafilalet,Errachidia,Aoufous,DR,Dispensaire Rural,Soins primaires,"Soins de base,Soins d'urgence élémentaires"
Aoufous,Drâa-Tafilalet,Errachidia,Aoufous,CSR-2,Centre de Santé Rural niveau 2,Soins primaires,"Médecine générale,Soins de base,Vaccination,Soins infirmiers"
Sidi Ali(Tafraoute),Drâa-Tafilalet,Errachidia,Sidi Ali,CSR-2,Centre de Santé Rural niveau 2,Soins primaires,"Médecine générale,Soins de base,Vaccination,Soins infirmiers"
Hassi Labyed,Drâa-Tafilalet,Errachidia,Et-taous,DR,Dispensaire Rural,Soins primaires,"Soins de base,Soins d'urgence élémentaires"
Tingrasse,Drâa-Tafilalet,Errachidia,Es-sfalat,DR,Dispensaire Rural,Soins primaires,"Soins de base,Soins d'urgence élémentaires"
El Mansouria,Drâa-Tafilalet,Errachidia,Bni M'Hamed-Sijelmassa,CSR-1,Centre de Santé Rural niveau 1,Soins primaires,"Médecine générale,Soins de base,Vaccination,Soins infirmiers"
Ouled Abdelhalim,Drâa-Tafilalet,Errachidia,Bni M'Hamed-Sijelmassa,DR,Dispensaire Rural,Soins primaires,"Soins de base,Soins d'urgence élémentaires"
El Ghorfa,Drâa-Tafilalet,Errachidia,Bni M'Hamed-Sijelmassa,DR,Dispensaire Rural,Soins primaires,"Soins de base,Soins d'urgence élémentaires"
Jbil,Drâa-Tafilalet,Errachidia,Bni M'Hamed-Sijelmassa,DR,Dispensaire Rural,Soins primaires,"Soins de base,Soins d'urgence élémentaires"
Mezguida,Drâa-Tafilalet,Errachidia,Er-rissani,CSR-1,Centre de Santé Rural niveau 1,Soins primaires,"Médecine générale,Soins de base,Vaccination,Soins infirmiers"
Et-Taouz,Drâa-Tafilalet,Errachidia,Et-taous,DR,Dispensaire Rural,Soins primaires,"Soins de base,Soins d'urgence élémentaires"
Merzouga,Drâa-Tafilalet,Errachidia,Et-taous,CSR-2,Centre de Santé Rural niveau 2,Soins primaires,"Médecine générale,Soins de base,Vaccination,Soins infirmiers"
Es-Falat,Drâa-Tafilalet,Errachidia,Es-sfalat,CSR-2,Centre de Santé Rural niveau 2,Soins primaires,"Médecine générale,Soins de base,Vaccination,Soins infirmiers"
Amsed,Drâa-Tafilalet,Errachidia,Tadighoust,DR,Dispensaire Rural,Soins primaires,"Soins de base,Soins d'urgence élémentaires"
Agoudim,Drâa-Tafilalet,Errachidia,Amellagou,DR,Dispensaire Rural,Soins primaires,"Soins de base,Soins d'urgence élémentaires"
Tilouine,Drâa-Tafilalet,Errachidia,Gheris Es-soufli,DR,Dispensaire Rural,Soins primaires,"Soins de base,Soins d'urgence élémentaires"
Amellagou,Drâa-Tafilalet,Errachidia,Amellagou,CSR-2,Centre de Santé Rural niveau 2,Soins primaires,"Médecine générale,Soins de base,Vaccination,Soins infirmiers"
Ouakka,Drâa-Tafilalet,Errachidia,Gheris Es-soufli,CSR-1,Centre de Santé Rural niveau 1,Soins primaires,"Médecine générale,Soins de base,Vaccination,Soins infirmiers"
Tadighoust,Drâa-Tafilalet,Errachidia,Tadighoust,CSR-2,Centre de Santé Rural niveau 2,Soins primaires,"Médecine générale,Soins de base,Vaccination,Soins infirmiers"
Ait Ihya Ou Atmane,Drâa-Tafilalet,Errachidia,Gheris El Ouloui,CSR-1,Centre de Santé Rural niveau 1,Soins primaires,"Médecine générale,Soins de base,Vaccination,Soins infirmiers"
Touroug,Drâa-Tafilalet,Errachidia,Melaab,DR,Dispensaire Rural,Soins primaires,"Soins de base,Soins d'urgence élémentaires"
Melaab,Drâa-Tafilalet,Errachidia,Melaab,CSR-2,Centre de Santé Rural niveau 2,Soins primaires,"Médecine générale,Soins de base,Vaccination,Soins infirmiers"
Tizougaghine,Drâa-Tafilalet,Errachidia,Ferkla Es-soufla,CSR-1,Centre de Santé Rural niveau 1,Soins primaires,"Médecine générale,Soins de base,Vaccination,Soins infirmiers"
Ketaa El Oued,Drâa-Tafilalet,Errachidia,Ferkla Es-soufla,CSR-2,Centre de Santé Rural niveau 2,Soins primaires,"Médecine générale,Soins de base,Vaccination,Soins infirmiers"
Asrir,Drâa-Tafilalet,Errachidia,Ferkla El Oulia,CSR-2,Centre de Santé Rural niveau 2,Soins primaires,"Médecine générale,Soins de base,Vaccination,Soins infirmiers"
Ifegh,Drâa-Tafilalet,Errachidia,Aghbalou N'Kerdous,DR,Dispensaire Rural,Soins primaires,"Soins de base,Soins d'urgence élémentaires"
Igoudmane,Drâa-Tafilalet,Errachidia,Aghbalou N'Kerdous,DR,Dispensaire Rural,Soins primaires,"Soins de base,Soins d'urgence élémentaires"
Aghbalou N'kerdous,Drâa-Tafilalet,Errachidia,Aghbalou N'Kerdous,CSR-2,Centre de Santé Rural niveau 2,Soins primaires,"Médecine générale,Soins de base,Vaccination,Soins infirmiers"
Taoudaate,Drâa-Tafilalet,Errachidia,Aghbalou N'Kerdous,DR,Dispensaire Rural,Soins primaires,"Soins de base,Soins d'urgence élémentaires"
Igli,Drâa-Tafilalet,Errachidia,Melaab,CSR-2,Centre de Santé Rural niveau 2,Soins primaires,"Médecine générale,Soins de base,Vaccination,Soins infirmiers"
Azag N'ouchen,Drâa-Tafilalet,Errachidia,Ferkla El Oulia,DR,Dispensaire Rural,Soins primaires,"Soins de base,Soins d'urgence élémentaires"
Boulbzouz,Drâa-Tafilalet,Midelt,Boumia (Mun),DR,Dispensaire Rural,Soins primaires,"Soins de base,Soins d'urgence élémentaires"
Boumia,Drâa-Tafilalet,Midelt,Boumia (Mun),CSU-2,Centre de Santé Urbain niveau 2,Soins primaires,"Médecine générale,Soins de base,Vaccination,Planning familial,Consultation infirmière"
Souk El Had,Drâa-Tafilalet,Midelt,Midelt,CSU-1,Centre de Santé Urbain niveau 1,Soins primaires,"Médecine générale,Soins de base,Vaccination,Planning familial,Consultation infirmière"
Hassan II,Drâa-Tafilalet,Midelt,Midelt,CSU-1,Centre de Santé Urbain niveau 1,Soins primaires,"Médecine générale,Soins de base,Vaccination,Planning familial,Consultation infirmière"
Tahmidante,Drâa-Tafilalet,Midelt,Er-rich,CSU-1,Centre de Santé Urbain niveau 1,Soins primaires,"Médecine générale,Soins de base,Vaccination,Planning familial,Consultation infirmière"
Tikajiouine,Drâa-Tafilalet,Midelt,Sidi Yahya Ou Youssef,DR,Dispensaire Rural,Soins primaires,"Soins de base,Soins d'urgence élémentaires"
Bouadel,Drâa-Tafilalet,Midelt,Sidi Yahya Ou Youssef,CSR-1,Centre de Santé Rural niveau 1,Soins primaires,"Médecine générale,Soins de base,Vaccination,Soins infirmiers"
Ait Bouaali,Drâa-Tafilalet,Midelt,Aghbalou,DR,Dispensaire Rural,Soins primaires,"Soins de base,Soins d'urgence élémentaires"
Ait Ouahi Ou Hakki,Drâa-Tafilalet,Midelt,Aghbalou,DR,Dispensaire Rural,Soins primaires,"Soins de base,Soins d'urgence élémentaires"
Aghbalou,Drâa-Tafilalet,Midelt,Aghbalou,CSR-2,Centre de Santé Rural niveau 2,Soins primaires,"Médecine générale,Soins de base,Vaccination,Soins infirmiers"
Tizi N'ghachou,Drâa-Tafilalet,Midelt,Tizi N'Ghachou,CSR-1,Centre de Santé Rural niveau 1,Soins primaires,"Médecine générale,Soins de base,Vaccination,Soins infirmiers"
Tanourdi,Drâa-Tafilalet,Midelt,Tanourdi,CSR-1,Centre de Santé Rural niveau 1,Soins primaires,"Médecine générale,Soins de base,Vaccination,Soins infirmiers"
Bouayach,Drâa-Tafilalet,Midelt,Amersid,DR,Dispensaire Rural,Soins primaires,"Soins de base,Soins d'urgence élémentaires"
Zaida,Drâa-Tafilalet,Midelt,Zaida,CSR-2,Centre de Santé Rural niveau 2,Soins primaires,"Médecine générale,Soins de base,Vaccination,Soins infirmiers"
Zebzate,Drâa-Tafilalet,Midelt,Amersid,DR,Dispensaire Rural,Soins primaires,"Soins de base,Soins d'urgence élémentaires"
Itzer,Drâa-Tafilalet,Midelt,Itzer,CSR-2,Centre de Santé Rural niveau 2,Soins primaires,"Médecine générale,Soins de base,Vaccination,Soins infirmiers"
Tamayouste,Drâa-Tafilalet,Midelt,Ait Ben Yacoub,CSR-1,Centre de Santé Rural niveau 1,Soins primaires,"Médecine générale,Soins de base,Vaccination,Soins infirmiers"
Bertate,Drâa-Tafilalet,Midelt,Amersid,DR,Dispensaire Rural,Soins primaires,"Soins de base,Soins d'urgence élémentaires"
Ait Mouly,Drâa-Tafilalet,Midelt,Zaida,DR,Dispensaire Rural,Soins primaires,"Soins de base,Soins d'urgence élémentaires"
Ait Oumghar,Drâa-Tafilalet,Midelt,Ait Ayach,CSR-1,Centre de Santé Rural niveau 1,Soins primaires,"Médecine générale,Soins de base,Vaccination,Soins infirmiers"
Mibladen,Drâa-Tafilalet,Midelt,Mibladen,CSR-1,Centre de Santé Rural niveau 1,Soins primaires,"Médecine générale,Soins de base,Vaccination,Soins infirmiers"
Taghazoute,Drâa-Tafilalet,Midelt,Mibladen,DR,Dispensaire Rural,Soins primaires,"Soins de base,Soins d'urgence élémentaires"
Amersid,Drâa-Tafilalet,Midelt,Amersid,CSR-1,Centre de Santé Rural niveau 1,Soins primaires,"Médecine générale,Soins de base,Vaccination,Soins infirmiers"
Al Khoukhate,Drâa-Tafilalet,Midelt,Ait Ben Yacoub,DR,Dispensaire Rural,Soins primaires,"Soins de base,Soins d'urgence élémentaires"
Sidi Boumoussa,Drâa-Tafilalet,Midelt,Ait Ayach,DR,Dispensaire Rural,Soins primaires,"Soins de base,Soins d'urgence élémentaires"
Ait Izdeg,Drâa-Tafilalet,Midelt,Ait Izdeg,CSR-1,Centre de Santé Rural niveau 1,Soins primaires,"Médecine générale,Soins de base,Vaccination,Soins infirmiers"
Ait Laabass,Drâa-Tafilalet,Midelt,En-nzala,DR,Dispensaire Rural,Soins primaires,"Soins de base,Soins d'urgence élémentaires"
Almou Abouri,Drâa-Tafilalet,Midelt,Gourrama,DR,Dispensaire Rural,Soins primaires,"Soins de base,Soins d'urgence élémentaires"
Baknou,Drâa-Tafilalet,Midelt,Guir,DR,Dispensaire Rural,Soins primaires,"Soins de base,Soins d'urgence élémentaires"
Kerrandou,Drâa-Tafilalet,Midelt,Guers Tiaallaline,CSR-2,Centre de Santé Rural niveau 2,Soins primaires,"Médecine générale,Soins de base,Vaccination,Soins infirmiers"
Tazmamarte,Drâa-Tafilalet,Midelt,Guers Tiaallaline,DR,Dispensaire Rural,Soins primaires,"Soins de base,Soins d'urgence élémentaires"
Ait Attou,Drâa-Tafilalet,Midelt,Guers Tiaallaline,DR,Dispensaire Rural,Soins primaires,"Soins de base,Soins d'urgence élémentaires"
Ait Khoujmane,Drâa-Tafilalet,Midelt,Guers Tiaallaline,DR,Dispensaire Rural,Soins primaires,"Soins de base,Soins d'urgence élémentaires"
En-Nzala,Drâa-Tafilalet,Midelt,En-nzala,CSR-1,Centre de Santé Rural niveau 1,Soins primaires,"Médecine générale,Soins de base,Vaccination,Soins infirmiers"
M'zizel,Drâa-Tafilalet,Midelt,M'Zizel,CSR-1,Centre de Santé Rural niveau 1,Soins primaires,"Médecine générale,Soins de base,Vaccination,Soins infirmiers"
Ait Moussa Ou Ali,Drâa-Tafilalet,Midelt,M'Zizel,DR,Dispensaire Rural,Soins primaires,"Soins de base,Soins d'urgence élémentaires"
Tillichte,Drâa-Tafilalet,Midelt,Sidi Aayad,CSR-1,Centre de Santé Rural niveau 1,Soins primaires,"Médecine générale,Soins de base,Vaccination,Soins infirmiers"
Zaouiat S.Hamza,Drâa-Tafilalet,Midelt,Zaouiat Sidi Hamza,CSR-2,Centre de Santé Rural niveau 2,Soins primaires,"Médecine générale,Soins de base,Vaccination,Soins infirmiers"
Toulal,Drâa-Tafilalet,Midelt,Guir,CSR-1,Centre de Santé Rural niveau 1,Soins primaires,"Médecine générale,Soins de base,Vaccination,Soins infirmiers"
Gourrama,Drâa-Tafilalet,Midelt,Gourrama,CSR-2,Centre de Santé Rural niveau 2,Soins primaires,"Médecine générale,Soins de base,Vaccination,Soins infirmiers"
Tit N'Ali,Drâa-Tafilalet,Midelt,Gourrama,DR,Dispensaire Rural,Soins primaires,"Soins de base,Soins d'urgence élémentaires"
Akanouanine,Drâa-Tafilalet,Midelt,Imilchil,DR,Dispensaire Rural,Soins primaires,"Soins de base,Soins d'urgence élémentaires"
Tamzagharte,Drâa-Tafilalet,Midelt,Imilchil,DR,Dispensaire Rural,Soins primaires,"Soins de base,Soins d'urgence élémentaires"
Outerbat,Drâa-Tafilalet,Midelt,Outerbat,CSR-2,Centre de Santé Rural niveau 2,Soins primaires,"Médecine générale,Soins de base,Vaccination,Soins infirmiers"
Agdal,Drâa-Tafilalet,Midelt,Bou Azmou,DR,Dispensaire Rural,Soins primaires,"Soins de base,Soins d'urgence élémentaires"
Bou-Azmou,Drâa-Tafilalet,Midelt,Bou Azmou,CSR-1,Centre de Santé Rural niveau 1,Soins primaires,"Médecine générale,Soins de base,Vaccination,Soins infirmiers"
Tilmi,Drâa-Tafilalet,Midelt,Imilchil,DR,Dispensaire Rural,Soins primaires,"Soins de base,Soins d'urgence élémentaires"
Ait Abdi,Drâa-Tafilalet,Midelt,Imilchil,DR,Dispensaire Rural,Soins primaires,"Soins de base,Soins d'urgence élémentaires"
Imilchil,Drâa-Tafilalet,Midelt,Imilchil,CSR-2,Centre de Santé Rural niveau 2,Soins primaires,"Médecine générale,Soins de base,Vaccination,Soins infirmiers"
Ait Yaacoub,Drâa-Tafilalet,Midelt,Amouguer,DR,Dispensaire Rural,Soins primaires,"Soins de base,Soins d'urgence élémentaires"
Amouguer,Drâa-Tafilalet,Midelt,Amouguer,CSR-2,Centre de Santé Rural niveau 2,Soins primaires,"Médecine générale,Soins de base,Vaccination,Soins infirmiers"
Ait Yahya Ousghir,Drâa-Tafilalet,Midelt,Outerbat,DR,Dispensaire Rural,Soins primaires,"Soins de base,Soins d'urgence élémentaires"
Tazarine (A.Hatab),Drâa-Tafilalet,Midelt,Ait Yahya,CSR-2,Centre de Santé Rural niveau 2,Soins primaires,"Médecine générale,Soins de base,Vaccination,Soins infirmiers"
Tisraouline,Drâa-Tafilalet,Midelt,Ait Yahya,DR,Dispensaire Rural,Soins primaires,"Soins de base,Soins d'urgence élémentaires"
Anemzi,Drâa-Tafilalet,Midelt,Anemzi,CSR-1,Centre de Santé Rural niveau 1,Soins primaires,"Médecine générale,Soins de base,Vaccination,Soins infirmiers"
Agoudim,Drâa-Tafilalet,Midelt,Agoudim,CSR-1,Centre de Santé Rural niveau 1,Soins primaires,"Médecine générale,Soins de base,Vaccination,Soins infirmiers"
Anfgou,Drâa-Tafilalet,Midelt,Anemzi,CSR-2,Centre de Santé Rural niveau 2,Soins primaires,"Médecine générale,Soins de base,Vaccination,Soins infirmiers"
AIT MARZOUG,Drâa-Tafilalet,Midelt,Anemzi,DR,Dispensaire Rural,Soins primaires,"Soins de base,Soins d'urgence élémentaires"
Lougagh,Drâa-Tafilalet,Midelt,Agoudim,DR,Dispensaire Rural,Soins primaires,"Soins de base,Soins d'urgence élémentaires"
Tirghiste,Drâa-Tafilalet,Midelt,Anemzi,DR,Dispensaire Rural,Soins primaires,"Soins de base,Soins d'urgence élémentaires"
Ait Lahri,Drâa-Tafilalet,Midelt,Tounfite,DR,Dispensaire Rural,Soins primaires,"Soins de base,Soins d'urgence élémentaires"
Tounfite,Drâa-Tafilalet,Midelt,Tounfite,CSR-2,Centre de Santé Rural niveau 2,Soins primaires,"Médecine générale,Soins de base,Vaccination,Soins infirmiers"
TAARAAT,Drâa-Tafilalet,Midelt,Agoudim,DR,Dispensaire Rural,Soins primaires,"Soins de base,Soins d'urgence élémentaires"
Bougafer,Drâa-Tafilalet,Ouarzazate,Ouarzazate,CDTMR,Centre de Diagnostic et de Traitement des Maladies Respiratoires,Soins primaires,"Pneumologie,Maladies respiratoires,Tuberculose,CDTMR"
Bougafer,Drâa-Tafilalet,Ouarzazate,Ouarzazate,LSP,Laboratoire de Santé Publique,Soins primaires,Laboratoire d'analyses médicales
Ouarzazate,Drâa-Tafilalet,Ouarzazate,Ouarzazate,CRSR,Centre de Référence en Santé de Reproduction,Soins primaires,"Gynécologie,Santé de la reproduction,Planification familiale,Maternité"
Ait Kdif,Drâa-Tafilalet,Ouarzazate,Ouarzazate,CSU-1,Centre de Santé Urbain niveau 1,Soins primaires,"Médecine générale,Soins de base,Vaccination,Planning familial,Consultation infirmière"
Tassoumaate,Drâa-Tafilalet,Ouarzazate,Ouarzazate,CSU-1,Centre de Santé Urbain niveau 1,Soins primaires,"Médecine générale,Soins de base,Vaccination,Planning familial,Consultation infirmière"
Douar Chems,Drâa-Tafilalet,Ouarzazate,Ouarzazate,CSU-1,Centre de Santé Urbain niveau 1,Soins primaires,"Médecine générale,Soins de base,Vaccination,Planning familial,Consultation infirmière"
Sidi Daoud,Drâa-Tafilalet,Ouarzazate,Ouarzazate,CSU-1,Centre de Santé Urbain niveau 1,Soins primaires,"Médecine générale,Soins de base,Vaccination,Planning familial,Consultation infirmière"
Taznakht,Drâa-Tafilalet,Ouarzazate,Taznakht,CSU-2,Centre de Santé Urbain niveau 2,Soins primaires,"Médecine générale,Soins de base,Vaccination,Planning familial,Consultation infirmière"
N'kob,Drâa-Tafilalet,Ouarzazate,Siroua,DR,Dispensaire Rural,Soins primaires,"Soins de base,Soins d'urgence élémentaires"
Telouet,Drâa-Tafilalet,Ouarzazate,Telouet,CSR-2,Centre de Santé Rural niveau 2,Soins primaires,"Médecine générale,Soins de base,Vaccination,Soins infirmiers"
Anmiter,Drâa-Tafilalet,Ouarzazate,Telouet,DR,Dispensaire Rural,Soins primaires,"Soins de base,Soins d'urgence élémentaires"
Zaouit Sidi Blal,Drâa-Tafilalet,Ouarzazate,Ouisselsate,DR,Dispensaire Rural,Soins primaires,"Soins de base,Soins d'urgence élémentaires"
Taouinkhte,Drâa-Tafilalet,Ouarzazate,Ouisselsate,DR,Dispensaire Rural,Soins primaires,"Soins de base,Soins d'urgence élémentaires"
Timjichte,Drâa-Tafilalet,Ouarzazate,Ouisselsate,CSR-1,Centre de Santé Rural niveau 1,Soins primaires,"Médecine générale,Soins de base,Vaccination,Soins infirmiers"
Tamaarofte,Drâa-Tafilalet,Ouarzazate,Iznaguen,DR,Dispensaire Rural,Soins primaires,"Soins de base,Soins d'urgence élémentaires"
Asdif,Drâa-Tafilalet,Ouarzazate,Iznaguen,CSR-2,Centre de Santé Rural niveau 2,Soins primaires,"Médecine générale,Soins de base,Vaccination,Soins infirmiers"
Souk Asdif,Drâa-Tafilalet,Ouarzazate,Iznaguen,CSR-1,Centre de Santé Rural niveau 1,Soins primaires,"Médecine générale,Soins de base,Vaccination,Soins infirmiers"
Tamaste,Drâa-Tafilalet,Ouarzazate,Tidli,DR,Dispensaire Rural,Soins primaires,"Soins de base,Soins d'urgence élémentaires"
Tamstinte,Drâa-Tafilalet,Ouarzazate,Ighrem N'Ougdal,DR,Dispensaire Rural,Soins primaires,"Soins de base,Soins d'urgence élémentaires"
Sour,Drâa-Tafilalet,Ouarzazate,Tidli,CSR-2,Centre de Santé Rural niveau 2,Soins primaires,"Médecine générale,Soins de base,Vaccination,Soins infirmiers"
Tisselday,Drâa-Tafilalet,Ouarzazate,Ighrem N'Ougdal,DR,Dispensaire Rural,Soins primaires,"Soins de base,Soins d'urgence élémentaires"
Agouim,Drâa-Tafilalet,Ouarzazate,Ighrem N'Ougdal,CSR-1,Centre de Santé Rural niveau 1,Soins primaires,"Médecine générale,Soins de base,Vaccination,Soins infirmiers"
Ighrem,Drâa-Tafilalet,Ouarzazate,Ighrem N'Ougdal,CSR-2,Centre de Santé Rural niveau 2,Soins primaires,"Médecine générale,Soins de base,Vaccination,Soins infirmiers"
Tamelloukte,Drâa-Tafilalet,Ouarzazate,Siroua,DR,Dispensaire Rural,Soins primaires,"Soins de base,Soins d'urgence élémentaires"
Anzal,Drâa-Tafilalet,Ouarzazate,Siroua,CSR-2,Centre de Santé Rural niveau 2,Soins primaires,"Médecine générale,Soins de base,Vaccination,Soins infirmiers"
Anmid,Drâa-Tafilalet,Ouarzazate,Khouzama,DR,Dispensaire Rural,Soins primaires,"Soins de base,Soins d'urgence élémentaires"
Tachoukchte,Drâa-Tafilalet,Ouarzazate,Khouzama,CSR-1,Centre de Santé Rural niveau 1,Soins primaires,"Médecine générale,Soins de base,Vaccination,Soins infirmiers"
Amerzgane,Drâa-Tafilalet,Ouarzazate,Amerzgane,CSR-1,Centre de Santé Rural niveau 1,Soins primaires,"Médecine générale,Soins de base,Vaccination,Soins infirmiers"
Ait Benhaddou,Drâa-Tafilalet,Ouarzazate,Ait Zineb,DR,Dispensaire Rural,Soins primaires,"Soins de base,Soins d'urgence élémentaires"
Tikirte,Drâa-Tafilalet,Ouarzazate,Ait Zineb,DR,Dispensaire Rural,Soins primaires,"Soins de base,Soins d'urgence élémentaires"
Timedline,Drâa-Tafilalet,Ouarzazate,Ait Zineb,CSR-2,Centre de Santé Rural niveau 2,Soins primaires,"Médecine générale,Soins de base,Vaccination,Soins infirmiers"
Medri,Drâa-Tafilalet,Ouarzazate,Skoura Ahl El Oust,DR,Dispensaire Rural,Soins primaires,"Soins de base,Soins d'urgence élémentaires"
Targa,Drâa-Tafilalet,Ouarzazate,Toundoute,DR,Dispensaire Rural,Soins primaires,"Soins de base,Soins d'urgence élémentaires"
Telmasla,Drâa-Tafilalet,Ouarzazate,Tarmigt,DR,Dispensaire Rural,Soins primaires,"Soins de base,Soins d'urgence élémentaires"
Tarmigte,Drâa-Tafilalet,Ouarzazate,Tarmigt,CSR-1,Centre de Santé Rural niveau 1,Soins primaires,"Médecine générale,Soins de base,Vaccination,Soins infirmiers"
Tiguerte Nigarnane,Drâa-Tafilalet,Ouarzazate,Ghassate,DR,Dispensaire Rural,Soins primaires,"Soins de base,Soins d'urgence élémentaires"
Amzri,Drâa-Tafilalet,Ouarzazate,Imi N'Oulaoune,CSR-1,Centre de Santé Rural niveau 1,Soins primaires,"Médecine générale,Soins de base,Vaccination,Soins infirmiers"
Imi-N-Ouassif,Drâa-Tafilalet,Ouarzazate,Ghassate,DR,Dispensaire Rural,Soins primaires,"Soins de base,Soins d'urgence élémentaires"
Assaka Kantoula,Drâa-Tafilalet,Ouarzazate,Imi N'Oulaoune,DR,Dispensaire Rural,Soins primaires,"Soins de base,Soins d'urgence élémentaires"
Bourmane,Drâa-Tafilalet,Ouarzazate,Imi N'Oulaoune,CSR-2,Centre de Santé Rural niveau 2,Soins primaires,"Médecine générale,Soins de base,Vaccination,Soins infirmiers"
Imi N'oulaoune,Drâa-Tafilalet,Ouarzazate,Imi N'Oulaoune,DR,Dispensaire Rural,Soins primaires,"Soins de base,Soins d'urgence élémentaires"
Toundoute,Drâa-Tafilalet,Ouarzazate,Toundoute,CSR-2,Centre de Santé Rural niveau 2,Soins primaires,"Médecine générale,Soins de base,Vaccination,Soins infirmiers"
Hbabza,Drâa-Tafilalet,Ouarzazate,Skoura Ahl El Oust,DR,Dispensaire Rural,Soins primaires,"Soins de base,Soins d'urgence élémentaires"
Od SLIMANE,Drâa-Tafilalet,Ouarzazate,Skoura Ahl El Oust,DR,Dispensaire Rural,Soins primaires,"Soins de base,Soins d'urgence élémentaires"
Imassine,Drâa-Tafilalet,Ouarzazate,Skoura Ahl El Oust,DR,Dispensaire Rural,Soins primaires,"Soins de base,Soins d'urgence élémentaires"
Skoura,Drâa-Tafilalet,Ouarzazate,Skoura Ahl El Oust,CSR-2,Centre de Santé Rural niveau 2,Soins primaires,"Médecine générale,Soins de base,Vaccination,Soins infirmiers"
Idelsane,Drâa-Tafilalet,Ouarzazate,Idelsane,CSR-1,Centre de Santé Rural niveau 1,Soins primaires,"Médecine générale,Soins de base,Vaccination,Soins infirmiers"
Ghassate,Drâa-Tafilalet,Ouarzazate,Ghassate,CSR-1,Centre de Santé Rural niveau 1,Soins primaires,"Médecine générale,Soins de base,Vaccination,Soins infirmiers"
Boumalne,Drâa-Tafilalet,Tinghir,Boumalne Dades,CSU-2,Centre de Santé Urbain niveau 2,Soins primaires,"Médecine générale,Soins de base,Vaccination,Planning familial,Consultation infirmière"
Boumalne,Drâa-Tafilalet,Tinghir,Boumalne Dades,CSU-1,Centre de Santé Urbain niveau 1,Soins primaires,"Médecine générale,Soins de base,Vaccination,Planning familial,Consultation infirmière"
El Kelaa,Drâa-Tafilalet,Tinghir,Kalaat M'Gouna,CSU-1,Centre de Santé Urbain niveau 1,Soins primaires,"Médecine générale,Soins de base,Vaccination,Planning familial,Consultation infirmière"
Tinghir,Drâa-Tafilalet,Tinghir,Tinghir,CSU-1,Centre de Santé Urbain niveau 1,Soins primaires,"Médecine générale,Soins de base,Vaccination,Planning familial,Consultation infirmière"
Alnif,Drâa-Tafilalet,Tinghir,Alnif,CSR-2,Centre de Santé Rural niveau 2,Soins primaires,"Médecine générale,Soins de base,Vaccination,Soins infirmiers"
M'ssici,Drâa-Tafilalet,Tinghir,M'Ssici,CSR-1,Centre de Santé Rural niveau 1,Soins primaires,"Médecine générale,Soins de base,Vaccination,Soins infirmiers"
Fzou,Drâa-Tafilalet,Tinghir,M'Ssici,DR,Dispensaire Rural,Soins primaires,"Soins de base,Soins d'urgence élémentaires"
Ait Saadane,Drâa-Tafilalet,Tinghir,H'Ssyia,CSR-2,Centre de Santé Rural niveau 2,Soins primaires,"Médecine générale,Soins de base,Vaccination,Soins infirmiers"
Oumjrane,Drâa-Tafilalet,Tinghir,H'Ssyia,DR,Dispensaire Rural,Soins primaires,"Soins de base,Soins d'urgence élémentaires"
Ammar,Drâa-Tafilalet,Tinghir,Alnif,DR,Dispensaire Rural,Soins primaires,"Soins de base,Soins d'urgence élémentaires"
Azekor,Drâa-Tafilalet,Tinghir,Alnif,DR,Dispensaire Rural,Soins primaires,"Soins de base,Soins d'urgence élémentaires"
Ait Zegane,Drâa-Tafilalet,Tinghir,Alnif,DR,Dispensaire Rural,Soins primaires,"Soins de base,Soins d'urgence élémentaires"
Timarzite,Drâa-Tafilalet,Tinghir,Alnif,DR,Dispensaire Rural,Soins primaires,"Soins de base,Soins d'urgence élémentaires"
Tamtitoucht,Drâa-Tafilalet,Tinghir,Ait Hani,DR,Dispensaire Rural,Soins primaires,"Soins de base,Soins d'urgence élémentaires"
Agouray,Drâa-Tafilalet,Tinghir,Assoul,DR,Dispensaire Rural,Soins primaires,"Soins de base,Soins d'urgence élémentaires"
Tana,Drâa-Tafilalet,Tinghir,Assoul,DR,Dispensaire Rural,Soins primaires,"Soins de base,Soins d'urgence élémentaires"
Assoul,Drâa-Tafilalet,Tinghir,Assoul,CSR-2,Centre de Santé Rural niveau 2,Soins primaires,"Médecine générale,Soins de base,Vaccination,Soins infirmiers"
Tirga,Drâa-Tafilalet,Tinghir,Assoul,DR,Dispensaire Rural,Soins primaires,"Soins de base,Soins d'urgence élémentaires"
Ait Hani,Drâa-Tafilalet,Tinghir,Ait Hani,CSR-2,Centre de Santé Rural niveau 2,Soins primaires,"Médecine générale,Soins de base,Vaccination,Soins infirmiers"
Ikniouen,Drâa-Tafilalet,Tinghir,Ikniouen,CSR-2,Centre de Santé Rural niveau 2,Soins primaires,"Médecine générale,Soins de base,Vaccination,Soins infirmiers"
Ait Merghad,Drâa-Tafilalet,Tinghir,Tilmi,DR,Dispensaire Rural,Soins primaires,"Soins de base,Soins d'urgence élémentaires"
Tilmi,Drâa-Tafilalet,Tinghir,Tilmi,CSR-1,Centre de Santé Rural niveau 1,Soins primaires,"Médecine générale,Soins de base,Vaccination,Soins infirmiers"
Oussikiss,Drâa-Tafilalet,Tinghir,M'Semrir,DR,Dispensaire Rural,Soins primaires,"Soins de base,Soins d'urgence élémentaires"
M'semrir,Drâa-Tafilalet,Tinghir,M'Semrir,CSR-2,Centre de Santé Rural niveau 2,Soins primaires,"Médecine générale,Soins de base,Vaccination,Soins infirmiers"
Igherm Amzdar,Drâa-Tafilalet,Tinghir,Ikniouen,DR,Dispensaire Rural,Soins primaires,"Soins de base,Soins d'urgence élémentaires"
Ait Youl,Drâa-Tafilalet,Tinghir,Ait Youl,CSR-1,Centre de Santé Rural niveau 1,Soins primaires,"Médecine générale,Soins de base,Vaccination,Soins infirmiers"
Ait Hammou Osaid (Tizguine),Drâa-Tafilalet,Tinghir,Ait Sedrate JbelEl Oulia,CSR-1,Centre de Santé Rural niveau 1,Soins primaires,"Médecine générale,Soins de base,Vaccination,Soins infirmiers"
Ait Idir,Drâa-Tafilalet,Tinghir,Ait Sedrate JbelEL Soufla,CSR-2,Centre de Santé Rural niveau 2,Soins primaires,"Médecine générale,Soins de base,Vaccination,Soins infirmiers"
Tizgui,Drâa-Tafilalet,Tinghir,Toudgha El Oulia,CSR-1,Centre de Santé Rural niveau 1,Soins primaires,"Médecine générale,Soins de base,Vaccination,Soins infirmiers"
Imider,Drâa-Tafilalet,Tinghir,Imider,CSR-1,Centre de Santé Rural niveau 1,Soins primaires,"Médecine générale,Soins de base,Vaccination,Soins infirmiers"
Ouaklim,Drâa-Tafilalet,Tinghir,Ouaklim,CSR-1,Centre de Santé Rural niveau 1,Soins primaires,"Médecine générale,Soins de base,Vaccination,Soins infirmiers"
Taghzoute,Drâa-Tafilalet,Tinghir,Taghzoute N'Ait Atta,CSR-2,Centre de Santé Rural niveau 2,Soins primaires,"Médecine générale,Soins de base,Vaccination,Soins infirmiers"
Ait El Farsi,Drâa-Tafilalet,Tinghir,Ait El Farsi,CSR-1,Centre de Santé Rural niveau 1,Soins primaires,"Médecine générale,Soins de base,Vaccination,Soins infirmiers"
Ait Iala,Drâa-Tafilalet,Tinghir,Toudgha Essoufla,CSR-1,Centre de Santé Rural niveau 1,Soins primaires,"Médecine générale,Soins de base,Vaccination,Soins infirmiers"
Boutaghrar,Drâa-Tafilalet,Tinghir,Ighil N'Oumgoun,DR,Dispensaire Rural,Soins primaires,"Soins de base,Soins d'urgence élémentaires"
Ouzighimte,Drâa-Tafilalet,Tinghir,Ighil N'Oumgoun,DR,Dispensaire Rural,Soins primaires,"Soins de base,Soins d'urgence élémentaires"
Tassouite,Drâa-Tafilalet,Tinghir,Ait Sedrate Sahl Charkia,CSR-1,Centre de Santé Rural niveau 1,Soins primaires,"Médecine générale,Soins de base,Vaccination,Soins infirmiers"
Khmis,Drâa-Tafilalet,Tinghir,Souk Lakhmis Dades,CSR-2,Centre de Santé Rural niveau 2,Soins primaires,"Médecine générale,Soins de base,Vaccination,Soins infirmiers"
Ait Hmad,Drâa-Tafilalet,Tinghir,Ighil N'Oumgoun,CSR-1,Centre de Santé Rural niveau 1,Soins primaires,"Médecine générale,Soins de base,Vaccination,Soins infirmiers"
A.Tazarine,Drâa-Tafilalet,Tinghir,Ait Sedrate Sahl El Gharbia,CSR-1,Centre de Santé Rural niveau 1,Soins primaires,"Médecine générale,Soins de base,Vaccination,Soins infirmiers"
Azrou,Drâa-Tafilalet,Tinghir,Ait Ouassif,CSR-1,Centre de Santé Rural niveau 1,Soins primaires,"Médecine générale,Soins de base,Vaccination,Soins infirmiers"
Sarghine,Drâa-Tafilalet,Tinghir,Souk Lakhmis Dades,DR,Dispensaire Rural,Soins primaires,"Soins de base,Soins d'urgence élémentaires"
Zaouit El Majdoub,Drâa-Tafilalet,Zagora,Zagora,CSU-1,Centre de Santé Urbain niveau 1,Soins primaires,"Médecine générale,Soins de base,Vaccination,Planning familial,Consultation infirmière"
Zagora,Drâa-Tafilalet,Zagora,Zagora,CSU-1,Centre de Santé Urbain niveau 1,Soins primaires,"Médecine générale,Soins de base,Vaccination,Planning familial,Consultation infirmière"
Agdz,Drâa-Tafilalet,Zagora,Agdz,CSU-2,Centre de Santé Urbain niveau 2,Soins primaires,"Médecine générale,Soins de base,Vaccination,Planning familial,Consultation infirmière"
Amzrou,Drâa-Tafilalet,Zagora,Zagora,CSU-1,Centre de Santé Urbain niveau 1,Soins primaires,"Médecine générale,Soins de base,Vaccination,Planning familial,Consultation infirmière"
Timederte,Drâa-Tafilalet,Zagora,Afra,DR,Dispensaire Rural,Soins primaires,"Soins de base,Soins d'urgence élémentaires"
N'kob,Drâa-Tafilalet,Zagora,N'Kob,CSR-2,Centre de Santé Rural niveau 2,Soins primaires,"Médecine générale,Soins de base,Vaccination,Soins infirmiers"
Ait Chrou,Drâa-Tafilalet,Zagora,Ait Ouallal,CSR-1,Centre de Santé Rural niveau 1,Soins primaires,"Médecine générale,Soins de base,Vaccination,Soins infirmiers"
Tassergate,Drâa-Tafilalet,Zagora,Tansifte,DR,Dispensaire Rural,Soins primaires,"Soins de base,Soins d'urgence élémentaires"
Amrad,Drâa-Tafilalet,Zagora,Ait Boudaoud,CSR-1,Centre de Santé Rural niveau 1,Soins primaires,"Médecine générale,Soins de base,Vaccination,Soins infirmiers"
Taghbalte,Drâa-Tafilalet,Zagora,Taghbalte,CSR-1,Centre de Santé Rural niveau 1,Soins primaires,"Médecine générale,Soins de base,Vaccination,Soins infirmiers"
Tazarine,Drâa-Tafilalet,Zagora,Tazarine,CSR-2,Centre de Santé Rural niveau 2,Soins primaires,"Médecine générale,Soins de base,Vaccination,Soins infirmiers"
Afra,Drâa-Tafilalet,Zagora,Afra,CSR-1,Centre de Santé Rural niveau 1,Soins primaires,"Médecine générale,Soins de base,Vaccination,Soins infirmiers"
Site,Drâa-Tafilalet,Zagora,N'Kob,DR,Dispensaire Rural,Soins primaires,"Soins de base,Soins d'urgence élémentaires"
Handour,Drâa-Tafilalet,Zagora,Ait Ouallal,DR,Dispensaire Rural,Soins primaires,"Soins de base,Soins d'urgence élémentaires"
Tansift,Drâa-Tafilalet,Zagora,Tansifte,CSR-2,Centre de Santé Rural niveau 2,Soins primaires,"Médecine générale,Soins de base,Vaccination,Soins infirmiers"
Od SLIMANE,Drâa-Tafilalet,Zagora,Oulad Yahia Lagraire,CSR-1,Centre de Santé Rural niveau 1,Soins primaires,"Médecine générale,Soins de base,Vaccination,Soins infirmiers"
Tamezmoute,Drâa-Tafilalet,Zagora,Tamezmoute,CSR-2,Centre de Santé Rural niveau 2,Soins primaires,"Médecine générale,Soins de base,Vaccination,Soins infirmiers"
Taghrote,Drâa-Tafilalet,Zagora,Afella N'Dra,CSR-1,Centre de Santé Rural niveau 1,Soins primaires,"Médecine générale,Soins de base,Vaccination,Soins infirmiers"
Tamnougalte,Drâa-Tafilalet,Zagora,Mezguita,CSR-1,Centre de Santé Rural niveau 1,Soins primaires,"Médecine générale,Soins de base,Vaccination,Soins infirmiers"
Tasla,Drâa-Tafilalet,Zagora,Tansifte,CSR-1,Centre de Santé Rural niveau 1,Soins primaires,"Médecine générale,Soins de base,Vaccination,Soins infirmiers"
FOUGARA,Drâa-Tafilalet,Zagora,Tansifte,DR,Dispensaire Rural,Soins primaires,"Soins de base,Soins d'urgence élémentaires"
Bouzergane,Drâa-Tafilalet,Zagora,Bni Zoli,DR,Dispensaire Rural,Soins primaires,"Soins de base,Soins d'urgence élémentaires"
Taftechna,Drâa-Tafilalet,Zagora,Taftechna,CSR-1,Centre de Santé Rural niveau 1,Soins primaires,"Médecine générale,Soins de base,Vaccination,Soins infirmiers"
Blida Mine,Drâa-Tafilalet,Zagora,Bleida,CSR-1,Centre de Santé Rural niveau 1,Soins primaires,"Médecine générale,Soins de base,Vaccination,Soins infirmiers"
Elmerja,Drâa-Tafilalet,Zagora,Bleida,CSR-1,Centre de Santé Rural niveau 1,Soins primaires,"Médecine générale,Soins de base,Vaccination,Soins infirmiers"
Akhellouf,Drâa-Tafilalet,Zagora,Bouzeroual,CSR-1,Centre de Santé Rural niveau 1,Soins primaires,"Médecine générale,Soins de base,Vaccination,Soins infirmiers"
Boukhlal,Drâa-Tafilalet,Zagora,Errouha,CSR-2,Centre de Santé Rural niveau 2,Soins primaires,"Médecine générale,Soins de base,Vaccination,Soins infirmiers"
Tissergate,Drâa-Tafilalet,Zagora,Ternata,CSR-1,Centre de Santé Rural niveau 1,Soins primaires,"Médecine générale,Soins de base,Vaccination,Soins infirmiers"
Tinzouline,Drâa-Tafilalet,Zagora,Tinzouline,CSR-2,Centre de Santé Rural niveau 2,Soins primaires,"Médecine générale,Soins de base,Vaccination,Soins infirmiers"
Oulad Elhaj,Drâa-Tafilalet,Zagora,Errouha,DR,Dispensaire Rural,Soins primaires,"Soins de base,Soins d'urgence élémentaires"
Zte Sidi El Baghdadi,Drâa-Tafilalet,Zagora,Errouha,DR,Dispensaire Rural,Soins primaires,"Soins de base,Soins d'urgence élémentaires"
Kaaba,Drâa-Tafilalet,Zagora,Tinzouline,CSR-1,Centre de Santé Rural niveau 1,Soins primaires,"Médecine générale,Soins de base,Vaccination,Soins infirmiers"
Bendlala,Drâa-Tafilalet,Zagora,Errouha,DR,Dispensaire Rural,Soins primaires,"Soins de base,Soins d'urgence élémentaires"
Bni Zoli,Drâa-Tafilalet,Zagora,Bni Zoli,CSR-2,Centre de Santé Rural niveau 2,Soins primaires,"Médecine générale,Soins de base,Vaccination,Soins infirmiers"
M'hamid,Drâa-Tafilalet,Zagora,M'Hamid El Ghizlane,CSR-2,Centre de Santé Rural niveau 2,Soins primaires,"Médecine générale,Soins de base,Vaccination,Soins infirmiers"
Blida,Drâa-Tafilalet,Zagora,Ktaoua,CSR-1,Centre de Santé Rural niveau 1,Soins primaires,"Médecine générale,Soins de base,Vaccination,Soins infirmiers"
Oulad Amer,Drâa-Tafilalet,Zagora,Ktaoua,DR,Dispensaire Rural,Soins primaires,"Soins de base,Soins d'urgence élémentaires"
Tagounite,Drâa-Tafilalet,Zagora,Tagounite,CSR-2,Centre de Santé Rural niveau 2,Soins primaires,"Médecine générale,Soins de base,Vaccination,Soins infirmiers"
Nesrat,Drâa-Tafilalet,Zagora,Tagounite,DR,Dispensaire Rural,Soins primaires,"Soins de base,Soins d'urgence élémentaires"
Tamegroute,Drâa-Tafilalet,Zagora,Tamegroute,CSR-2,Centre de Santé Rural niveau 2,Soins primaires,"Médecine générale,Soins de base,Vaccination,Soins infirmiers"
Tagounite,Drâa-Tafilalet,Zagora,Tagounite,CSR-1,Centre de Santé Rural niveau 1,Soins primaires,"Médecine générale,Soins de base,Vaccination,Soins infirmiers"
Timtigue,Drâa-Tafilalet,Zagora,Tamegroute,CSR-1,Centre de Santé Rural niveau 1,Soins primaires,"Médecine générale,Soins de base,Vaccination,Soins infirmiers"
Ait Ali,Drâa-Tafilalet,Zagora,Fezouata,DR,Dispensaire Rural,Soins primaires,"Soins de base,Soins d'urgence élémentaires"
Tinfou,Drâa-Tafilalet,Zagora,Fezouata,DR,Dispensaire Rural,Soins primaires,"Soins de base,Soins d'urgence élémentaires"
Oulad Driss,Drâa-Tafilalet,Zagora,M'Hamid El Ghizlane,DR,Dispensaire Rural,Soins primaires,"Soins de base,Soins d'urgence élémentaires"
Bounou,Drâa-Tafilalet,Zagora,M'Hamid El Ghizlane,DR,Dispensaire Rural,Soins primaires,"Soins de base,Soins d'urgence élémentaires"
Ait Isfoul,Drâa-Tafilalet,Zagora,Tamegroute,DR,Dispensaire Rural,Soins primaires,"Soins de base,Soins d'urgence élémentaires"
Talborjt,Souss-Massa,Agadir Ida Ou Tanane,Agadir,CRSR,Centre de Référence en Santé de Reproduction,Soins primaires,"Gynécologie,Santé de la reproduction,Planification familiale,Maternité"
Taddarte,Souss-Massa,Agadir Ida Ou Tanane,Agadir,CSU-1,Centre de Santé Urbain niveau 1,Soins primaires,"Médecine générale,Soins de base,Vaccination,Planning familial,Consultation infirmière"
C.Diagnostic Tuberculose,Souss-Massa,Agadir Ida Ou Tanane,Agadir,CDTMR,Centre de Diagnostic et de Traitement des Maladies Respiratoires,Soins primaires,"Pneumologie,Maladies respiratoires,Tuberculose,CDTMR"
Anza Al Ouliya,Souss-Massa,Agadir Ida Ou Tanane,Agadir,CSU-1,Centre de Santé Urbain niveau 1,Soins primaires,"Médecine générale,Soins de base,Vaccination,Planning familial,Consultation infirmière"
Hay El Mohamadi,Souss-Massa,Agadir Ida Ou Tanane,Agadir,CSU-1,Centre de Santé Urbain niveau 1,Soins primaires,"Médecine générale,Soins de base,Vaccination,Planning familial,Consultation infirmière"
Essalam,Souss-Massa,Agadir Ida Ou Tanane,Agadir,CSU-1,Centre de Santé Urbain niveau 1,Soins primaires,"Médecine générale,Soins de base,Vaccination,Planning familial,Consultation infirmière"
El Qods,Souss-Massa,Agadir Ida Ou Tanane,Agadir,CSU-1,Centre de Santé Urbain niveau 1,Soins primaires,"Médecine générale,Soins de base,Vaccination,Planning familial,Consultation infirmière"
Amsernate,Souss-Massa,Agadir Ida Ou Tanane,Agadir,CSU-1,Centre de Santé Urbain niveau 1,Soins primaires,"Médecine générale,Soins de base,Vaccination,Planning familial,Consultation infirmière"
Q.Industriel,Souss-Massa,Agadir Ida Ou Tanane,Agadir,CSU-1,Centre de Santé Urbain niveau 1,Soins primaires,"Médecine générale,Soins de base,Vaccination,Planning familial,Consultation infirmière"
Bouargane,Souss-Massa,Agadir Ida Ou Tanane,Agadir,CSU-1,Centre de Santé Urbain niveau 1,Soins primaires,"Médecine générale,Soins de base,Vaccination,Planning familial,Consultation infirmière"
Ihchach,Souss-Massa,Agadir Ida Ou Tanane,Agadir,CSU-1,Centre de Santé Urbain niveau 1,Soins primaires,"Médecine générale,Soins de base,Vaccination,Planning familial,Consultation infirmière"
N.Talborjt,Souss-Massa,Agadir Ida Ou Tanane,Agadir,CSU-1,Centre de Santé Urbain niveau 1,Soins primaires,"Médecine générale,Soins de base,Vaccination,Planning familial,Consultation infirmière"
Tikiouine,Souss-Massa,Agadir Ida Ou Tanane,Agadir,CSU-2,Centre de Santé Urbain niveau 2,Soins primaires,"Médecine générale,Soins de base,Vaccination,Planning familial,Consultation infirmière"
Anza,Souss-Massa,Agadir Ida Ou Tanane,Agadir,CSU-2,Centre de Santé Urbain niveau 2,Soins primaires,"Médecine générale,Soins de base,Vaccination,Planning familial,Consultation infirmière"
Bensergaou,Souss-Massa,Agadir Ida Ou Tanane,Agadir,CSU-2,Centre de Santé Urbain niveau 2,Soins primaires,"Médecine générale,Soins de base,Vaccination,Planning familial,Consultation infirmière"
Laboratoire Epidemiologique,Souss-Massa,Agadir Ida Ou Tanane,Agadir,LSP,Laboratoire de Santé Publique,Soins primaires,Laboratoire d'analyses médicales
Aghroud,Souss-Massa,Agadir Ida Ou Tanane,Agadir,CSU-1,Centre de Santé Urbain niveau 1,Soins primaires,"Médecine générale,Soins de base,Vaccination,Planning familial,Consultation infirmière"
Tarik Al Kheir,Souss-Massa,Agadir Ida Ou Tanane,Agadir,CSU-1,Centre de Santé Urbain niveau 1,Soins primaires,"Médecine générale,Soins de base,Vaccination,Planning familial,Consultation infirmière"
Azrarag,Souss-Massa,Agadir Ida Ou Tanane,Drargua,DR,Dispensaire Rural,Soins primaires,"Soins de base,Soins d'urgence élémentaires"
Tamait Oufella,Souss-Massa,Agadir Ida Ou Tanane,Amskroud,DR,Dispensaire Rural,Soins primaires,"Soins de base,Soins d'urgence élémentaires"
Assaka Idmine,Souss-Massa,Agadir Ida Ou Tanane,Idmine,DR,Dispensaire Rural,Soins primaires,"Soins de base,Soins d'urgence élémentaires"
Ikhrdidene,Souss-Massa,Agadir Ida Ou Tanane,Idmine,DR,Dispensaire Rural,Soins primaires,"Soins de base,Soins d'urgence élémentaires"
Drarga,Souss-Massa,Agadir Ida Ou Tanane,Drargua,CSR-1,Centre de Santé Rural niveau 1,Soins primaires,"Médecine générale,Soins de base,Vaccination,Soins infirmiers"
Tamait Izdar,Souss-Massa,Agadir Ida Ou Tanane,Drargua,DR,Dispensaire Rural,Soins primaires,"Soins de base,Soins d'urgence élémentaires"
Sidi Boushab,Souss-Massa,Agadir Ida Ou Tanane,Amskroud,DR,Dispensaire Rural,Soins primaires,"Soins de base,Soins d'urgence élémentaires"
Amskroud,Souss-Massa,Agadir Ida Ou Tanane,Amskroud,CSR-2,Centre de Santé Rural niveau 2,Soins primaires,"Médecine générale,Soins de base,Vaccination,Soins infirmiers"
Aqesri,Souss-Massa,Agadir Ida Ou Tanane,Aqesri,DR,Dispensaire Rural,Soins primaires,"Soins de base,Soins d'urgence élémentaires"
Aziar,Souss-Massa,Agadir Ida Ou Tanane,Aziar,DR,Dispensaire Rural,Soins primaires,"Soins de base,Soins d'urgence élémentaires"
Inrarene,Souss-Massa,Agadir Ida Ou Tanane,Aqesri,DR,Dispensaire Rural,Soins primaires,"Soins de base,Soins d'urgence élémentaires"
Imesker,Souss-Massa,Agadir Ida Ou Tanane,Imouzzer,DR,Dispensaire Rural,Soins primaires,"Soins de base,Soins d'urgence élémentaires"
Immouzzer,Souss-Massa,Agadir Ida Ou Tanane,Imouzzer,CSR-2,Centre de Santé Rural niveau 2,Soins primaires,"Médecine générale,Soins de base,Vaccination,Soins infirmiers"
Tamraghte,Souss-Massa,Agadir Ida Ou Tanane,Aourir,CSR-2,Centre de Santé Rural niveau 2,Soins primaires,"Médecine générale,Soins de base,Vaccination,Soins infirmiers"
Sidi Belkacem,Souss-Massa,Agadir Ida Ou Tanane,Imsouane,DR,Dispensaire Rural,Soins primaires,"Soins de base,Soins d'urgence élémentaires"
Assaka,Souss-Massa,Agadir Ida Ou Tanane,Imsouane,CSR-1,Centre de Santé Rural niveau 1,Soins primaires,"Médecine générale,Soins de base,Vaccination,Soins infirmiers"
Imsouane,Souss-Massa,Agadir Ida Ou Tanane,Imsouane,DR,Dispensaire Rural,Soins primaires,"Soins de base,Soins d'urgence élémentaires"
Tadrarte,Souss-Massa,Agadir Ida Ou Tanane,Tadrart,CSR-1,Centre de Santé Rural niveau 1,Soins primaires,"Médecine générale,Soins de base,Vaccination,Soins infirmiers"
Isk Ntiki,Souss-Massa,Agadir Ida Ou Tanane,Tiqqi,CSR-1,Centre de Santé Rural niveau 1,Soins primaires,"Médecine générale,Soins de base,Vaccination,Soins infirmiers"
Ighallene,Souss-Massa,Agadir Ida Ou Tanane,Tamri,DR,Dispensaire Rural,Soins primaires,"Soins de base,Soins d'urgence élémentaires"
Tamri,Souss-Massa,Agadir Ida Ou Tanane,Tamri,CSR-2,Centre de Santé Rural niveau 2,Soins primaires,"Médecine générale,Soins de base,Vaccination,Soins infirmiers"
Taghazout,Souss-Massa,Agadir Ida Ou Tanane,Taghazout,DR,Dispensaire Rural,Soins primaires,"Soins de base,Soins d'urgence élémentaires"
Ait Amira,Souss-Massa,Chtouka Ait Baha,Ait Amira,CSU-2,Centre de Santé Urbain niveau 2,Soins primaires,"Médecine générale,Soins de base,Vaccination,Planning familial,Consultation infirmière"
Anou L'jdid,Souss-Massa,Chtouka Ait Baha,Ait Amira,DR,Dispensaire Rural,Soins primaires,"Soins de base,Soins d'urgence élémentaires"
Ouled Mimoun,Souss-Massa,Chtouka Ait Baha,Sidi Bibi,DR,Dispensaire Rural,Soins primaires,"Soins de base,Soins d'urgence élémentaires"
Rjila,Souss-Massa,Chtouka Ait Baha,Ait Amira,DR,Dispensaire Rural,Soins primaires,"Soins de base,Soins d'urgence élémentaires"
Taouss,Souss-Massa,Chtouka Ait Baha,Ait Amira,CSR-2,Centre de Santé Rural niveau 2,Soins primaires,"Médecine générale,Soins de base,Vaccination,Soins infirmiers"
Kbilt Allal,Souss-Massa,Chtouka Ait Baha,Ait Amira,DR,Dispensaire Rural,Soins primaires,"Soins de base,Soins d'urgence élémentaires"
Touama,Souss-Massa,Chtouka Ait Baha,Biougra,CSU-1,Centre de Santé Urbain niveau 1,Soins primaires,"Médecine générale,Soins de base,Vaccination,Planning familial,Consultation infirmière"
Biougra,Souss-Massa,Chtouka Ait Baha,Biougra,CSU-1,Centre de Santé Urbain niveau 1,Soins primaires,"Médecine générale,Soins de base,Vaccination,Planning familial,Consultation infirmière"
Ait Baha,Souss-Massa,Chtouka Ait Baha,Ait Baha,CSU-2,Centre de Santé Urbain niveau 2,Soins primaires,"Médecine générale,Soins de base,Vaccination,Planning familial,Consultation infirmière"
Taddarte,Souss-Massa,Chtouka Ait Baha,Sidi Bibi,DR,Dispensaire Rural,Soins primaires,"Soins de base,Soins d'urgence élémentaires"
Takade,Souss-Massa,Chtouka Ait Baha,Sidi Bibi,DR,Dispensaire Rural,Soins primaires,"Soins de base,Soins d'urgence élémentaires"
Sidi Bibi,Souss-Massa,Chtouka Ait Baha,Sidi Bibi,CSU-2,Centre de Santé Urbain niveau 2,Soins primaires,"Médecine générale,Soins de base,Vaccination,Planning familial,Consultation infirmière"
Biougra,Souss-Massa,Chtouka Ait Baha,Biougra,CDTMR,Centre de Diagnostic et de Traitement des Maladies Respiratoires,Soins primaires,"Pneumologie,Maladies respiratoires,Tuberculose,CDTMR"
Tiouaziouine,Souss-Massa,Chtouka Ait Baha,Targua Ntouchka,DR,Dispensaire Rural,Soins primaires,"Soins de base,Soins d'urgence élémentaires"
Targa Ntouchka,Souss-Massa,Chtouka Ait Baha,Targua Ntouchka,CSR-1,Centre de Santé Rural niveau 1,Soins primaires,"Médecine générale,Soins de base,Vaccination,Soins infirmiers"
Tanalt,Souss-Massa,Chtouka Ait Baha,Tanalt,CSR-2,Centre de Santé Rural niveau 2,Soins primaires,"Médecine générale,Soins de base,Vaccination,Soins infirmiers"
Ouagnez,Souss-Massa,Chtouka Ait Baha,Aouguenz,CSR-1,Centre de Santé Rural niveau 1,Soins primaires,"Médecine générale,Soins de base,Vaccination,Soins infirmiers"
Aguerd,Souss-Massa,Chtouka Ait Baha,Ida Ougnidif,DR,Dispensaire Rural,Soins primaires,"Soins de base,Soins d'urgence élémentaires"
Ida Ougnidif,Souss-Massa,Chtouka Ait Baha,Ida Ougnidif,CSR-2,Centre de Santé Rural niveau 2,Soins primaires,"Médecine générale,Soins de base,Vaccination,Soins infirmiers"
Kh.A.Moussa,Souss-Massa,Chtouka Ait Baha,Sidi AbdallahEl Bouchouari,DR,Dispensaire Rural,Soins primaires,"Soins de base,Soins d'urgence élémentaires"
S.Abdellah,Souss-Massa,Chtouka Ait Baha,Sidi AbdallahEl Bouchouari,CSR-2,Centre de Santé Rural niveau 2,Soins primaires,"Médecine générale,Soins de base,Vaccination,Soins infirmiers"
Ait Ouadrim,Souss-Massa,Chtouka Ait Baha,Ait Ouadrim,CSR-1,Centre de Santé Rural niveau 1,Soins primaires,"Médecine générale,Soins de base,Vaccination,Soins infirmiers"
Ait M'zal,Souss-Massa,Chtouka Ait Baha,Ait Mzal,CSR-1,Centre de Santé Rural niveau 1,Soins primaires,"Médecine générale,Soins de base,Vaccination,Soins infirmiers"
Zao,Souss-Massa,Chtouka Ait Baha,Tassegdelt,DR,Dispensaire Rural,Soins primaires,"Soins de base,Soins d'urgence élémentaires"
Taalate,Souss-Massa,Chtouka Ait Baha,Tassegdelt,DR,Dispensaire Rural,Soins primaires,"Soins de base,Soins d'urgence élémentaires"
Hellate,Souss-Massa,Chtouka Ait Baha,Tassegdelt,CSR-2,Centre de Santé Rural niveau 2,Soins primaires,"Médecine générale,Soins de base,Vaccination,Soins infirmiers"
Hilala,Souss-Massa,Chtouka Ait Baha,Hilala,CSR-1,Centre de Santé Rural niveau 1,Soins primaires,"Médecine générale,Soins de base,Vaccination,Soins infirmiers"
Takoucht,Souss-Massa,Chtouka Ait Baha,Tizi Ntakoucht,CSR-1,Centre de Santé Rural niveau 1,Soins primaires,"Médecine générale,Soins de base,Vaccination,Soins infirmiers"
Taledel,Souss-Massa,Chtouka Ait Baha,Tizi Ntakoucht,DR,Dispensaire Rural,Soins primaires,"Soins de base,Soins d'urgence élémentaires"
Inchaden,Souss-Massa,Chtouka Ait Baha,Inchaden,CSR-1,Centre de Santé Rural niveau 1,Soins primaires,"Médecine générale,Soins de base,Vaccination,Soins infirmiers"
Ait Yassine,Souss-Massa,Chtouka Ait Baha,Ait Milk,DR,Dispensaire Rural,Soins primaires,"Soins de base,Soins d'urgence élémentaires"
Aghbalou,Souss-Massa,Chtouka Ait Baha,Sidi Ouassay,CSR-2,Centre de Santé Rural niveau 2,Soins primaires,"Médecine générale,Soins de base,Vaccination,Soins infirmiers"
Ifentar,Souss-Massa,Chtouka Ait Baha,Massa,DR,Dispensaire Rural,Soins primaires,"Soins de base,Soins d'urgence élémentaires"
Ait Milk,Souss-Massa,Chtouka Ait Baha,Ait Milk,CSR-2,Centre de Santé Rural niveau 2,Soins primaires,"Médecine générale,Soins de base,Vaccination,Soins infirmiers"
Belfaa,Souss-Massa,Chtouka Ait Baha,Belfaa,CSR-2,Centre de Santé Rural niveau 2,Soins primaires,"Médecine générale,Soins de base,Vaccination,Soins infirmiers"
Massa,Souss-Massa,Chtouka Ait Baha,Massa,CSR-2,Centre de Santé Rural niveau 2,Soins primaires,"Médecine générale,Soins de base,Vaccination,Soins infirmiers"
Imzilene,Souss-Massa,Chtouka Ait Baha,Ouad Essafa,DR,Dispensaire Rural,Soins primaires,"Soins de base,Soins d'urgence élémentaires"
Oued Essafa,Souss-Massa,Chtouka Ait Baha,Ouad Essafa,CSR-1,Centre de Santé Rural niveau 1,Soins primaires,"Médecine générale,Soins de base,Vaccination,Soins infirmiers"
Ait Oubelkacem,Souss-Massa,Chtouka Ait Baha,Ouad Essafa,DR,Dispensaire Rural,Soins primaires,"Soins de base,Soins d'urgence élémentaires"
Imi Mqourn,Souss-Massa,Chtouka Ait Baha,Imi Mqourn,CSR-2,Centre de Santé Rural niveau 2,Soins primaires,"Médecine générale,Soins de base,Vaccination,Soins infirmiers"
Sidi Boushab,Souss-Massa,Chtouka Ait Baha,Sidi Boushab,CSR-1,Centre de Santé Rural niveau 1,Soins primaires,"Médecine générale,Soins de base,Vaccination,Soins infirmiers"
A.Melloul,Souss-Massa,Inezgane Ait Melloul,Ait Melloul,CSU-2,Centre de Santé Urbain niveau 2,Soins primaires,"Médecine générale,Soins de base,Vaccination,Planning familial,Consultation infirmière"
Lemzar,Souss-Massa,Inezgane Ait Melloul,Ait Melloul,CSU-1,Centre de Santé Urbain niveau 1,Soins primaires,"Médecine générale,Soins de base,Vaccination,Planning familial,Consultation infirmière"
Kasba Taher,Souss-Massa,Inezgane Ait Melloul,Ait Melloul,CSU-1,Centre de Santé Urbain niveau 1,Soins primaires,"Médecine générale,Soins de base,Vaccination,Planning familial,Consultation infirmière"
Azrou,Souss-Massa,Inezgane Ait Melloul,Ait Melloul,CSU-1,Centre de Santé Urbain niveau 1,Soins primaires,"Médecine générale,Soins de base,Vaccination,Planning familial,Consultation infirmière"
Chouhada,Souss-Massa,Inezgane Ait Melloul,Ait Melloul,CSU-1,Centre de Santé Urbain niveau 1,Soins primaires,"Médecine générale,Soins de base,Vaccination,Planning familial,Consultation infirmière"
Kolea,Souss-Massa,Inezgane Ait Melloul,Lqliaa,CSU-2,Centre de Santé Urbain niveau 2,Soins primaires,"Médecine générale,Soins de base,Vaccination,Planning familial,Consultation infirmière"
CDTMR Inezgane,Souss-Massa,Inezgane Ait Melloul,Inezgane,CDTMR,Centre de Diagnostic et de Traitement des Maladies Respiratoires,Soins primaires,"Pneumologie,Maladies respiratoires,Tuberculose,CDTMR"
Dcheira,Souss-Massa,Inezgane Ait Melloul,Dcheira El Jihadia,CSU-1,Centre de Santé Urbain niveau 1,Soins primaires,"Médecine générale,Soins de base,Vaccination,Planning familial,Consultation infirmière"
Dchira Jihadia (Amougay),Souss-Massa,Inezgane Ait Melloul,Dcheira El Jihadia,CSU-1,Centre de Santé Urbain niveau 1,Soins primaires,"Médecine générale,Soins de base,Vaccination,Planning familial,Consultation infirmière"
Inzgane,Souss-Massa,Inezgane Ait Melloul,Inezgane,CSU-1,Centre de Santé Urbain niveau 1,Soins primaires,"Médecine générale,Soins de base,Vaccination,Planning familial,Consultation infirmière"
Tarraste,Souss-Massa,Inezgane Ait Melloul,Inezgane,CSU-1,Centre de Santé Urbain niveau 1,Soins primaires,"Médecine générale,Soins de base,Vaccination,Planning familial,Consultation infirmière"
Jorf,Souss-Massa,Inezgane Ait Melloul,Inezgane,CSU-1,Centre de Santé Urbain niveau 1,Soins primaires,"Médecine générale,Soins de base,Vaccination,Planning familial,Consultation infirmière"
Dcheira Irhalne,Souss-Massa,Inezgane Ait Melloul,Dcheira El Jihadia,CSU-1,Centre de Santé Urbain niveau 1,Soins primaires,"Médecine générale,Soins de base,Vaccination,Planning familial,Consultation infirmière"
Sidi Daoud,Souss-Massa,Inezgane Ait Melloul,Lqliaa,CSU-1,Centre de Santé Urbain niveau 1,Soins primaires,"Médecine générale,Soins de base,Vaccination,Planning familial,Consultation infirmière"
Laazibe,Souss-Massa,Inezgane Ait Melloul,Lqliaa,CSU-1,Centre de Santé Urbain niveau 1,Soins primaires,"Médecine générale,Soins de base,Vaccination,Planning familial,Consultation infirmière"
Dar Ben Cheikh,Souss-Massa,Inezgane Ait Melloul,Temsia,DR,Dispensaire Rural,Soins primaires,"Soins de base,Soins d'urgence élémentaires"
Oulad Dahou,Souss-Massa,Inezgane Ait Melloul,Oulad Dahou,CSR-1,Centre de Santé Rural niveau 1,Soins primaires,"Médecine générale,Soins de base,Vaccination,Soins infirmiers"
Ali Ben Haddi,Souss-Massa,Inezgane Ait Melloul,Oulad Dahou,DR,Dispensaire Rural,Soins primaires,"Soins de base,Soins d'urgence élémentaires"
Ait Moussa,Souss-Massa,Inezgane Ait Melloul,Temsia,CSR-1,Centre de Santé Rural niveau 1,Soins primaires,"Médecine générale,Soins de base,Vaccination,Soins infirmiers"
Ikhorbane,Souss-Massa,Inezgane Ait Melloul,Temsia,CSR-1,Centre de Santé Rural niveau 1,Soins primaires,"Médecine générale,Soins de base,Vaccination,Soins infirmiers"
Labdouaa,Souss-Massa,Inezgane Ait Melloul,Temsia,DR,Dispensaire Rural,Soins primaires,"Soins de base,Soins d'urgence élémentaires"
Temsia,Souss-Massa,Inezgane Ait Melloul,Temsia,CSR-2,Centre de Santé Rural niveau 2,Soins primaires,"Médecine générale,Soins de base,Vaccination,Soins infirmiers"
CDTMR Taroudant,Souss-Massa,Taroudant,Taroudannt,CDTMR,Centre de Diagnostic et de Traitement des Maladies Respiratoires,Soins primaires,"Pneumologie,Maladies respiratoires,Tuberculose,CDTMR"
LSP Taroudant,Souss-Massa,Taroudant,Taroudannt,LSP,Laboratoire de Santé Publique,Soins primaires,Laboratoire d'analyses médicales
Taroudante,Souss-Massa,Taroudant,Taroudannt,CRSR,Centre de Référence en Santé de Reproduction,Soins primaires,"Gynécologie,Santé de la reproduction,Planification familiale,Maternité"
Ait Iaaza,Souss-Massa,Taroudant,Ait Iaaza,CSU-2,Centre de Santé Urbain niveau 2,Soins primaires,"Médecine générale,Soins de base,Vaccination,Planning familial,Consultation infirmière"
El Guerdane,Souss-Massa,Taroudant,El Guerdane,CSU-2,Centre de Santé Urbain niveau 2,Soins primaires,"Médecine générale,Soins de base,Vaccination,Planning familial,Consultation infirmière"
Ighrem,Souss-Massa,Taroudant,Irherm,CSU-2,Centre de Santé Urbain niveau 2,Soins primaires,"Médecine générale,Soins de base,Vaccination,Planning familial,Consultation infirmière"
Ouled Berhil,Souss-Massa,Taroudant,Oulad Berhil,CSU-2,Centre de Santé Urbain niveau 2,Soins primaires,"Médecine générale,Soins de base,Vaccination,Planning familial,Consultation infirmière"
Oulad Teima,Souss-Massa,Taroudant,Oulad Teima,CSU-1,Centre de Santé Urbain niveau 1,Soins primaires,"Médecine générale,Soins de base,Vaccination,Planning familial,Consultation infirmière"
Essafa,Souss-Massa,Taroudant,Oulad Teima,CSU-1,Centre de Santé Urbain niveau 1,Soins primaires,"Médecine générale,Soins de base,Vaccination,Planning familial,Consultation infirmière"
Chrarda,Souss-Massa,Taroudant,Oulad Teima,CSU-1,Centre de Santé Urbain niveau 1,Soins primaires,"Médecine générale,Soins de base,Vaccination,Planning familial,Consultation infirmière"
Taliouine,Souss-Massa,Taroudant,Taliouine,CSU-2,Centre de Santé Urbain niveau 2,Soins primaires,"Médecine générale,Soins de base,Vaccination,Planning familial,Consultation infirmière"
Talmaklate,Souss-Massa,Taroudant,Taroudannt,CSU-1,Centre de Santé Urbain niveau 1,Soins primaires,"Médecine générale,Soins de base,Vaccination,Planning familial,Consultation infirmière"
Od Bounouna,Souss-Massa,Taroudant,Taroudannt,CSU-1,Centre de Santé Urbain niveau 1,Soins primaires,"Médecine générale,Soins de base,Vaccination,Planning familial,Consultation infirmière"
M'haita,Souss-Massa,Taroudant,Taroudannt,CSU-1,Centre de Santé Urbain niveau 1,Soins primaires,"Médecine générale,Soins de base,Vaccination,Planning familial,Consultation infirmière"
Aoulouz,Souss-Massa,Taroudant,Aoulouz,CSU-2,Centre de Santé Urbain niveau 2,Soins primaires,"Médecine générale,Soins de base,Vaccination,Planning familial,Consultation infirmière"
Sidi Mzal,Souss-Massa,Taroudant,Sidi Mzal,DR,Dispensaire Rural,Soins primaires,"Soins de base,Soins d'urgence élémentaires"
Tindine,Souss-Massa,Taroudant,Tindine,CSR-1,Centre de Santé Rural niveau 1,Soins primaires,"Médecine générale,Soins de base,Vaccination,Soins infirmiers"
Talidla,Souss-Massa,Taroudant,Tindine,DR,Dispensaire Rural,Soins primaires,"Soins de base,Soins d'urgence élémentaires"
Tignatine,Souss-Massa,Taroudant,Adar,CSR-2,Centre de Santé Rural niveau 2,Soins primaires,"Médecine générale,Soins de base,Vaccination,Soins infirmiers"
Ouzoune,Souss-Massa,Taroudant,Adar,DR,Dispensaire Rural,Soins primaires,"Soins de base,Soins d'urgence élémentaires"
Doussaoune,Souss-Massa,Taroudant,Adar,DR,Dispensaire Rural,Soins primaires,"Soins de base,Soins d'urgence élémentaires"
Azaghar N'irs,Souss-Massa,Taroudant,Azaghar N'Irs,CSR-1,Centre de Santé Rural niveau 1,Soins primaires,"Médecine générale,Soins de base,Vaccination,Soins infirmiers"
Ouastouane,Souss-Massa,Taroudant,Azaghar N'Irs,DR,Dispensaire Rural,Soins primaires,"Soins de base,Soins d'urgence élémentaires"
Tlat N'tlaghmine,Souss-Massa,Taroudant,Azaghar N'Irs,DR,Dispensaire Rural,Soins primaires,"Soins de base,Soins d'urgence élémentaires"
Berguen,Souss-Massa,Taroudant,Imi N'Tayart,CSR-1,Centre de Santé Rural niveau 1,Soins primaires,"Médecine générale,Soins de base,Vaccination,Soins infirmiers"
Nihit,Souss-Massa,Taroudant,Nihit,CSR-1,Centre de Santé Rural niveau 1,Soins primaires,"Médecine générale,Soins de base,Vaccination,Soins infirmiers"
Oualqadi,Souss-Massa,Taroudant,Oualqadi,CSR-1,Centre de Santé Rural niveau 1,Soins primaires,"Médecine générale,Soins de base,Vaccination,Soins infirmiers"
Jemaa Tafraout,Souss-Massa,Taroudant,Tisfane,CSR-1,Centre de Santé Rural niveau 1,Soins primaires,"Médecine générale,Soins de base,Vaccination,Soins infirmiers"
A. Abdellah,Souss-Massa,Taroudant,Ait Abdallah,CSR-2,Centre de Santé Rural niveau 2,Soins primaires,"Médecine générale,Soins de base,Vaccination,Soins infirmiers"
Tabia,Souss-Massa,Taroudant,Tabia,CSR-1,Centre de Santé Rural niveau 1,Soins primaires,"Médecine générale,Soins de base,Vaccination,Soins infirmiers"
Toufelaazt,Souss-Massa,Taroudant,Toufelaazt,CSR-1,Centre de Santé Rural niveau 1,Soins primaires,"Médecine générale,Soins de base,Vaccination,Soins infirmiers"
Imlil,Souss-Massa,Taroudant,Toumliline,CSR-1,Centre de Santé Rural niveau 1,Soins primaires,"Médecine générale,Soins de base,Vaccination,Soins infirmiers"
Tayert,Souss-Massa,Taroudant,Amalou,CSR-1,Centre de Santé Rural niveau 1,Soins primaires,"Médecine générale,Soins de base,Vaccination,Soins infirmiers"
Aguerd Noualous,Souss-Massa,Taroudant,Imaouen,CSR-1,Centre de Santé Rural niveau 1,Soins primaires,"Médecine générale,Soins de base,Vaccination,Soins infirmiers"
Had Imaoune,Souss-Massa,Taroudant,Imaouen,DR,Dispensaire Rural,Soins primaires,"Soins de base,Soins d'urgence élémentaires"
Anzergue,Souss-Massa,Taroudant,Sidi Boaal,CSR-1,Centre de Santé Rural niveau 1,Soins primaires,"Médecine générale,Soins de base,Vaccination,Soins infirmiers"
Indouzal,Souss-Massa,Taroudant,Tataoute,CSR-1,Centre de Santé Rural niveau 1,Soins primaires,"Médecine générale,Soins de base,Vaccination,Soins infirmiers"
Arazane,Souss-Massa,Taroudant,Arazane,CSR-2,Centre de Santé Rural niveau 2,Soins primaires,"Médecine générale,Soins de base,Vaccination,Soins infirmiers"
Jorf,Souss-Massa,Taroudant,Arazane,DR,Dispensaire Rural,Soins primaires,"Soins de base,Soins d'urgence élémentaires"
El Faid,Souss-Massa,Taroudant,El Faid,CSR-1,Centre de Santé Rural niveau 1,Soins primaires,"Médecine générale,Soins de base,Vaccination,Soins infirmiers"
Aguelz,Souss-Massa,Taroudant,El Faid,DR,Dispensaire Rural,Soins primaires,"Soins de base,Soins d'urgence élémentaires"
Tanamroute,Souss-Massa,Taroudant,El Faid,DR,Dispensaire Rural,Soins primaires,"Soins de base,Soins d'urgence élémentaires"
Ida Ougoummad,Souss-Massa,Taroudant,Ida Ougoummad,CSR-1,Centre de Santé Rural niveau 1,Soins primaires,"Médecine générale,Soins de base,Vaccination,Soins infirmiers"
Magnoune,Souss-Massa,Taroudant,Toughmart,CSR-1,Centre de Santé Rural niveau 1,Soins primaires,"Médecine générale,Soins de base,Vaccination,Soins infirmiers"
Ida Ou Gailal,Souss-Massa,Taroudant,Ida Ou Gailal,CSR-1,Centre de Santé Rural niveau 1,Soins primaires,"Médecine générale,Soins de base,Vaccination,Soins infirmiers"
Igli,Souss-Massa,Taroudant,Igli,CSR-1,Centre de Santé Rural niveau 1,Soins primaires,"Médecine générale,Soins de base,Vaccination,Soins infirmiers"
Oulad Aissa,Souss-Massa,Taroudant,Oulad Aissa,CSR-2,Centre de Santé Rural niveau 2,Soins primaires,"Médecine générale,Soins de base,Vaccination,Soins infirmiers"
S.Abdellah Ou Said,Souss-Massa,Taroudant,Sidi Abdellah Ou Said,CSR-1,Centre de Santé Rural niveau 1,Soins primaires,"Médecine générale,Soins de base,Vaccination,Soins infirmiers"
Igoudar,Souss-Massa,Taroudant,Igoudar Mnabha,CSR-1,Centre de Santé Rural niveau 1,Soins primaires,"Médecine générale,Soins de base,Vaccination,Soins infirmiers"
Tassoukte,Souss-Massa,Taroudant,Lamhara,CSR-1,Centre de Santé Rural niveau 1,Soins primaires,"Médecine générale,Soins de base,Vaccination,Soins infirmiers"
Ait Hamd,Souss-Massa,Taroudant,Tinzart,CSR-1,Centre de Santé Rural niveau 1,Soins primaires,"Médecine générale,Soins de base,Vaccination,Soins infirmiers"
Ouneine,Souss-Massa,Taroudant,Ouneine,CSR-1,Centre de Santé Rural niveau 1,Soins primaires,"Médecine générale,Soins de base,Vaccination,Soins infirmiers"
Ait Oussaih,Souss-Massa,Taroudant,Sidi Ouaaziz,CSR-1,Centre de Santé Rural niveau 1,Soins primaires,"Médecine générale,Soins de base,Vaccination,Soins infirmiers"
Tafingoult,Souss-Massa,Taroudant,Tafingoult,CSR-2,Centre de Santé Rural niveau 2,Soins primaires,"Médecine générale,Soins de base,Vaccination,Soins infirmiers"
Talgjount,Souss-Massa,Taroudant,Talgjount,CSR-1,Centre de Santé Rural niveau 1,Soins primaires,"Médecine générale,Soins de base,Vaccination,Soins infirmiers"
Tigouga,Souss-Massa,Taroudant,Tigouga,CSR-1,Centre de Santé Rural niveau 1,Soins primaires,"Médecine générale,Soins de base,Vaccination,Soins infirmiers"
Chafarni,Souss-Massa,Taroudant,Tizi N'Test,CSR-1,Centre de Santé Rural niveau 1,Soins primaires,"Médecine générale,Soins de base,Vaccination,Soins infirmiers"
Taouiyalte,Souss-Massa,Taroudant,Tizi N'Test,DR,Dispensaire Rural,Soins primaires,"Soins de base,Soins d'urgence élémentaires"
Ksiba,Souss-Massa,Taroudant,Ahl Ramel,CSR-2,Centre de Santé Rural niveau 2,Soins primaires,"Médecine générale,Soins de base,Vaccination,Soins infirmiers"
El Aasla,Souss-Massa,Taroudant,Ahl Ramel,DR,Dispensaire Rural,Soins primaires,"Soins de base,Soins d'urgence élémentaires"
Lagfifat,Souss-Massa,Taroudant,Lagfifat,CSR-2,Centre de Santé Rural niveau 2,Soins primaires,"Médecine générale,Soins de base,Vaccination,Soins infirmiers"
Sebt Lagfifat,Souss-Massa,Taroudant,Lagfifat,DR,Dispensaire Rural,Soins primaires,"Soins de base,Soins d'urgence élémentaires"
S.A. Ou Aamar,Souss-Massa,Taroudant,Sidi Ahmed Ou Amar,CSR-2,Centre de Santé Rural niveau 2,Soins primaires,"Médecine générale,Soins de base,Vaccination,Soins infirmiers"
Bouassida,Souss-Massa,Taroudant,Sidi Ahmed Ou Amar,DR,Dispensaire Rural,Soins primaires,"Soins de base,Soins d'urgence élémentaires"
S.Boumoussa,Souss-Massa,Taroudant,Sidi Boumoussa,CSR-1,Centre de Santé Rural niveau 1,Soins primaires,"Médecine générale,Soins de base,Vaccination,Soins infirmiers"
Assads,Souss-Massa,Taroudant,Assads,CSR-1,Centre de Santé Rural niveau 1,Soins primaires,"Médecine générale,Soins de base,Vaccination,Soins infirmiers"
Machraa El Ain,Souss-Massa,Taroudant,Machraa El Ain,CSR-1,Centre de Santé Rural niveau 1,Soins primaires,"Médecine générale,Soins de base,Vaccination,Soins infirmiers"
Od MHALLA,Souss-Massa,Taroudant,Machraa El Ain,DR,Dispensaire Rural,Soins primaires,"Soins de base,Soins d'urgence élémentaires"
Imighzer,Souss-Massa,Taroudant,Tidsi Nissendalene,CSR-1,Centre de Santé Rural niveau 1,Soins primaires,"Médecine générale,Soins de base,Vaccination,Soins infirmiers"
Tidsi,Souss-Massa,Taroudant,Tidsi Nissendalene,DR,Dispensaire Rural,Soins primaires,"Soins de base,Soins d'urgence élémentaires"
Ait Ben Hawa,Souss-Massa,Taroudant,Tidsi Nissendalene,DR,Dispensaire Rural,Soins primaires,"Soins de base,Soins d'urgence élémentaires"
El Koddia,Souss-Massa,Taroudant,El Koudia El Beida,CSR-2,Centre de Santé Rural niveau 2,Soins primaires,"Médecine générale,Soins de base,Vaccination,Soins infirmiers"
Boukhachba,Souss-Massa,Taroudant,El Koudia El Beida,DR,Dispensaire Rural,Soins primaires,"Soins de base,Soins d'urgence élémentaires"
Lakhnafif,Souss-Massa,Taroudant,Lakhnafif,CSR-1,Centre de Santé Rural niveau 1,Soins primaires,"Médecine générale,Soins de base,Vaccination,Soins infirmiers"
Ouled Rahou,Souss-Massa,Taroudant,Lamhadi,CSR-1,Centre de Santé Rural niveau 1,Soins primaires,"Médecine générale,Soins de base,Vaccination,Soins infirmiers"
Tisrass,Souss-Massa,Taroudant,Tisrasse,CSR-1,Centre de Santé Rural niveau 1,Soins primaires,"Médecine générale,Soins de base,Vaccination,Soins infirmiers"
Agadir Melloul,Souss-Massa,Taroudant,Agadir Melloul,CSR-1,Centre de Santé Rural niveau 1,Soins primaires,"Médecine générale,Soins de base,Vaccination,Soins infirmiers"
Assaise,Souss-Massa,Taroudant,Assaisse,CSR-1,Centre de Santé Rural niveau 1,Soins primaires,"Médecine générale,Soins de base,Vaccination,Soins infirmiers"
Ighri,Souss-Massa,Taroudant,Sidi Hsaine,CSR-2,Centre de Santé Rural niveau 2,Soins primaires,"Médecine générale,Soins de base,Vaccination,Soins infirmiers"
Imgoune,Souss-Massa,Taroudant,Tassousfi,CSR-1,Centre de Santé Rural niveau 1,Soins primaires,"Médecine générale,Soins de base,Vaccination,Soins infirmiers"
Asserrarghe,Souss-Massa,Taroudant,Agadir Melloul,DR,Dispensaire Rural,Soins primaires,"Soins de base,Soins d'urgence élémentaires"
Assarague,Souss-Massa,Taroudant,Ahl Tifnoute,CSR-1,Centre de Santé Rural niveau 1,Soins primaires,"Médecine générale,Soins de base,Vaccination,Soins infirmiers"
Ikiss,Souss-Massa,Taroudant,Ahl Tifnoute,DR,Dispensaire Rural,Soins primaires,"Soins de base,Soins d'urgence élémentaires"
Askaouen,Souss-Massa,Taroudant,Askaouen,CSR-2,Centre de Santé Rural niveau 2,Soins primaires,"Médecine générale,Soins de base,Vaccination,Soins infirmiers"
Taouiyalte,Souss-Massa,Taroudant,Taouyalte,CSR-1,Centre de Santé Rural niveau 1,Soins primaires,"Médecine générale,Soins de base,Vaccination,Soins infirmiers"
Aaraben,Souss-Massa,Taroudant,Taouyalte,DR,Dispensaire Rural,Soins primaires,"Soins de base,Soins d'urgence élémentaires"
Assaki,Souss-Massa,Taroudant,Assaki,CSR-1,Centre de Santé Rural niveau 1,Soins primaires,"Médecine générale,Soins de base,Vaccination,Soins infirmiers"
Tidnass,Souss-Massa,Taroudant,Assaki,DR,Dispensaire Rural,Soins primaires,"Soins de base,Soins d'urgence élémentaires"
Targa N'mimoun,Souss-Massa,Taroudant,Assaki,DR,Dispensaire Rural,Soins primaires,"Soins de base,Soins d'urgence élémentaires"
Amzlou,Souss-Massa,Taroudant,Azrar,CSR-1,Centre de Santé Rural niveau 1,Soins primaires,"Médecine générale,Soins de base,Vaccination,Soins infirmiers"
Tirit,Souss-Massa,Taroudant,Tizgzaouine,CSR-1,Centre de Santé Rural niveau 1,Soins primaires,"Médecine générale,Soins de base,Vaccination,Soins infirmiers"
Agadir N'ait Taleb,Souss-Massa,Taroudant,Zagmouzen,CSR-1,Centre de Santé Rural niveau 1,Soins primaires,"Médecine générale,Soins de base,Vaccination,Soins infirmiers"
Iguidi,Souss-Massa,Taroudant,Iguidi,CSR-1,Centre de Santé Rural niveau 1,Soins primaires,"Médecine générale,Soins de base,Vaccination,Soins infirmiers"
Toubkal,Souss-Massa,Taroudant,Toubkal,CSR-1,Centre de Santé Rural niveau 1,Soins primaires,"Médecine générale,Soins de base,Vaccination,Soins infirmiers"
Ouzioua,Souss-Massa,Taroudant,Ouzioua,CSR-2,Centre de Santé Rural niveau 2,Soins primaires,"Médecine générale,Soins de base,Vaccination,Soins infirmiers"
Tinidar,Souss-Massa,Taroudant,Assaisse,DR,Dispensaire Rural,Soins primaires,"Soins de base,Soins d'urgence élémentaires"
Aoudouste,Souss-Massa,Taroudant,Tassousfi,DR,Dispensaire Rural,Soins primaires,"Soins de base,Soins d'urgence élémentaires"
Boulaajlat,Souss-Massa,Taroudant,Ait Makhlouf,CSR-1,Centre de Santé Rural niveau 1,Soins primaires,"Médecine générale,Soins de base,Vaccination,Soins infirmiers"
Aglagal,Souss-Massa,Taroudant,Sidi Ahmed Ou Abdallah,DR,Dispensaire Rural,Soins primaires,"Soins de base,Soins d'urgence élémentaires"
Tazemmourt,Souss-Massa,Taroudant,Tazemmourt,CSR-1,Centre de Santé Rural niveau 1,Soins primaires,"Médecine générale,Soins de base,Vaccination,Soins infirmiers"
Sidi Borja,Souss-Massa,Taroudant,Sidi Borja,CSR-1,Centre de Santé Rural niveau 1,Soins primaires,"Médecine générale,Soins de base,Vaccination,Soins infirmiers"
Migrane,Souss-Massa,Taroudant,Bounrar,CSR-1,Centre de Santé Rural niveau 1,Soins primaires,"Médecine générale,Soins de base,Vaccination,Soins infirmiers"
Tamaloukte,Souss-Massa,Taroudant,Tamaloukte,CSR-2,Centre de Santé Rural niveau 2,Soins primaires,"Médecine générale,Soins de base,Vaccination,Soins infirmiers"
Tafraouten,Souss-Massa,Taroudant,Tafraouten,CSR-1,Centre de Santé Rural niveau 1,Soins primaires,"Médecine générale,Soins de base,Vaccination,Soins infirmiers"
Imoulass,Souss-Massa,Taroudant,Imoulass,CSR-1,Centre de Santé Rural niveau 1,Soins primaires,"Médecine générale,Soins de base,Vaccination,Soins infirmiers"
Tiout,Souss-Massa,Taroudant,Tiout,CSR-2,Centre de Santé Rural niveau 2,Soins primaires,"Médecine générale,Soins de base,Vaccination,Soins infirmiers"
Sidi Dahmane,Souss-Massa,Taroudant,Sidi Dahmane,CSR-1,Centre de Santé Rural niveau 1,Soins primaires,"Médecine générale,Soins de base,Vaccination,Soins infirmiers"
S.A.Ou Abdellah,Souss-Massa,Taroudant,Sidi Ahmed Ou Abdallah,CSR-1,Centre de Santé Rural niveau 1,Soins primaires,"Médecine générale,Soins de base,Vaccination,Soins infirmiers"
Freija,Souss-Massa,Taroudant,Freija,CSR-1,Centre de Santé Rural niveau 1,Soins primaires,"Médecine générale,Soins de base,Vaccination,Soins infirmiers"
Ai Iguass,Souss-Massa,Taroudant,Ait Igas,CSR-1,Centre de Santé Rural niveau 1,Soins primaires,"Médecine générale,Soins de base,Vaccination,Soins infirmiers"
Tigouliane,Souss-Massa,Taroudant,Tafraouten,DR,Dispensaire Rural,Soins primaires,"Soins de base,Soins d'urgence élémentaires"
Tamssoulte,Souss-Massa,Taroudant,Tafraouten,CSR-2,Centre de Santé Rural niveau 2,Soins primaires,"Médecine générale,Soins de base,Vaccination,Soins infirmiers"
Talmakante,Souss-Massa,Taroudant,Talmakante,CSR-1,Centre de Santé Rural niveau 1,Soins primaires,"Médecine générale,Soins de base,Vaccination,Soins infirmiers"
Brahim Roudani (Ait Hmida),Souss-Massa,Taroudant,Sidi Moussa Lhamri,CSR-2,Centre de Santé Rural niveau 2,Soins primaires,"Médecine générale,Soins de base,Vaccination,Soins infirmiers"
Tnine Od Teima,Souss-Massa,Taroudant,Issen,CSR-1,Centre de Santé Rural niveau 1,Soins primaires,"Médecine générale,Soins de base,Vaccination,Soins infirmiers"
Lamnizla,Souss-Massa,Taroudant,Lamnizla,CSR-1,Centre de Santé Rural niveau 1,Soins primaires,"Médecine générale,Soins de base,Vaccination,Soins infirmiers"
Zt. S.TAHER,Souss-Massa,Taroudant,Zaouia Sidi Tahar,CSR-1,Centre de Santé Rural niveau 1,Soins primaires,"Médecine générale,Soins de base,Vaccination,Soins infirmiers"
Argana,Souss-Massa,Taroudant,Argana,CSR-2,Centre de Santé Rural niveau 2,Soins primaires,"Médecine générale,Soins de base,Vaccination,Soins infirmiers"
Bigoudine,Souss-Massa,Taroudant,Bigoudine,CSR-1,Centre de Santé Rural niveau 1,Soins primaires,"Médecine générale,Soins de base,Vaccination,Soins infirmiers"
Barrage,Souss-Massa,Taroudant,Bigoudine,DR,Dispensaire Rural,Soins primaires,"Soins de base,Soins d'urgence élémentaires"
Tanoute,Souss-Massa,Taroudant,Imilmaiss,CSR-1,Centre de Santé Rural niveau 1,Soins primaires,"Médecine générale,Soins de base,Vaccination,Soins infirmiers"
Bouida,Souss-Massa,Taroudant,Ahmar Laglalcha,CSR-2,Centre de Santé Rural niveau 2,Soins primaires,"Médecine générale,Soins de base,Vaccination,Soins infirmiers"
Oueld Salem,Souss-Massa,Taroudant,Ahmar Laglalcha,DR,Dispensaire Rural,Soins primaires,"Soins de base,Soins d'urgence élémentaires"
Ahmer,Souss-Massa,Taroudant,Ida Ou Moumen,CSR-2,Centre de Santé Rural niveau 2,Soins primaires,"Médecine générale,Soins de base,Vaccination,Soins infirmiers"
Laaouissate,Souss-Massa,Taroudant,Ida Ou Moumen,DR,Dispensaire Rural,Soins primaires,"Soins de base,Soins d'urgence élémentaires"
Sidi Moussa,Souss-Massa,Taroudant,Zaouia Sidi Tahar,DR,Dispensaire Rural,Soins primaires,"Soins de base,Soins d'urgence élémentaires"
D'kheila,Souss-Massa,Taroudant,Eddir,CSR-2,Centre de Santé Rural niveau 2,Soins primaires,"Médecine générale,Soins de base,Vaccination,Soins infirmiers"
Fam El Hisne,Souss-Massa,Tata,Fam El Hisn,CSU-2,Centre de Santé Urbain niveau 2,Soins primaires,"Médecine générale,Soins de base,Vaccination,Planning familial,Consultation infirmière"
Akka,Souss-Massa,Tata,Akka,CSU-2,Centre de Santé Urbain niveau 2,Soins primaires,"Médecine générale,Soins de base,Vaccination,Planning familial,Consultation infirmière"
Daraa,Souss-Massa,Tata,Tata,CSU-1,Centre de Santé Urbain niveau 1,Soins primaires,"Médecine générale,Soins de base,Vaccination,Planning familial,Consultation infirmière"
Tata,Souss-Massa,Tata,Tata,CSU-1,Centre de Santé Urbain niveau 1,Soins primaires,"Médecine générale,Soins de base,Vaccination,Planning familial,Consultation infirmière"
Oued Hellal,Souss-Massa,Tata,Foum Zguid,CSU-1,Centre de Santé Urbain niveau 1,Soins primaires,"Médecine générale,Soins de base,Vaccination,Planning familial,Consultation infirmière"
Icht,Souss-Massa,Tata,Fam El Hisn,CSU-1,Centre de Santé Urbain niveau 1,Soins primaires,"Médecine générale,Soins de base,Vaccination,Planning familial,Consultation infirmière"
Foum-Zguid,Souss-Massa,Tata,Foum Zguid,CSU-2,Centre de Santé Urbain niveau 2,Soins primaires,"Médecine générale,Soins de base,Vaccination,Planning familial,Consultation infirmière"
Tadakouste,Souss-Massa,Tata,Ait Ouabelli,DR,Dispensaire Rural,Soins primaires,"Soins de base,Soins d'urgence élémentaires"
Ait Ouabelli,Souss-Massa,Tata,Ait Ouabelli,CSR-2,Centre de Santé Rural niveau 2,Soins primaires,"Médecine générale,Soins de base,Vaccination,Soins infirmiers"
K S.Abd B.M'barek,Souss-Massa,Tata,Kasbat Sidi Abdellah Ben M'Barek,CSR-1,Centre de Santé Rural niveau 1,Soins primaires,"Médecine générale,Soins de base,Vaccination,Soins infirmiers"
Touzounine,Souss-Massa,Tata,Tizounine,CSR-1,Centre de Santé Rural niveau 1,Soins primaires,"Médecine générale,Soins de base,Vaccination,Soins infirmiers"
Tamanarte (Aguerd),Souss-Massa,Tata,Tamanarte,CSR-2,Centre de Santé Rural niveau 2,Soins primaires,"Médecine générale,Soins de base,Vaccination,Soins infirmiers"
Anamer,Souss-Massa,Tata,Tamanarte,DR,Dispensaire Rural,Soins primaires,"Soins de base,Soins d'urgence élémentaires"
Aguinane (Fiferd),Souss-Massa,Tata,Aguinane,CSR-1,Centre de Santé Rural niveau 1,Soins primaires,"Médecine générale,Soins de base,Vaccination,Soins infirmiers"
Akka-Ighane,Souss-Massa,Tata,Akka Ighane,CSR-2,Centre de Santé Rural niveau 2,Soins primaires,"Médecine générale,Soins de base,Vaccination,Soins infirmiers"
Akka-Iguerne,Souss-Massa,Tata,Akka Ighane,DR,Dispensaire Rural,Soins primaires,"Soins de base,Soins d'urgence élémentaires"
Dou Ougadir,Souss-Massa,Tata,Akka Ighane,DR,Dispensaire Rural,Soins primaires,"Soins de base,Soins d'urgence élémentaires"
Ibn Yacoub (Imintatelt),Souss-Massa,Tata,Ibn Yacoub,CSR-1,Centre de Santé Rural niveau 1,Soins primaires,"Médecine générale,Soins de base,Vaccination,Soins infirmiers"
Iligh,Souss-Massa,Tata,Ibn Yacoub,DR,Dispensaire Rural,Soins primaires,"Soins de base,Soins d'urgence élémentaires"
Allougoum,Souss-Massa,Tata,Allougoum,CSR-2,Centre de Santé Rural niveau 2,Soins primaires,"Médecine générale,Soins de base,Vaccination,Soins infirmiers"
Khriouiaa,Souss-Massa,Tata,Allougoum,DR,Dispensaire Rural,Soins primaires,"Soins de base,Soins d'urgence élémentaires"
Tlite,Souss-Massa,Tata,Tlite,CSR-1,Centre de Santé Rural niveau 1,Soins primaires,"Médecine générale,Soins de base,Vaccination,Soins infirmiers"
Tissint,Souss-Massa,Tata,Tissint,CSR-2,Centre de Santé Rural niveau 2,Soins primaires,"Médecine générale,Soins de base,Vaccination,Soins infirmiers"
Mghimima,Souss-Massa,Tata,Tissint,DR,Dispensaire Rural,Soins primaires,"Soins de base,Soins d'urgence élémentaires"
El Kasbat,Souss-Massa,Tata,Tissint,DR,Dispensaire Rural,Soins primaires,"Soins de base,Soins d'urgence élémentaires"
Addis,Souss-Massa,Tata,Adis,CSR-2,Centre de Santé Rural niveau 2,Soins primaires,"Médecine générale,Soins de base,Vaccination,Soins infirmiers"
Oum Lguerdane,Souss-Massa,Tata,Oum El Guerdane,CSR-1,Centre de Santé Rural niveau 1,Soins primaires,"Médecine générale,Soins de base,Vaccination,Soins infirmiers"
Tigzmerte,Souss-Massa,Tata,Tigzmerte,CSR-1,Centre de Santé Rural niveau 1,Soins primaires,"Médecine générale,Soins de base,Vaccination,Soins infirmiers"
Imitek,Souss-Massa,Tata,Tigzmerte,DR,Dispensaire Rural,Soins primaires,"Soins de base,Soins d'urgence élémentaires"
Issafen,Souss-Massa,Tata,Issafen,CSR-2,Centre de Santé Rural niveau 2,Soins primaires,"Médecine générale,Soins de base,Vaccination,Soins infirmiers"
Assoul,Souss-Massa,Tata,Tagmout,DR,Dispensaire Rural,Soins primaires,"Soins de base,Soins d'urgence élémentaires"
Tizza,Souss-Massa,Tata,Issafen,DR,Dispensaire Rural,Soins primaires,"Soins de base,Soins d'urgence élémentaires"
Tizaghte (Tizgui),Souss-Massa,Tata,Tizaghte,CSR-1,Centre de Santé Rural niveau 1,Soins primaires,"Médecine générale,Soins de base,Vaccination,Soins infirmiers"
Imi-N-Guisselte,Souss-Massa,Tata,Tizaghte,DR,Dispensaire Rural,Soins primaires,"Soins de base,Soins d'urgence élémentaires"
Tagmoute,Souss-Massa,Tata,Tagmout,CSR-2,Centre de Santé Rural niveau 2,Soins primaires,"Médecine générale,Soins de base,Vaccination,Soins infirmiers"
Idaoutinest,Souss-Massa,Tata,Issafen,DR,Dispensaire Rural,Soins primaires,"Soins de base,Soins d'urgence élémentaires"
Houmman El Fatouaki,Souss-Massa,Tiznit,Tiznit,CDTMR,Centre de Diagnostic et de Traitement des Maladies Respiratoires,Soins primaires,"Pneumologie,Maladies respiratoires,Tuberculose,CDTMR"
Houmman El Fatouaki,Souss-Massa,Tiznit,Tiznit,LSP,Laboratoire de Santé Publique,Soins primaires,Laboratoire d'analyses médicales
El Mers,Souss-Massa,Tiznit,Tiznit,CSU-1,Centre de Santé Urbain niveau 1,Soins primaires,"Médecine générale,Soins de base,Vaccination,Planning familial,Consultation infirmière"
Abdellah Chefchaouni,Souss-Massa,Tiznit,Tiznit,CSU-1,Centre de Santé Urbain niveau 1,Soins primaires,"Médecine générale,Soins de base,Vaccination,Planning familial,Consultation infirmière"
Tafraoute,Souss-Massa,Tiznit,Tafraout,CSU-2,Centre de Santé Urbain niveau 2,Soins primaires,"Médecine générale,Soins de base,Vaccination,Planning familial,Consultation infirmière"
CRSR Tiznit,Souss-Massa,Tiznit,Tiznit,CRSR,Centre de Référence en Santé de Reproduction,Soins primaires,"Gynécologie,Santé de la reproduction,Planification familiale,Maternité"
Tazeroualte,Souss-Massa,Tiznit,Sidi Ahmed Ou Moussa,CSR-2,Centre de Santé Rural niveau 2,Soins primaires,"Médecine générale,Soins de base,Vaccination,Soins infirmiers"
Toumanar,Souss-Massa,Tiznit,Sidi Ahmed Ou Moussa,DR,Dispensaire Rural,Soins primaires,"Soins de base,Soins d'urgence élémentaires"
Azour oulili,Souss-Massa,Tiznit,Tizoughrane,DR,Dispensaire Rural,Soins primaires,"Soins de base,Soins d'urgence élémentaires"
Ighir Mouss,Souss-Massa,Tiznit,Ait Issafen,CSR-1,Centre de Santé Rural niveau 1,Soins primaires,"Médecine générale,Soins de base,Vaccination,Soins infirmiers"
Taghzifte,Souss-Massa,Tiznit,Tizoughrane,DR,Dispensaire Rural,Soins primaires,"Soins de base,Soins d'urgence élémentaires"
Tizoughrane,Souss-Massa,Tiznit,Tizoughrane,DR,Dispensaire Rural,Soins primaires,"Soins de base,Soins d'urgence élémentaires"
Idaousemllal,Souss-Massa,Tiznit,Tizoughrane,CSR-2,Centre de Santé Rural niveau 2,Soins primaires,"Médecine générale,Soins de base,Vaccination,Soins infirmiers"
Takaterte,Souss-Massa,Tiznit,Ida Ou Gougmar,DR,Dispensaire Rural,Soins primaires,"Soins de base,Soins d'urgence élémentaires"
Tifrmit,Souss-Massa,Tiznit,Ida Ou Gougmar,CSR-1,Centre de Santé Rural niveau 1,Soins primaires,"Médecine générale,Soins de base,Vaccination,Soins infirmiers"
Ait Ahmed,Souss-Massa,Tiznit,Arbaa Ait Ahmed,CSR-2,Centre de Santé Rural niveau 2,Soins primaires,"Médecine générale,Soins de base,Vaccination,Soins infirmiers"
Aday,Souss-Massa,Tiznit,Tnine Aday,CSR-1,Centre de Santé Rural niveau 1,Soins primaires,"Médecine générale,Soins de base,Vaccination,Soins infirmiers"
Taf.El Mouloud,Souss-Massa,Tiznit,Tafraout El Mouloud,CSR-1,Centre de Santé Rural niveau 1,Soins primaires,"Médecine générale,Soins de base,Vaccination,Soins infirmiers"
Anzi,Souss-Massa,Tiznit,Anzi,CSR-2,Centre de Santé Rural niveau 2,Soins primaires,"Médecine générale,Soins de base,Vaccination,Soins infirmiers"
Tiremsane,Souss-Massa,Tiznit,Anzi,DR,Dispensaire Rural,Soins primaires,"Soins de base,Soins d'urgence élémentaires"
Tighmi,Souss-Massa,Tiznit,Tighmi,CSR-2,Centre de Santé Rural niveau 2,Soins primaires,"Médecine générale,Soins de base,Vaccination,Soins infirmiers"
Assif Oudrar,Souss-Massa,Tiznit,Ait Issafen,DR,Dispensaire Rural,Soins primaires,"Soins de base,Soins d'urgence élémentaires"
Tassrirt,Souss-Massa,Tiznit,Tassrirt,CSR-1,Centre de Santé Rural niveau 1,Soins primaires,"Médecine générale,Soins de base,Vaccination,Soins infirmiers"
Ait Ouafqa,Souss-Massa,Tiznit,Ait Ouafqa,CSR-1,Centre de Santé Rural niveau 1,Soins primaires,"Médecine générale,Soins de base,Vaccination,Soins infirmiers"
Afella Ighir,Souss-Massa,Tiznit,Afella Ighir,CSR-2,Centre de Santé Rural niveau 2,Soins primaires,"Médecine générale,Soins de base,Vaccination,Soins infirmiers"
Amelne,Souss-Massa,Tiznit,Ammelne,CSR-2,Centre de Santé Rural niveau 2,Soins primaires,"Médecine générale,Soins de base,Vaccination,Soins infirmiers"
Tarsouat,Souss-Massa,Tiznit,Tarsouat,CSR-1,Centre de Santé Rural niveau 1,Soins primaires,"Médecine générale,Soins de base,Vaccination,Soins infirmiers"
Tahala,Souss-Massa,Tiznit,Irigh N'Tahala,CSR-2,Centre de Santé Rural niveau 2,Soins primaires,"Médecine générale,Soins de base,Vaccination,Soins infirmiers"
Izerbi,Souss-Massa,Tiznit,Tarsouat,DR,Dispensaire Rural,Soins primaires,"Soins de base,Soins d'urgence élémentaires"
Kh.Tafraout,Souss-Massa,Tiznit,Sidi Bouabdelli,DR,Dispensaire Rural,Soins primaires,"Soins de base,Soins d'urgence élémentaires"
Tisgharine,Souss-Massa,Tiznit,Sidi Bouabdelli,DR,Dispensaire Rural,Soins primaires,"Soins de base,Soins d'urgence élémentaires"
Ouijjane,Souss-Massa,Tiznit,Ouijjane,CSR-1,Centre de Santé Rural niveau 1,Soins primaires,"Médecine générale,Soins de base,Vaccination,Soins infirmiers"
Assaka,Souss-Massa,Tiznit,Ouijjane,DR,Dispensaire Rural,Soins primaires,"Soins de base,Soins d'urgence élémentaires"
Reggada,Souss-Massa,Tiznit,Reggada,CSR-2,Centre de Santé Rural niveau 2,Soins primaires,"Médecine générale,Soins de base,Vaccination,Soins infirmiers"
Talainte,Souss-Massa,Tiznit,Reggada,DR,Dispensaire Rural,Soins primaires,"Soins de base,Soins d'urgence élémentaires"
Ighir Melloulene,Souss-Massa,Tiznit,Reggada,DR,Dispensaire Rural,Soins primaires,"Soins de base,Soins d'urgence élémentaires"
Igherme,Souss-Massa,Tiznit,Reggada,DR,Dispensaire Rural,Soins primaires,"Soins de base,Soins d'urgence élémentaires"
Al Feid,Souss-Massa,Tiznit,Tnine Aglou,DR,Dispensaire Rural,Soins primaires,"Soins de base,Soins d'urgence élémentaires"
Laaouina,Souss-Massa,Tiznit,Tnine Aglou,DR,Dispensaire Rural,Soins primaires,"Soins de base,Soins d'urgence élémentaires"
Al Gaada,Souss-Massa,Tiznit,Tnine Aglou,DR,Dispensaire Rural,Soins primaires,"Soins de base,Soins d'urgence élémentaires"
Igrar S.Abdrahman,Souss-Massa,Tiznit,Tnine Aglou,DR,Dispensaire Rural,Soins primaires,"Soins de base,Soins d'urgence élémentaires"
Zaouite,Souss-Massa,Tiznit,Tnine Aglou,DR,Dispensaire Rural,Soins primaires,"Soins de base,Soins d'urgence élémentaires"
Aglou,Souss-Massa,Tiznit,Tnine Aglou,CSR-1,Centre de Santé Rural niveau 1,Soins primaires,"Médecine générale,Soins de base,Vaccination,Soins infirmiers"
Bouzerze,Souss-Massa,Tiznit,Arbaa Sahel,DR,Dispensaire Rural,Soins primaires,"Soins de base,Soins d'urgence élémentaires"
Iferda,Souss-Massa,Tiznit,Arbaa Sahel,DR,Dispensaire Rural,Soins primaires,"Soins de base,Soins d'urgence élémentaires"
Lmssaidira,Souss-Massa,Tiznit,Arbaa Sahel,DR,Dispensaire Rural,Soins primaires,"Soins de base,Soins d'urgence élémentaires"
Ilmssite,Souss-Massa,Tiznit,Arbaa Sahel,DR,Dispensaire Rural,Soins primaires,"Soins de base,Soins d'urgence élémentaires"
Lkraima,Souss-Massa,Tiznit,Arbaa Sahel,DR,Dispensaire Rural,Soins primaires,"Soins de base,Soins d'urgence élémentaires"
Ichafoudene,Souss-Massa,Tiznit,Arbaa Sahel,DR,Dispensaire Rural,Soins primaires,"Soins de base,Soins d'urgence élémentaires"
Sahel,Souss-Massa,Tiznit,Arbaa Sahel,CSR-2,Centre de Santé Rural niveau 2,Soins primaires,"Médecine générale,Soins de base,Vaccination,Soins infirmiers"
Sidi Bouabdlli,Souss-Massa,Tiznit,Sidi Bouabdelli,CSR-1,Centre de Santé Rural niveau 1,Soins primaires,"Médecine générale,Soins de base,Vaccination,Soins infirmiers"
Tagounsa,Souss-Massa,Tiznit,Bounaamane,DR,Dispensaire Rural,Soins primaires,"Soins de base,Soins d'urgence élémentaires"
Bounaamane,Souss-Massa,Tiznit,Bounaamane,CSR-2,Centre de Santé Rural niveau 2,Soins primaires,"Médecine générale,Soins de base,Vaccination,Soins infirmiers"
Ouled Noumer,Souss-Massa,Tiznit,El Maader El Kabir,DR,Dispensaire Rural,Soins primaires,"Soins de base,Soins d'urgence élémentaires"
Ait Oumribte,Souss-Massa,Tiznit,El Maader El Kabir,DR,Dispensaire Rural,Soins primaires,"Soins de base,Soins d'urgence élémentaires"
El Maader,Souss-Massa,Tiznit,El Maader El Kabir,CSR-1,Centre de Santé Rural niveau 1,Soins primaires,"Médecine générale,Soins de base,Vaccination,Soins infirmiers"
Ras Mouka,Souss-Massa,Tiznit,Arbaa Rasmouka,CSR-2,Centre de Santé Rural niveau 2,Soins primaires,"Médecine générale,Soins de base,Vaccination,Soins infirmiers"
Ait Semlalte,Souss-Massa,Tiznit,Arbaa Rasmouka,DR,Dispensaire Rural,Soins primaires,"Soins de base,Soins d'urgence élémentaires"
Assa,Guelmim-Oued Noun,Assa-zag,Assa,LSP,Laboratoire de Santé Publique,Soins primaires,Laboratoire d'analyses médicales
Zag,Guelmim-Oued Noun,Assa-zag,Zag,CSU-2,Centre de Santé Urbain niveau 2,Soins primaires,"Médecine générale,Soins de base,Vaccination,Planning familial,Consultation infirmière"
Hay Al Moustachfa,Guelmim-Oued Noun,Assa-zag,Assa,CSU-1,Centre de Santé Urbain niveau 1,Soins primaires,"Médecine générale,Soins de base,Vaccination,Planning familial,Consultation infirmière"
Aljorf,Guelmim-Oued Noun,Assa-zag,Assa,CSU-1,Centre de Santé Urbain niveau 1,Soins primaires,"Médecine générale,Soins de base,Vaccination,Planning familial,Consultation infirmière"
Hay Al filahi (Assa II),Guelmim-Oued Noun,Assa-zag,Assa,CSU-1,Centre de Santé Urbain niveau 1,Soins primaires,"Médecine générale,Soins de base,Vaccination,Planning familial,Consultation infirmière"
Tihouna,Guelmim-Oued Noun,Assa-zag,Assa,CSU-1,Centre de Santé Urbain niveau 1,Soins primaires,"Médecine générale,Soins de base,Vaccination,Planning familial,Consultation infirmière"
Touizgui,Guelmim-Oued Noun,Assa-zag,Touizgui,DR,Dispensaire Rural,Soins primaires,"Soins de base,Soins d'urgence élémentaires"
Aouint Yghomane,Guelmim-Oued Noun,Assa-zag,Aouint Yghomane,CSR-2,Centre de Santé Rural niveau 2,Soins primaires,"Médecine générale,Soins de base,Vaccination,Soins infirmiers"
Aouint Lahna,Guelmim-Oued Noun,Assa-zag,Aouint Lahna,CSR-2,Centre de Santé Rural niveau 2,Soins primaires,"Médecine générale,Soins de base,Vaccination,Soins infirmiers"
Al Mahbass,Guelmim-Oued Noun,Assa-zag,Al Mahbass,DR,Dispensaire Rural,Soins primaires,"Soins de base,Soins d'urgence élémentaires"
Labouirat,Guelmim-Oued Noun,Assa-zag,Labouirat,CSR-1,Centre de Santé Rural niveau 1,Soins primaires,"Médecine générale,Soins de base,Vaccination,Soins infirmiers"
Guelmim,Guelmim-Oued Noun,Guelmim,Guelmim,CRSR,Centre de Référence en Santé de Reproduction,Soins primaires,"Gynécologie,Santé de la reproduction,Planification familiale,Maternité"
Lagramez,Guelmim-Oued Noun,Guelmim,Guelmim,CSU-1,Centre de Santé Urbain niveau 1,Soins primaires,"Médecine générale,Soins de base,Vaccination,Planning familial,Consultation infirmière"
Guelmim,Guelmim-Oued Noun,Guelmim,Guelmim,CDTMR,Centre de Diagnostic et de Traitement des Maladies Respiratoires,Soins primaires,"Pneumologie,Maladies respiratoires,Tuberculose,CDTMR"
Tayert,Guelmim-Oued Noun,Guelmim,Guelmim,CSU-1,Centre de Santé Urbain niveau 1,Soins primaires,"Médecine générale,Soins de base,Vaccination,Planning familial,Consultation infirmière"
L'Louh,Guelmim-Oued Noun,Guelmim,Guelmim,CSU-1,Centre de Santé Urbain niveau 1,Soins primaires,"Médecine générale,Soins de base,Vaccination,Planning familial,Consultation infirmière"
Amherich,Guelmim-Oued Noun,Guelmim,Guelmim,CSU-1,Centre de Santé Urbain niveau 1,Soins primaires,"Médecine générale,Soins de base,Vaccination,Planning familial,Consultation infirmière"
Hay El Massira,Guelmim-Oued Noun,Guelmim,Guelmim,CSU-1,Centre de Santé Urbain niveau 1,Soins primaires,"Médecine générale,Soins de base,Vaccination,Planning familial,Consultation infirmière"
Hay Rjafellah (Hay Touflite),Guelmim-Oued Noun,Guelmim,Guelmim,CSU-1,Centre de Santé Urbain niveau 1,Soins primaires,"Médecine générale,Soins de base,Vaccination,Planning familial,Consultation infirmière"
Touaghil (Guelmim),Guelmim-Oued Noun,Guelmim,Guelmim,CSU-1,Centre de Santé Urbain niveau 1,Soins primaires,"Médecine générale,Soins de base,Vaccination,Planning familial,Consultation infirmière"
Bouizakarne,Guelmim-Oued Noun,Guelmim,Bouizakarne,CSU-1,Centre de Santé Urbain niveau 1,Soins primaires,"Médecine générale,Soins de base,Vaccination,Planning familial,Consultation infirmière"
Ait Boufoulne,Guelmim-Oued Noun,Guelmim,Ait Boufoulen,CSR-1,Centre de Santé Rural niveau 1,Soins primaires,"Médecine générale,Soins de base,Vaccination,Soins infirmiers"
Aday,Guelmim-Oued Noun,Guelmim,Aday,CSR-2,Centre de Santé Rural niveau 2,Soins primaires,"Médecine générale,Soins de base,Vaccination,Soins infirmiers"
Ighrem,Guelmim-Oued Noun,Guelmim,Timoulay,DR,Dispensaire Rural,Soins primaires,"Soins de base,Soins d'urgence élémentaires"
Taghjicht,Guelmim-Oued Noun,Guelmim,Taghjijt,CSR-2,Centre de Santé Rural niveau 2,Soins primaires,"Médecine générale,Soins de base,Vaccination,Soins infirmiers"
Tainzerte,Guelmim-Oued Noun,Guelmim,Taghjijt,DR,Dispensaire Rural,Soins primaires,"Soins de base,Soins d'urgence élémentaires"
Targuamait,Guelmim-Oued Noun,Guelmim,Taghjijt,DR,Dispensaire Rural,Soins primaires,"Soins de base,Soins d'urgence élémentaires"
Lalla Melouka,Guelmim-Oued Noun,Guelmim,Aday,DR,Dispensaire Rural,Soins primaires,"Soins de base,Soins d'urgence élémentaires"
Tagante,Guelmim-Oued Noun,Guelmim,Tagante,CSR-1,Centre de Santé Rural niveau 1,Soins primaires,"Médecine générale,Soins de base,Vaccination,Soins infirmiers"
Ifrane,Guelmim-Oued Noun,Guelmim,Ifrane Atlas Saghir,CSR-2,Centre de Santé Rural niveau 2,Soins primaires,"Médecine générale,Soins de base,Vaccination,Soins infirmiers"
Amsra,Guelmim-Oued Noun,Guelmim,Ifrane Atlas Saghir,DR,Dispensaire Rural,Soins primaires,"Soins de base,Soins d'urgence élémentaires"
Tankerte,Guelmim-Oued Noun,Guelmim,Ifrane Atlas Saghir,DR,Dispensaire Rural,Soins primaires,"Soins de base,Soins d'urgence élémentaires"
Idsalem,Guelmim-Oued Noun,Guelmim,Ifrane Atlas Saghir,DR,Dispensaire Rural,Soins primaires,"Soins de base,Soins d'urgence élémentaires"
Timoulay,Guelmim-Oued Noun,Guelmim,Timoulay,CSR-1,Centre de Santé Rural niveau 1,Soins primaires,"Médecine générale,Soins de base,Vaccination,Soins infirmiers"
Tislane,Guelmim-Oued Noun,Guelmim,Timoulay,DR,Dispensaire Rural,Soins primaires,"Soins de base,Soins d'urgence élémentaires"
Amtoudi,Guelmim-Oued Noun,Guelmim,Amtdi,CSR-1,Centre de Santé Rural niveau 1,Soins primaires,"Médecine générale,Soins de base,Vaccination,Soins infirmiers"
El Borj,Guelmim-Oued Noun,Guelmim,Fask,DR,Dispensaire Rural,Soins primaires,"Soins de base,Soins d'urgence élémentaires"
Tiglite,Guelmim-Oued Noun,Guelmim,Tiglit,CSR-1,Centre de Santé Rural niveau 1,Soins primaires,"Médecine générale,Soins de base,Vaccination,Soins infirmiers"
Afrket,Guelmim-Oued Noun,Guelmim,Aferkat,CSR-1,Centre de Santé Rural niveau 1,Soins primaires,"Médecine générale,Soins de base,Vaccination,Soins infirmiers"
Asrir,Guelmim-Oued Noun,Guelmim,Asrir,CSR-1,Centre de Santé Rural niveau 1,Soins primaires,"Médecine générale,Soins de base,Vaccination,Soins infirmiers"
Hassi Lgah,Guelmim-Oued Noun,Guelmim,Aferkat,DR,Dispensaire Rural,Soins primaires,"Soins de base,Soins d'urgence élémentaires"
Taidalt,Guelmim-Oued Noun,Guelmim,Fask,DR,Dispensaire Rural,Soins primaires,"Soins de base,Soins d'urgence élémentaires"
Fask,Guelmim-Oued Noun,Guelmim,Fask,CSR-2,Centre de Santé Rural niveau 2,Soins primaires,"Médecine générale,Soins de base,Vaccination,Soins infirmiers"
Tighmerte,Guelmim-Oued Noun,Guelmim,Asrir,DR,Dispensaire Rural,Soins primaires,"Soins de base,Soins d'urgence élémentaires"
Ksabi,Guelmim-Oued Noun,Guelmim,Laqsabi Tagoust,CSR-2,Centre de Santé Rural niveau 2,Soins primaires,"Médecine générale,Soins de base,Vaccination,Soins infirmiers"
Iguissel,Guelmim-Oued Noun,Guelmim,Abaynou,DR,Dispensaire Rural,Soins primaires,"Soins de base,Soins d'urgence élémentaires"
Toutline,Guelmim-Oued Noun,Guelmim,Abaynou,DR,Dispensaire Rural,Soins primaires,"Soins de base,Soins d'urgence élémentaires"
Abainou,Guelmim-Oued Noun,Guelmim,Abaynou,CSR-1,Centre de Santé Rural niveau 1,Soins primaires,"Médecine générale,Soins de base,Vaccination,Soins infirmiers"
Ras Oumlil,Guelmim-Oued Noun,Guelmim,Rass Oumlil,CSR-1,Centre de Santé Rural niveau 1,Soins primaires,"Médecine générale,Soins de base,Vaccination,Soins infirmiers"
Labiar,Guelmim-Oued Noun,Guelmim,Labyar,CSR-1,Centre de Santé Rural niveau 1,Soins primaires,"Médecine générale,Soins de base,Vaccination,Soins infirmiers"
Ain Rehma,Guelmim-Oued Noun,Guelmim,Echatea El Abied,DR,Dispensaire Rural,Soins primaires,"Soins de base,Soins d'urgence élémentaires"
Chatia Labyad,Guelmim-Oued Noun,Guelmim,Echatea El Abied,CSR-1,Centre de Santé Rural niveau 1,Soins primaires,"Médecine générale,Soins de base,Vaccination,Soins infirmiers"
Taliouine,Guelmim-Oued Noun,Guelmim,Taliouine Assaka,CSR-1,Centre de Santé Rural niveau 1,Soins primaires,"Médecine générale,Soins de base,Vaccination,Soins infirmiers"
Targa Ouassay,Guelmim-Oued Noun,Guelmim,Targa Wassay,CSR-1,Centre de Santé Rural niveau 1,Soins primaires,"Médecine générale,Soins de base,Vaccination,Soins infirmiers"
Boulaalam (sidi ifni),Guelmim-Oued Noun,Sidi Ifni,Sidi Ifni,CSU-1,Centre de Santé Urbain niveau 1,Soins primaires,"Médecine générale,Soins de base,Vaccination,Planning familial,Consultation infirmière"
Lalla Meriem,Guelmim-Oued Noun,Sidi Ifni,Sidi Ifni,CSU-1,Centre de Santé Urbain niveau 1,Soins primaires,"Médecine générale,Soins de base,Vaccination,Planning familial,Consultation infirmière"
Lakhsas,Guelmim-Oued Noun,Sidi Ifni,Lakhsas,CSU-2,Centre de Santé Urbain niveau 2,Soins primaires,"Médecine générale,Soins de base,Vaccination,Planning familial,Consultation infirmière"
Mirleft,Guelmim-Oued Noun,Sidi Ifni,Mirleft,CSU-2,Centre de Santé Urbain niveau 2,Soins primaires,"Médecine générale,Soins de base,Vaccination,Planning familial,Consultation infirmière"
Aguendou,Guelmim-Oued Noun,Sidi Ifni,Mirleft,DR,Dispensaire Rural,Soins primaires,"Soins de base,Soins d'urgence élémentaires"
Bifourna,Guelmim-Oued Noun,Sidi Ifni,Tioughza,DR,Dispensaire Rural,Soins primaires,"Soins de base,Soins d'urgence élémentaires"
Ait Iaaza,Guelmim-Oued Noun,Sidi Ifni,Tioughza,DR,Dispensaire Rural,Soins primaires,"Soins de base,Soins d'urgence élémentaires"
Anamer,Guelmim-Oued Noun,Sidi Ifni,Sbouya,DR,Dispensaire Rural,Soins primaires,"Soins de base,Soins d'urgence élémentaires"
Tanghilasst,Guelmim-Oued Noun,Sidi Ifni,Tangarfa,DR,Dispensaire Rural,Soins primaires,"Soins de base,Soins d'urgence élémentaires"
Tadynte,Guelmim-Oued Noun,Sidi Ifni,Sbouya,DR,Dispensaire Rural,Soins primaires,"Soins de base,Soins d'urgence élémentaires"
Tanghelfil,Guelmim-Oued Noun,Sidi Ifni,Imi N'Fast,DR,Dispensaire Rural,Soins primaires,"Soins de base,Soins d'urgence élémentaires"
Dfailia,Guelmim-Oued Noun,Sidi Ifni,Imi N'Fast,DR,Dispensaire Rural,Soins primaires,"Soins de base,Soins d'urgence élémentaires"
Mesti,Guelmim-Oued Noun,Sidi Ifni,Mesti,CSR-2,Centre de Santé Rural niveau 2,Soins primaires,"Médecine générale,Soins de base,Vaccination,Soins infirmiers"
Sbouya,Guelmim-Oued Noun,Sidi Ifni,Sbouya,CSR-1,Centre de Santé Rural niveau 1,Soins primaires,"Médecine générale,Soins de base,Vaccination,Soins infirmiers"
Aoudinte,Guelmim-Oued Noun,Sidi Ifni,Sbouya,DR,Dispensaire Rural,Soins primaires,"Soins de base,Soins d'urgence élémentaires"
Imi N'fast,Guelmim-Oued Noun,Sidi Ifni,Imi N'Fast,CSR-1,Centre de Santé Rural niveau 1,Soins primaires,"Médecine générale,Soins de base,Vaccination,Soins infirmiers"
Amellou,Guelmim-Oued Noun,Sidi Ifni,Tnine Amellou,CSR-1,Centre de Santé Rural niveau 1,Soins primaires,"Médecine générale,Soins de base,Vaccination,Soins infirmiers"
Allalene,Guelmim-Oued Noun,Sidi Ifni,Tnine Amellou,DR,Dispensaire Rural,Soins primaires,"Soins de base,Soins d'urgence élémentaires"
Tangarfa,Guelmim-Oued Noun,Sidi Ifni,Tangarfa,CSR-1,Centre de Santé Rural niveau 1,Soins primaires,"Médecine générale,Soins de base,Vaccination,Soins infirmiers"
Ait Abdellah,Guelmim-Oued Noun,Sidi Ifni,Arbaa Ait Abdellah,CSR-1,Centre de Santé Rural niveau 1,Soins primaires,"Médecine générale,Soins de base,Vaccination,Soins infirmiers"
Tiougza,Guelmim-Oued Noun,Sidi Ifni,Tioughza,CSR-2,Centre de Santé Rural niveau 2,Soins primaires,"Médecine générale,Soins de base,Vaccination,Soins infirmiers"
Ait Erkha,Guelmim-Oued Noun,Sidi Ifni,Ait Erkha,CSR-2,Centre de Santé Rural niveau 2,Soins primaires,"Médecine générale,Soins de base,Vaccination,Soins infirmiers"
Tifrite,Guelmim-Oued Noun,Sidi Ifni,Anfeg,DR,Dispensaire Rural,Soins primaires,"Soins de base,Soins d'urgence élémentaires"
Idouarehmane,Guelmim-Oued Noun,Sidi Ifni,Sidi AbdallahOu Belaid,DR,Dispensaire Rural,Soins primaires,"Soins de base,Soins d'urgence élémentaires"
Ibder,Guelmim-Oued Noun,Sidi Ifni,Ibdar,CSR-1,Centre de Santé Rural niveau 1,Soins primaires,"Médecine générale,Soins de base,Vaccination,Soins infirmiers"
Taghloulou,Guelmim-Oued Noun,Sidi Ifni,Ibdar,DR,Dispensaire Rural,Soins primaires,"Soins de base,Soins d'urgence élémentaires"
Inkerne,Guelmim-Oued Noun,Sidi Ifni,Ibdar,DR,Dispensaire Rural,Soins primaires,"Soins de base,Soins d'urgence élémentaires"
Anfeg,Guelmim-Oued Noun,Sidi Ifni,Anfeg,CSR-2,Centre de Santé Rural niveau 2,Soins primaires,"Médecine générale,Soins de base,Vaccination,Soins infirmiers"
Tilioua,Guelmim-Oued Noun,Sidi Ifni,Anfeg,DR,Dispensaire Rural,Soins primaires,"Soins de base,Soins d'urgence élémentaires"
Agadir Izri,Guelmim-Oued Noun,Sidi Ifni,Anfeg,DR,Dispensaire Rural,Soins primaires,"Soins de base,Soins d'urgence élémentaires"
Ait Boumrime,Guelmim-Oued Noun,Sidi Ifni,Anfeg,DR,Dispensaire Rural,Soins primaires,"Soins de base,Soins d'urgence élémentaires"
Sidi M'barek,Guelmim-Oued Noun,Sidi Ifni,Sidi M'Bark,CSR-1,Centre de Santé Rural niveau 1,Soins primaires,"Médecine générale,Soins de base,Vaccination,Soins infirmiers"
Mirghte,Guelmim-Oued Noun,Sidi Ifni,Sidi H'Saine Ou Ali,CSR-1,Centre de Santé Rural niveau 1,Soins primaires,"Médecine générale,Soins de base,Vaccination,Soins infirmiers"
Ait Moussa,Guelmim-Oued Noun,Sidi Ifni,Boutrouch,CSR-1,Centre de Santé Rural niveau 1,Soins primaires,"Médecine générale,Soins de base,Vaccination,Soins infirmiers"
Tighirt,Guelmim-Oued Noun,Sidi Ifni,Tighirt,CSR-2,Centre de Santé Rural niveau 2,Soins primaires,"Médecine générale,Soins de base,Vaccination,Soins infirmiers"
Tajjajte,Guelmim-Oued Noun,Sidi Ifni,Sebt Ennabour,CSR-2,Centre de Santé Rural niveau 2,Soins primaires,"Médecine générale,Soins de base,Vaccination,Soins infirmiers"
Ait Kermoune,Guelmim-Oued Noun,Sidi Ifni,Sebt Ennabour,DR,Dispensaire Rural,Soins primaires,"Soins de base,Soins d'urgence élémentaires"
Id Ouali,Guelmim-Oued Noun,Sidi Ifni,Sidi AbdallahOu Belaid,CSR-1,Centre de Santé Rural niveau 1,Soins primaires,"Médecine générale,Soins de base,Vaccination,Soins infirmiers"
Tankertil,Guelmim-Oued Noun,Sidi Ifni,Sebt Ennabour,DR,Dispensaire Rural,Soins primaires,"Soins de base,Soins d'urgence élémentaires"
Ain Errahma,Guelmim-Oued Noun,Tan Tan,Tan Tan,CSU-1,Centre de Santé Urbain niveau 1,Soins primaires,"Médecine générale,Soins de base,Vaccination,Planning familial,Consultation infirmière"
20 Aout,Guelmim-Oued Noun,Tan Tan,Tan Tan,CSU-1,Centre de Santé Urbain niveau 1,Soins primaires,"Médecine générale,Soins de base,Vaccination,Planning familial,Consultation infirmière"
Tan-Tan Plage,Guelmim-Oued Noun,Tan Tan,El Ouatia,CSU-2,Centre de Santé Urbain niveau 2,Soins primaires,"Médecine générale,Soins de base,Vaccination,Planning familial,Consultation infirmière"
Hay Al Jadid (Bir anzarane),Guelmim-Oued Noun,Tan Tan,Tan Tan,CSU-1,Centre de Santé Urbain niveau 1,Soins primaires,"Médecine générale,Soins de base,Vaccination,Planning familial,Consultation infirmière"
Q.Administratif,Guelmim-Oued Noun,Tan Tan,Tan Tan,CSU-1,Centre de Santé Urbain niveau 1,Soins primaires,"Médecine générale,Soins de base,Vaccination,Planning familial,Consultation infirmière"
Msied,Guelmim-Oued Noun,Tan Tan,Msied,CSR-1,Centre de Santé Rural niveau 1,Soins primaires,"Médecine générale,Soins de base,Vaccination,Soins infirmiers"
Tilemzoun,Guelmim-Oued Noun,Tan Tan,Tilemzoun,CSR-1,Centre de Santé Rural niveau 1,Soins primaires,"Médecine générale,Soins de base,Vaccination,Soins infirmiers"
Chbika,Guelmim-Oued Noun,Tan Tan,Chbika,CSR-1,Centre de Santé Rural niveau 1,Soins primaires,"Médecine générale,Soins de base,Vaccination,Soins infirmiers"
Abteh,Guelmim-Oued Noun,Tan Tan,Abteh,CSR-1,Centre de Santé Rural niveau 1,Soins primaires,"Médecine générale,Soins de base,Vaccination,Soins infirmiers"
Ben Khlil,Guelmim-Oued Noun,Tan Tan,Ben Khlil,CSR-1,Centre de Santé Rural niveau 1,Soins primaires,"Médecine générale,Soins de base,Vaccination,Soins infirmiers"
Al Khair,Laayoune-Sakia El Hamra,Boujdour,Boujdour,CSU-1,Centre de Santé Urbain niveau 1,Soins primaires,"Médecine générale,Soins de base,Vaccination,Planning familial,Consultation infirmière"
C.Diagnostique et traitement MR,Laayoune-Sakia El Hamra,Boujdour,Boujdour,CDTMR,Centre de Diagnostic et de Traitement des Maladies Respiratoires,Soins primaires,"Pneumologie,Maladies respiratoires,Tuberculose,CDTMR"
Attanmia,Laayoune-Sakia El Hamra,Boujdour,Boujdour,CSU-1,Centre de Santé Urbain niveau 1,Soins primaires,"Médecine générale,Soins de base,Vaccination,Planning familial,Consultation infirmière"
Al Aoudah,Laayoune-Sakia El Hamra,Boujdour,Boujdour,CSU-1,Centre de Santé Urbain niveau 1,Soins primaires,"Médecine générale,Soins de base,Vaccination,Planning familial,Consultation infirmière"
Al Moujahid Med B.Abdellah,Laayoune-Sakia El Hamra,Boujdour,Boujdour,CSU-1,Centre de Santé Urbain niveau 1,Soins primaires,"Médecine générale,Soins de base,Vaccination,Planning familial,Consultation infirmière"
Sidi El Ghazi,Laayoune-Sakia El Hamra,Boujdour,Lamssid,DR,Dispensaire Rural,Soins primaires,"Soins de base,Soins d'urgence élémentaires"
Jraifia,Laayoune-Sakia El Hamra,Boujdour,Jraifia,CSR-2,Centre de Santé Rural niveau 2,Soins primaires,"Médecine générale,Soins de base,Vaccination,Soins infirmiers"
Gueltat Zemmour,Laayoune-Sakia El Hamra,Boujdour,Gueltat Zemmour,DR,Dispensaire Rural,Soins primaires,"Soins de base,Soins d'urgence élémentaires"
AFTISSAT,Laayoune-Sakia El Hamra,Boujdour,Jraifia,DR,Dispensaire Rural,Soins primaires,"Soins de base,Soins d'urgence élémentaires"
Lakraa,Laayoune-Sakia El Hamra,Boujdour,Jraifia,DR,Dispensaire Rural,Soins primaires,"Soins de base,Soins d'urgence élémentaires"
Lamssid,Laayoune-Sakia El Hamra,Boujdour,Lamssid,DR,Dispensaire Rural,Soins primaires,"Soins de base,Soins d'urgence élémentaires"
El Wahda,Laayoune-Sakia El Hamra,Es Semara,Es-semara,CSU-1,Centre de Santé Urbain niveau 1,Soins primaires,"Médecine générale,Soins de base,Vaccination,Planning familial,Consultation infirmière"
Rbieb,Laayoune-Sakia El Hamra,Es Semara,Es-semara,CSU-1,Centre de Santé Urbain niveau 1,Soins primaires,"Médecine générale,Soins de base,Vaccination,Planning familial,Consultation infirmière"
Leguiz,Laayoune-Sakia El Hamra,Es Semara,Es-semara,CSU-1,Centre de Santé Urbain niveau 1,Soins primaires,"Médecine générale,Soins de base,Vaccination,Planning familial,Consultation infirmière"
Es-Semara I,Laayoune-Sakia El Hamra,Es Semara,Es-semara,CSU-1,Centre de Santé Urbain niveau 1,Soins primaires,"Médecine générale,Soins de base,Vaccination,Planning familial,Consultation infirmière"
Hay Salam,Laayoune-Sakia El Hamra,Es Semara,Es-semara,CSU-1,Centre de Santé Urbain niveau 1,Soins primaires,"Médecine générale,Soins de base,Vaccination,Planning familial,Consultation infirmière"
Sidi Khattari (Amgala),Laayoune-Sakia El Hamra,Es Semara,Amgala,CSR-1,Centre de Santé Rural niveau 1,Soins primaires,"Médecine générale,Soins de base,Vaccination,Soins infirmiers"
S.Ahmed Laaroussi,Laayoune-Sakia El Hamra,Es Semara,Sidi Ahmed Laaroussi,CSR-1,Centre de Santé Rural niveau 1,Soins primaires,"Médecine générale,Soins de base,Vaccination,Soins infirmiers"
Oued Sakia Lhamra,Laayoune-Sakia El Hamra,Es Semara,Sidi Ahmed Laaroussi,DR,Dispensaire Rural,Soins primaires,"Soins de base,Soins d'urgence élémentaires"
Haouza,Laayoune-Sakia El Hamra,Es Semara,Haouza,CSR-1,Centre de Santé Rural niveau 1,Soins primaires,"Médecine générale,Soins de base,Vaccination,Soins infirmiers"
Slim B.Bachir B.Ammar,Laayoune-Sakia El Hamra,Laayoune,Laayoune,CSU-1,Centre de Santé Urbain niveau 1,Soins primaires,"Médecine générale,Soins de base,Vaccination,Planning familial,Consultation infirmière"
Madina Al Jdida Al Wifaq,Laayoune-Sakia El Hamra,Laayoune,Laayoune,CSU-1,Centre de Santé Urbain niveau 1,Soins primaires,"Médecine générale,Soins de base,Vaccination,Planning familial,Consultation infirmière"
25-Mar,Laayoune-Sakia El Hamra,Laayoune,Laayoune,CSU-1,Centre de Santé Urbain niveau 1,Soins primaires,"Médecine générale,Soins de base,Vaccination,Planning familial,Consultation infirmière"
Attaawoun,Laayoune-Sakia El Hamra,Laayoune,Laayoune,CSU-1,Centre de Santé Urbain niveau 1,Soins primaires,"Médecine générale,Soins de base,Vaccination,Planning familial,Consultation infirmière"
Laayoune,Laayoune-Sakia El Hamra,Laayoune,Laayoune,CRSR,Centre de Référence en Santé de Reproduction,Soins primaires,"Gynécologie,Santé de la reproduction,Planification familiale,Maternité"
Laayoune,Laayoune-Sakia El Hamra,Laayoune,Laayoune,LSP,Laboratoire de Santé Publique,Soins primaires,Laboratoire d'analyses médicales
Al Massira,Laayoune-Sakia El Hamra,Laayoune,Laayoune,CSU-1,Centre de Santé Urbain niveau 1,Soins primaires,"Médecine générale,Soins de base,Vaccination,Planning familial,Consultation infirmière"
CDTMR Laayoune,Laayoune-Sakia El Hamra,Laayoune,Laayoune,CDTMR,Centre de Diagnostic et de Traitement des Maladies Respiratoires,Soins primaires,"Pneumologie,Maladies respiratoires,Tuberculose,CDTMR"
Med Salem S.Boukhari,Laayoune-Sakia El Hamra,Laayoune,Laayoune,CSU-1,Centre de Santé Urbain niveau 1,Soins primaires,"Médecine générale,Soins de base,Vaccination,Planning familial,Consultation infirmière"
20 Aout,Laayoune-Sakia El Hamra,Laayoune,Laayoune,CSU-1,Centre de Santé Urbain niveau 1,Soins primaires,"Médecine générale,Soins de base,Vaccination,Planning familial,Consultation infirmière"
Al Marsa,Laayoune-Sakia El Hamra,Laayoune,El Marsa,CSU-2,Centre de Santé Urbain niveau 2,Soins primaires,"Médecine générale,Soins de base,Vaccination,Planning familial,Consultation infirmière"
Al Wahda II,Laayoune-Sakia El Hamra,Laayoune,Laayoune,CSU-1,Centre de Santé Urbain niveau 1,Soins primaires,"Médecine générale,Soins de base,Vaccination,Planning familial,Consultation infirmière"
Douirate,Laayoune-Sakia El Hamra,Laayoune,Laayoune,CSU-1,Centre de Santé Urbain niveau 1,Soins primaires,"Médecine générale,Soins de base,Vaccination,Planning familial,Consultation infirmière"
Al Aouda,Laayoune-Sakia El Hamra,Laayoune,Laayoune,CSU-1,Centre de Santé Urbain niveau 1,Soins primaires,"Médecine générale,Soins de base,Vaccination,Planning familial,Consultation infirmière"
Al wifak,Laayoune-Sakia El Hamra,Laayoune,Laayoune,CSU-1,Centre de Santé Urbain niveau 1,Soins primaires,"Médecine générale,Soins de base,Vaccination,Planning familial,Consultation infirmière"
Al Qods,Laayoune-Sakia El Hamra,Laayoune,Laayoune,CSU-1,Centre de Santé Urbain niveau 1,Soins primaires,"Médecine générale,Soins de base,Vaccination,Planning familial,Consultation infirmière"
Dayat,Laayoune-Sakia El Hamra,Laayoune,Foum El Oued,DR,Dispensaire Rural,Soins primaires,"Soins de base,Soins d'urgence élémentaires"
Village,Laayoune-Sakia El Hamra,Laayoune,Foum El Oued,CSR-1,Centre de Santé Rural niveau 1,Soins primaires,"Médecine générale,Soins de base,Vaccination,Soins infirmiers"
Dcheira,Laayoune-Sakia El Hamra,Laayoune,Dcheira,DR,Dispensaire Rural,Soins primaires,"Soins de base,Soins d'urgence élémentaires"
Boukraa,Laayoune-Sakia El Hamra,Laayoune,Boukraa,DR,Dispensaire Rural,Soins primaires,"Soins de base,Soins d'urgence élémentaires"
TAROUMA,Laayoune-Sakia El Hamra,Laayoune,Foum El Oued,DR,Dispensaire Rural,Soins primaires,"Soins de base,Soins d'urgence élémentaires"
Tarfaya,Laayoune-Sakia El Hamra,Tarfaya,Tarfaya,CSU-2,Centre de Santé Urbain niveau 2,Soins primaires,"Médecine générale,Soins de base,Vaccination,Planning familial,Consultation infirmière"
Tarfaya 2,Laayoune-Sakia El Hamra,Tarfaya,Tarfaya,CSU-1,Centre de Santé Urbain niveau 1,Soins primaires,"Médecine générale,Soins de base,Vaccination,Planning familial,Consultation infirmière"
Daoura,Laayoune-Sakia El Hamra,Tarfaya,Daoura,DR,Dispensaire Rural,Soins primaires,"Soins de base,Soins d'urgence élémentaires"
El Hagounia,Laayoune-Sakia El Hamra,Tarfaya,El Hagounia,CSR-1,Centre de Santé Rural niveau 1,Soins primaires,"Médecine générale,Soins de base,Vaccination,Soins infirmiers"
AMGRIOW,Laayoune-Sakia El Hamra,Tarfaya,Tah,DR,Dispensaire Rural,Soins primaires,"Soins de base,Soins d'urgence élémentaires"
Tah,Laayoune-Sakia El Hamra,Tarfaya,Tah,CSR-1,Centre de Santé Rural niveau 1,Soins primaires,"Médecine générale,Soins de base,Vaccination,Soins infirmiers"
Akhfennir,Laayoune-Sakia El Hamra,Tarfaya,Akhfennir,CSR-1,Centre de Santé Rural niveau 1,Soins primaires,"Médecine générale,Soins de base,Vaccination,Soins infirmiers"
Aousserd,Eddakhla-Oued Eddahab,Aousserd,Aousserd,CSR-2,Centre de Santé Rural niveau 2,Soins primaires,"Médecine générale,Soins de base,Vaccination,Soins infirmiers"
Guergarat,Eddakhla-Oued Eddahab,Aousserd,Bir Gandouz,DR,Dispensaire Rural,Soins primaires,"Soins de base,Soins d'urgence élémentaires"
Mhiriz (Rock Chiko),Eddakhla-Oued Eddahab,Aousserd,Bir Gandouz,DR,Dispensaire Rural,Soins primaires,"Soins de base,Soins d'urgence élémentaires"
Bir Gandouz,Eddakhla-Oued Eddahab,Aousserd,Bir Gandouz,CSR-2,Centre de Santé Rural niveau 2,Soins primaires,"Médecine générale,Soins de base,Vaccination,Soins infirmiers"
Lassargua,Eddakhla-Oued Eddahab,Oued Ed-Dahab,Dakhla,CSU-1,Centre de Santé Urbain niveau 1,Soins primaires,"Médecine générale,Soins de base,Vaccination,Planning familial,Consultation infirmière"
Al Massira,Eddakhla-Oued Eddahab,Oued Ed-Dahab,Dakhla,CSU-1,Centre de Santé Urbain niveau 1,Soins primaires,"Médecine générale,Soins de base,Vaccination,Planning familial,Consultation infirmière"
Al Wahda,Eddakhla-Oued Eddahab,Oued Ed-Dahab,Dakhla,CSU-1,Centre de Santé Urbain niveau 1,Soins primaires,"Médecine générale,Soins de base,Vaccination,Planning familial,Consultation infirmière"
Moulay R'chid,Eddakhla-Oued Eddahab,Oued Ed-Dahab,Dakhla,CSU-1,Centre de Santé Urbain niveau 1,Soins primaires,"Médecine générale,Soins de base,Vaccination,Planning familial,Consultation infirmière"
Bir Anzarane,Eddakhla-Oued Eddahab,Oued Ed-Dahab,Dakhla,CSU-2,Centre de Santé Urbain niveau 2,Soins primaires,"Médecine générale,Soins de base,Vaccination,Planning familial,Consultation infirmière"
CRSR Dakhla,Eddakhla-Oued Eddahab,Oued Ed-Dahab,Dakhla,CRSR,Centre de Référence en Santé de Reproduction,Soins primaires,"Gynécologie,Santé de la reproduction,Planification familiale,Maternité"
Assalam,Eddakhla-Oued Eddahab,Oued Ed-Dahab,Dakhla,CSU-2,Centre de Santé Urbain niveau 2,Soins primaires,"Médecine générale,Soins de base,Vaccination,Planning familial,Consultation infirmière"
Labo.Epidémiologique,Eddakhla-Oued Eddahab,Oued Ed-Dahab,Dakhla,LSP,Laboratoire de Santé Publique,Soins primaires,Laboratoire d'analyses médicales
Al Ouala,Eddakhla-Oued Eddahab,Oued Ed-Dahab,Dakhla,CDTMR,Centre de Diagnostic et de Traitement des Maladies Respiratoires,Soins primaires,"Pneumologie,Maladies respiratoires,Tuberculose,CDTMR"
Imoutlane,Eddakhla-Oued Eddahab,Oued Ed-Dahab,Bir Anzarane,DR,Dispensaire Rural,Soins primaires,"Soins de base,Soins d'urgence élémentaires"
Bir Anzarane,Eddakhla-Oued Eddahab,Oued Ed-Dahab,Bir Anzarane,CSR-2,Centre de Santé Rural niveau 2,Soins primaires,"Médecine générale,Soins de base,Vaccination,Soins infirmiers"
Tawarta,Eddakhla-Oued Eddahab,Oued Ed-Dahab,El Argoub,DR,Dispensaire Rural,Soins primaires,"Soins de base,Soins d'urgence élémentaires"
Labouirda (Tchika),Eddakhla-Oued Eddahab,Oued Ed-Dahab,Imlili,DR,Dispensaire Rural,Soins primaires,"Soins de base,Soins d'urgence élémentaires"
Ntireft (Aarich),Eddakhla-Oued Eddahab,Oued Ed-Dahab,El Argoub,DR,Dispensaire Rural,Soins primaires,"Soins de base,Soins d'urgence élémentaires"
El Argoub,Eddakhla-Oued Eddahab,Oued Ed-Dahab,El Argoub,CSR-2,Centre de Santé Rural niveau 2,Soins primaires,"Médecine générale,Soins de base,Vaccination,Soins infirmiers"
